Tribunal;Grau;UF;Municipio;Nome_Orgao;Ano;Mes;Processo;Codigo_da_Ultima_classe;Nome_da_Ultima_classe;Codigos_classes;Codigos_assuntos;Data_de_ajuizamento;Data_de_inicio;Data_do_primeiro_julgamento;Data_do_julgamento:_Situacao:_Movimento;Data_da_decisao:_Situacao:_Movimento;Data_da_ultima_movimentacao;Inicio_da_ultima_conclusao;Tipo_de_conclusao;Dias_de_antiguidade;Formato;id_procedimento;Procedimento;Recurso_Originario;Recurso;Codigo_Orgao;id_municipio;Polo_ativo;Polo_ativo_-_CNPJ;Polo_ativo_-_Natureza_juridica;Polo_ativo_-_CNAE;Polo_passivo;Polo_passivo_-_CNPJ;Polo_passivo_-_Natureza_juridica;Polo_passivo_-_CNAE;Poder_publico;Materias;Data_da_ultima_suspensao;data_total_pendente;data_total_pendente_liquido;Liquido;Tempo_total_pendente_liquido;Mais_15_anos;Suspenso_mais_6_anos
TRF1;G1;BA;SALVADOR;24ª SALVADOR;2026;07;0010762-07.2000.4.01.3300;1116;EXECUÇÃO FISCAL;{1116};{6046};2000-05-12;2000-05-12;2026-08-17;{20260817:27:471};{20010130:46:898,20131206:46:0,20131206:46:270};2026-08-17;"";"";9576;Eletrônico;3;Execução fiscal;Originário;0;18458;4278;{CONSELHO REGIONAL DOS REPRESENTANTES COMERCIAIS NO ESTADO DA BAHIA};{15176951000193};{AUTARQUIA FEDERAL};{ATIVIDADES DE FISCALIZACAO PROFISSIONAL};{MARCELO MOREIRA REPRESENTACOES LTDA};{34117408000160};{SOCIEDADE EMPRESARIA LIMITADA};{ND};Poder_Publico-Polo_Ativo;{};2013-12-06;{20000512:20131205,20131206:0};{20000512:20010129,20260616:0};S;307;S;""
TRF1;G1;BA;SALVADOR;24ª SALVADOR;2026;07;0014654-50.2002.4.01.3300;1116;EXECUÇÃO FISCAL;{1116};{6046};2002-07-04;2002-07-05;2026-08-17;{20260817:27:471};{20021105:17:12444,20021203:46:898,20041014:46:898,20131206:46:0,20131206:46:898};2026-08-17;"";"";8793;Eletrônico;3;Execução fiscal;Originário;0;18458;4278;{CONSELHO REGIONAL DOS REPRESENTANTES COMERCIAIS NO ESTADO DA BAHIA};{15176951000193};{AUTARQUIA FEDERAL};{ATIVIDADES DE FISCALIZACAO PROFISSIONAL};"";"";"";"";Poder_Publico-Polo_Ativo;{};2013-12-06;{20020705:20131205,20131206:0};{20020705:20021202,20260612:0};S;199;S;""
TRF1;G1;BA;SALVADOR;20ª SALVADOR;2026;07;0001266-09.2004.4.01.3301;1116;EXECUÇÃO FISCAL;{1116};{10395};2004-07-07;2004-07-20;"";{};{20131122:46:898,20240508:17:788,20241109:46:0};2026-03-10;"";"";8059;Eletrônico;3;Execução fiscal;Originário;0;17618;4278;{CONSELHO REGIONAL DOS REPRESENTANTES COMERCIAIS NO ESTADO DA BAHIA};{15176951000193};{AUTARQUIA FEDERAL};{ATIVIDADES DE FISCALIZACAO PROFISSIONAL};{SOUTH BAHIA SERVICOS MARITIMOS E REPRESENTACOES LTDA};{CNPJ INVALIDO};{ND};{ND};Poder_Publico-Polo_Ativo;{};2024-11-09;{20040720:20241108,20241109:0};{20040720:20080120};N;1279;S;N
TRF1;G1;BA;SALVADOR;24ª SALVADOR;2026;07;0020416-59.2007.4.01.3304;1116;EXECUÇÃO FISCAL;{1116};{6046};2007-12-03;2007-12-17;2012-09-05;{20120905:28:454,20260731:27:471};{20101122:17:12444,20130201:17:12164,20130805:17:12164,20150506:46:898,20230630:46:0};2026-07-31;"";Em secretaria;6815;Eletrônico;3;Execução fiscal;Originário;0;18458;4278;{CONSELHO REGIONAL DOS REPRESENTANTES COMERCIAIS NO ESTADO DA BAHIA};{15176951000193};{AUTARQUIA FEDERAL};{ATIVIDADES DE FISCALIZACAO PROFISSIONAL};"";"";"";"";Poder_Publico-Polo_Ativo;{};2023-06-30;{20071217:20110718,20110719:20130218,20130805:20190415,20190416:20190428,20190429:20230629,20230630:0};{20071217:20110718,20110719:20130218,20130805:20150505,20260616:0};S;2572;S;""
TRF1;G1;BA;SALVADOR;18ª SALVADOR;2026;07;0020447-79.2007.4.01.3304;1116;EXECUÇÃO FISCAL;{1116};{6046};2007-12-03;2007-12-19;2012-08-28;{20120828:28:454};{20091022:17:12164,20130507:17:12164,20130805:17:12164,20140711:17:12444,20150506:46:898,20230630:46:0,20240819:17:12164,20240821:46:898};2024-10-24;"";"";6815;Eletrônico;3;Execução fiscal;Originário;0;17615;4278;{CONSELHO REGIONAL DOS REPRESENTANTES COMERCIAIS NO ESTADO DA BAHIA};{15176951000193};{AUTARQUIA FEDERAL};{ATIVIDADES DE FISCALIZACAO PROFISSIONAL};"";"";"";"";Poder_Publico-Polo_Ativo;{};2024-08-21;{20071219:20110718,20110719:20130506,20130730:20190415,20190416:20190423,20190424:20230629,20230630:0};{20071219:20110718,20110719:20130506,20130730:20150505};N;2608;S;N
TRF1;G1;BA;SALVADOR;24ª SALVADOR;2026;07;0019605-02.2007.4.01.3304;1116;EXECUÇÃO FISCAL;{1116};{6046};2007-10-05;2007-10-19;2012-08-31;{20120831:28:454,20260731:27:471};{20120514:17:12444,20130508:17:12164,20131001:17:12164,20170529:17:12164,20180727:46:898,20180727:17:12164,20230630:46:0};2026-07-31;"";Em secretaria;6874;Eletrônico;3;Execução fiscal;Originário;0;18458;4278;{CONSELHO REGIONAL DOS REPRESENTANTES COMERCIAIS NO ESTADO DA BAHIA};{15176951000193};{AUTARQUIA FEDERAL};{ATIVIDADES DE FISCALIZACAO PROFISSIONAL};"";"";"";"";Poder_Publico-Polo_Ativo;{};2023-06-30;{20071019:20110718,20110719:20130507,20130807:20230629,20230630:0};{20071019:20110718,20110719:20130507,20130807:20180726,20260616:0};S;3885;S;""
TRF1;G1;BA;SALVADOR;24ª SALVADOR;2026;07;0019601-62.2007.4.01.3304;1116;EXECUÇÃO FISCAL;{1116};{6046};2007-10-05;2007-10-19;2012-08-29;{20120829:28:454,20260804:27:471};{20130508:17:12164,20150506:46:898,20230630:46:0};2026-08-04;"";"";6874;Eletrônico;3;Execução fiscal;Originário;0;18458;4278;{CONSELHO REGIONAL DOS REPRESENTANTES COMERCIAIS NO ESTADO DA BAHIA};{15176951000193};{AUTARQUIA FEDERAL};{ATIVIDADES DE FISCALIZACAO PROFISSIONAL};"";"";"";"";Poder_Publico-Polo_Ativo;{};2023-06-30;{20071019:20110718,20110719:20130507,20141103:20190415,20190416:20190423,20190424:20230629,20230630:0};{20071019:20110718,20110719:20130507,20141103:20150505,20260616:0};S;2254;S;""
TRF1;G1;BA;SALVADOR;18ª SALVADOR;2026;07;0019612-91.2007.4.01.3304;1116;EXECUÇÃO FISCAL;{1116};{6046};2007-10-05;2007-10-22;2012-08-31;{20120831:28:454};{20090601:17:12164,20100604:17:12164,20130201:17:12164,20130805:17:12164,20150430:46:898,20230630:46:0,20240819:17:12164,20240821:46:898};2024-10-24;"";"";6874;Eletrônico;3;Execução fiscal;Originário;0;17615;4278;{CONSELHO REGIONAL DOS REPRESENTANTES COMERCIAIS NO ESTADO DA BAHIA};{15176951000193};{AUTARQUIA FEDERAL};{ATIVIDADES DE FISCALIZACAO PROFISSIONAL};"";"";"";"";Poder_Publico-Polo_Ativo;{};2024-08-21;{20071022:20110718,20110719:20130219,20130805:20190415,20190416:20190423,20190424:20230629,20230630:0};{20071022:20110718,20110719:20130219,20130805:20150429};N;2578;S;N
TRF1;G1;BA;SALVADOR;18ª SALVADOR;2026;07;0019640-59.2007.4.01.3304;1116;EXECUÇÃO FISCAL;{1116};{6046};2007-10-08;2007-10-22;2012-08-31;{20120831:28:454};{20080822:17:12164,20080905:46:898,20101122:17:12444,20110719:46:0,20130805:17:12164,20181008:17:12164,20240701:17:12164,20240701:46:898};2024-08-23;"";"";6871;Eletrônico;3;Execução fiscal;Originário;0;17615;4278;{CONSELHO REGIONAL DOS REPRESENTANTES COMERCIAIS NO ESTADO DA BAHIA};{15176951000193};{AUTARQUIA FEDERAL};{ATIVIDADES DE FISCALIZACAO PROFISSIONAL};"";"";"";"";Poder_Publico-Polo_Ativo;{};2024-07-01;{20071022:20110718,20110719:20130408,20130730:20190415,20190416:20190428,20190429:20230629,20230630:0};{20071022:20080904,20120831:20130408,20130730:20190415,20190416:20190428,20190429:20230629,20230630:20240630};N;4523;S;N
TRF1;G1;BA;SALVADOR;24ª SALVADOR;2026;07;0019635-37.2007.4.01.3304;1116;EXECUÇÃO FISCAL;{1116};{6046};2007-10-08;2007-10-22;2012-08-30;{20120830:28:454};{20130508:17:12164,20170809:17:12164};2026-07-31;"";"";6871;Eletrônico;3;Execução fiscal;Originário;0;18458;4278;{CONSELHO REGIONAL DOS REPRESENTANTES COMERCIAIS NO ESTADO DA BAHIA};{15176951000193};{AUTARQUIA FEDERAL};{ATIVIDADES DE FISCALIZACAO PROFISSIONAL};"";"";"";"";Poder_Publico-Polo_Ativo;{};"";{20071022:20110718,20110719:20130507,20130807:20190415,20190416:20190423,20190424:20230629,20230630:0};{20071022:20110718,20110719:20130507,20130807:20190415,20190416:20190423,20190424:20230629,20230630:0};S;6761;S;""
TRF1;G1;BA;SALVADOR;24ª SALVADOR;2026;07;0019643-14.2007.4.01.3304;1116;EXECUÇÃO FISCAL;{1116};{6046};2007-10-08;2007-10-22;2012-08-30;{20120830:28:454,20260804:27:471};{20130508:17:12164,20130813:17:12164,20150506:46:898,20230630:46:0};2026-08-04;"";"";6871;Eletrônico;3;Execução fiscal;Originário;0;18458;4278;{CONSELHO REGIONAL DOS REPRESENTANTES COMERCIAIS NO ESTADO DA BAHIA};{15176951000193};{AUTARQUIA FEDERAL};{ATIVIDADES DE FISCALIZACAO PROFISSIONAL};"";"";"";"";Poder_Publico-Polo_Ativo;{};2023-06-30;{20071022:20110718,20110719:20130507,20130807:20190415,20190416:20190428,20190429:20230629,20230630:0};{20071022:20110718,20110719:20130507,20130807:20150505,20260616:0};S;2704;S;""
TRF1;G1;BA;SALVADOR;20ª SALVADOR;2026;07;0019672-64.2007.4.01.3304;1116;EXECUÇÃO FISCAL;{1116};{6046};2007-10-08;2007-10-24;2012-08-31;{20120831:28:454};{20130805:17:12164,20150506:46:898,20230630:46:0,20240822:17:12164,20251003:17:12164};2026-08-07;"";"";6871;Eletrônico;3;Execução fiscal;Originário;0;17618;4278;{CONSELHO REGIONAL DOS REPRESENTANTES COMERCIAIS NO ESTADO DA BAHIA};{15176951000193};{AUTARQUIA FEDERAL};{ATIVIDADES DE FISCALIZACAO PROFISSIONAL};"";"";"";"";Poder_Publico-Polo_Ativo;{};2023-06-30;{20071024:20110718,20110719:20130218,20130805:20190415,20190416:20190423,20190424:20230629,20230630:0};{20071024:20110718,20110719:20130218,20130805:20150505};N;2581;S;N
TRF1;G1;BA;SALVADOR;8ª SALVADOR;2026;07;0020052-87.2007.4.01.3304;1116;EXECUÇÃO FISCAL;{1116};{6046};2007-11-08;2007-11-23;2012-09-05;{20120905:28:454,20230721:27:196};{20090929:17:12164,20111116:17:11382,20120901:17:12444,20130201:17:12164,20130805:17:12164,20170724:46:898,20230417:46:0};2024-08-02;"";Em secretaria;6840;Eletrônico;3;Execução fiscal;Originário;0;16301;4278;{CONSELHO REGIONAL DOS REPRESENTANTES COMERCIAIS NO ESTADO DA BAHIA};{15176951000193};{AUTARQUIA FEDERAL};{ATIVIDADES DE FISCALIZACAO PROFISSIONAL};"";"";"";"";Poder_Publico-Polo_Ativo;{};2023-04-17;{20071123:20110718,20110719:20130219,20130805:20230416,20230417:20230824,20231116:0};{20071123:20110718,20110719:20130219,20130805:20170723,20230721:20230824,20231116:0};S;4384;S;""
TRF1;G1;BA;SALVADOR;8ª SALVADOR;2026;07;0020010-38.2007.4.01.3304;1116;EXECUÇÃO FISCAL;{1116};{6046};2007-11-08;2007-11-12;2012-09-05;{20120905:28:454,20251002:27:196};{20090929:17:12164,20111116:17:11382,20120901:17:12444,20130201:17:12164,20130805:17:12164,20150430:46:898,20230630:46:0};2026-03-17;"";Em secretaria;6840;Eletrônico;3;Execução fiscal;Originário;0;16301;4278;{CONSELHO REGIONAL DOS REPRESENTANTES COMERCIAIS NO ESTADO DA BAHIA};{15176951000193};{AUTARQUIA FEDERAL};{ATIVIDADES DE FISCALIZACAO PROFISSIONAL};"";"";"";"";Poder_Publico-Polo_Ativo;{};2023-06-30;{20071112:20110718,20110719:20130219,20130805:20190415,20190416:20190423,20190424:20230629,20230630:0};{20071112:20110718,20110719:20130219,20130805:20150429,20251002:0};S;2859;S;""
TRF1;G1;BA;SALVADOR;8ª SALVADOR;2026;07;0020043-28.2007.4.01.3304;1116;EXECUÇÃO FISCAL;{1116};{6046};2007-11-08;2007-11-12;2012-08-31;{20120831:28:454,20250818:27:471};{20090622:17:12164,20111116:17:11382,20120801:17:12444,20130508:17:12164,20140602:17:12444,20140602:17:12444,20140602:17:12164,20150506:46:898,20230630:46:0};2026-08-14;"";"";6840;Eletrônico;3;Execução fiscal;Originário;0;16301;4278;{CONSELHO REGIONAL DOS REPRESENTANTES COMERCIAIS NO ESTADO DA BAHIA};{15176951000193};{AUTARQUIA FEDERAL};{ATIVIDADES DE FISCALIZACAO PROFISSIONAL};"";"";"";"";Poder_Publico-Polo_Ativo;{};2023-06-30;{20071112:20110718,20110719:20130507,20131011:20190415,20190416:20190423,20190424:20230629,20230630:0};{20071112:20110718,20110719:20130507,20131011:20150505,20250818:0};S;2920;S;""
TRF1;G1;BA;SALVADOR;20ª SALVADOR;2026;07;0020054-57.2007.4.01.3304;1116;EXECUÇÃO FISCAL;{1116};{6046};2007-11-08;2007-11-23;2012-08-30;{20120830:28:454};{20130201:17:12164,20130805:17:12164,20150506:46:898,20230630:46:0,20241028:17:12164,20260309:17:12164};2026-03-10;"";"";6840;Eletrônico;3;Execução fiscal;Originário;0;17618;4278;{CONSELHO REGIONAL DOS REPRESENTANTES COMERCIAIS NO ESTADO DA BAHIA};{15176951000193};{AUTARQUIA FEDERAL};{ATIVIDADES DE FISCALIZACAO PROFISSIONAL};"";"";"";"";Poder_Publico-Polo_Ativo;{};2023-06-30;{20071123:20110718,20110719:20130218,20130805:20190415,20190416:20190423,20190424:20230629,20230630:0};{20071123:20110718,20110719:20130218,20130805:20150505};N;2551;S;N
TRF1;G1;BA;SALVADOR;18ª SALVADOR;2026;07;0020045-95.2007.4.01.3304;1116;EXECUÇÃO FISCAL;{1116};{6046};2007-11-08;2007-11-12;2012-08-30;{20120830:28:454};{20090622:17:12164,20111116:17:11382,20130508:17:12164,20131001:17:12164,20150506:46:898,20230630:46:0,20240819:17:12164,20240821:46:898};2024-10-24;"";"";6840;Eletrônico;3;Execução fiscal;Originário;0;17615;4278;{CONSELHO REGIONAL DOS REPRESENTANTES COMERCIAIS NO ESTADO DA BAHIA};{15176951000193};{AUTARQUIA FEDERAL};{ATIVIDADES DE FISCALIZACAO PROFISSIONAL};"";"";"";"";Poder_Publico-Polo_Ativo;{};2024-08-21;{20071112:20110718,20110719:20130507,20130807:20190415,20190416:20190423,20190424:20230629,20230630:0};{20071112:20110718,20110719:20130507,20130807:20150505};N;2638;S;N
TRF1;G1;BA;SALVADOR;24ª SALVADOR;2026;07;0020055-42.2007.4.01.3304;1116;EXECUÇÃO FISCAL;{1116};{6046};2007-11-08;2007-11-23;2012-08-28;{20120828:28:454,20260731:27:471};{20090601:17:12164,20130508:17:12164,20131003:17:12164,20140502:17:12164,20140502:17:12164,20140711:17:12444,20150506:46:898,20230630:46:0};2026-07-31;"";Em secretaria;6840;Eletrônico;3;Execução fiscal;Originário;0;18458;4278;{CONSELHO REGIONAL DOS REPRESENTANTES COMERCIAIS NO ESTADO DA BAHIA};{15176951000193};{AUTARQUIA FEDERAL};{ATIVIDADES DE FISCALIZACAO PROFISSIONAL};"";"";"";"";Poder_Publico-Polo_Ativo;{};2023-06-30;{20071123:20110718,20110719:20130507,20130807:20190415,20190416:20190423,20190424:20230629,20230630:0};{20071123:20110718,20110719:20130507,20130807:20150505,20260616:0};S;2672;S;""
TRF1;G1;BA;SALVADOR;24ª SALVADOR;2026;07;0020006-98.2007.4.01.3304;1116;EXECUÇÃO FISCAL;{1116};{6046};2007-11-08;2007-11-12;2012-09-04;{20120904:28:454,20260731:27:471};{20130201:17:12164,20130805:17:12164,20150506:46:898,20230630:46:0};2026-07-31;"";Em secretaria;6840;Eletrônico;3;Execução fiscal;Originário;0;18458;4278;{CONSELHO REGIONAL DOS REPRESENTANTES COMERCIAIS NO ESTADO DA BAHIA};{15176951000193};{AUTARQUIA FEDERAL};{ATIVIDADES DE FISCALIZACAO PROFISSIONAL};"";"";"";"";Poder_Publico-Polo_Ativo;{};2023-06-30;{20071112:20110718,20110719:20130218,20130805:20190415,20190416:20190428,20190429:20230629,20230630:0};{20071112:20110718,20110719:20130218,20130805:20150505,20260616:0};S;2607;S;""
TRF1;G1;BA;SALVADOR;18ª SALVADOR;2026;07;0020130-81.2007.4.01.3304;1116;EXECUÇÃO FISCAL;{1116};{6046};2007-11-12;2007-11-30;2012-08-30;{20120830:28:454};{20130805:17:12164,20150506:46:898,20230630:46:0,20240819:17:12164,20240821:46:898};2024-10-24;"";"";6836;Eletrônico;3;Execução fiscal;Originário;0;17615;4278;{CONSELHO REGIONAL DOS REPRESENTANTES COMERCIAIS NO ESTADO DA BAHIA};{15176951000193};{AUTARQUIA FEDERAL};{ATIVIDADES DE FISCALIZACAO PROFISSIONAL};"";"";"";"";Poder_Publico-Polo_Ativo;{};2024-08-21;{20071130:20110718,20110719:20130217,20130805:20190415,20190416:20190423,20190424:20230629,20230630:0};{20071130:20110718,20110719:20130217,20130805:20150505};N;2543;S;N
TRF1;G1;BA;SALVADOR;8ª SALVADOR;2026;07;0000432-52.2008.4.01.3305;1116;EXECUÇÃO FISCAL;{1116};{6046};2008-05-05;2008-05-09;2024-03-07;{20240307:27:196};{20110502:17:12444,20111111:17:12164,20130408:46:898,20140617:17:12164,20140723:46:898,20241118:17:12164};2026-05-07;"";Em secretaria;6661;Eletrônico;3;Execução fiscal;Originário;0;16301;4278;{CONSELHO REGIONAL DOS REPRESENTANTES COMERCIAIS NO ESTADO DA BAHIA};{15176951000193};{AUTARQUIA FEDERAL};{ATIVIDADES DE FISCALIZACAO PROFISSIONAL};"";"";"";"";Poder_Publico-Polo_Ativo;{};2014-07-23;{20080509:20240725,20240917:20241108,20241109:0};{20080509:20111128,20240307:20240725,20240917:20241108,20241109:0};S;2119;S;""
TRF1;G1;BA;SALVADOR;18ª SALVADOR;2026;07;0000391-85.2008.4.01.3305;1116;EXECUÇÃO FISCAL;{1116};{6046};2008-05-05;2008-05-08;2024-03-07;{20240307:27:196};{20110428:17:12444,20111116:17:12164,20120827:17:12164,20121113:46:898};2026-05-12;"";Em secretaria;6661;Eletrônico;3;Execução fiscal;Originário;0;17615;4278;{CONSELHO REGIONAL DOS REPRESENTANTES COMERCIAIS NO ESTADO DA BAHIA};{15176951000193};{AUTARQUIA FEDERAL};{ATIVIDADES DE FISCALIZACAO PROFISSIONAL};"";"";"";"";Poder_Publico-Polo_Ativo;{};2012-11-13;{20080508:20241111,20241112:20250223,20260512:0};{20080508:20111128,20240307:20241111,20241112:20250223,20260512:0};S;1731;S;""
TRF1;G1;BA;SALVADOR;19ª SALVADOR;2026;07;0000347-66.2008.4.01.3305;1116;EXECUÇÃO FISCAL;{1116};{6046};2008-05-05;2008-05-07;2024-08-15;{20240815:27:196};{20111116:17:12164};2026-02-05;"";Em secretaria;6661;Eletrônico;3;Execução fiscal;Originário;0;17616;4278;{CONSELHO REGIONAL DOS REPRESENTANTES COMERCIAIS NO ESTADO DA BAHIA};{15176951000193};{AUTARQUIA FEDERAL};{ATIVIDADES DE FISCALIZACAO PROFISSIONAL};"";"";"";"";Poder_Publico-Polo_Ativo;{};"";{20080507:20241108,20241109:0};{20080507:20111128,20240815:20241108,20241109:0};S;2014;S;""
TRF1;G1;BA;SALVADOR;8ª SALVADOR;2026;07;0000393-55.2008.4.01.3305;1116;EXECUÇÃO FISCAL;{1116};{6046};2008-05-05;2008-05-08;2024-08-14;{20240814:27:196};{20090616:17:12444,20090616:17:11382,20100312:46:898};2026-04-27;"";Em secretaria;6661;Eletrônico;3;Execução fiscal;Originário;0;16301;4278;{CONSELHO REGIONAL DOS REPRESENTANTES COMERCIAIS NO ESTADO DA BAHIA};{15176951000193};{AUTARQUIA FEDERAL};{ATIVIDADES DE FISCALIZACAO PROFISSIONAL};"";"";"";"";Poder_Publico-Polo_Ativo;{};2010-03-12;{20080508:20241108,20241109:0};{20080508:20100311,20240814:20241108,20241109:0};S;1387;S;""
TRF1;G1;BA;SALVADOR;8ª SALVADOR;2026;07;0000438-59.2008.4.01.3305;1116;EXECUÇÃO FISCAL;{1116};{6046};2008-05-05;2008-05-09;"";{};{20100303:17:12444,20100319:17:11382,20111111:17:12164,20140128:46:898,20241109:46:0};2026-03-24;"";"";6661;Eletrônico;3;Execução fiscal;Originário;0;16301;4278;{CONSELHO REGIONAL DOS REPRESENTANTES COMERCIAIS NO ESTADO DA BAHIA};{15176951000193};{AUTARQUIA FEDERAL};{ATIVIDADES DE FISCALIZACAO PROFISSIONAL};"";"";"";"";Poder_Publico-Polo_Ativo;{};2024-11-09;{20080509:20241108,20241109:0};{20080509:20111128};N;1298;S;N
TRF1;G1;BA;SALVADOR;18ª SALVADOR;2026;07;0000998-04.2008.4.01.3304;1116;EXECUÇÃO FISCAL;{1116};{6046};2008-04-08;2008-04-11;"";{};{20100205:17:11382,20110803:17:12444,20240726:17:12164,20240729:46:898,20191204:17:12164};2024-07-29;"";"";6688;Eletrônico;3;Execução fiscal;Originário;0;17615;4278;{CONSELHO REGIONAL DOS REPRESENTANTES COMERCIAIS NO ESTADO DA BAHIA};{15176951000193};{AUTARQUIA FEDERAL};{ATIVIDADES DE FISCALIZACAO PROFISSIONAL};{MON RAMON COMERCIO E REPRESENTACOES LTDA};{02644165000121};{SOCIEDADE EMPRESARIA LIMITADA};{COMERCIO A VAREJO DE PECAS E ACESSORIOS NOVOS PARA VEICULOS AUTOMOTORES};Poder_Publico-Polo_Ativo;{};2024-07-29;{20080411:20140218,20230627:0,20140219:20230626};{20080411:20100608};N;788;S;N
TRF1;G1;BA;SALVADOR;19ª SALVADOR;2026;07;0000898-31.2008.4.01.3310;1116;EXECUÇÃO FISCAL;{1116};{6046};2008-09-10;2008-09-10;2026-05-19;{20260519:27:196};{20130621:46:898,20230824:46:898,20241109:46:0,20260520:46:898};2026-07-20;11;Para despacho;6533;Eletrônico;3;Execução fiscal;Originário;0;17616;4278;{CONSELHO REGIONAL DOS REPRESENTANTES COMERCIAIS NO ESTADO DA BAHIA};{15176951000193};{AUTARQUIA FEDERAL};{ATIVIDADES DE FISCALIZACAO PROFISSIONAL};"";"";"";"";Poder_Publico-Polo_Ativo;{};2026-05-20;{20080910:20241108,20241109:0};{20080910:20130620,20250222:20260519,20260719:0};S;2207;S;""
TRF1;G1;BA;SALVADOR;19ª SALVADOR;2026;07;0000897-46.2008.4.01.3310;1116;EXECUÇÃO FISCAL;{1116};{6046};2008-09-10;2008-09-10;2026-05-19;{20260519:27:196};{20100618:17:12444,20121024:17:12444,20130723:46:898,20230824:46:898,20241109:46:0,20260520:46:898};2026-07-20;11;Para despacho;6533;Eletrônico;3;Execução fiscal;Originário;0;17616;4278;{CONSELHO REGIONAL DOS REPRESENTANTES COMERCIAIS NO ESTADO DA BAHIA};{15176951000193};{AUTARQUIA FEDERAL};{ATIVIDADES DE FISCALIZACAO PROFISSIONAL};"";"";"";"";Poder_Publico-Polo_Ativo;{};2026-05-20;{20080910:20241108,20241109:0};{20080910:20130722,20250222:20260519,20260719:0};S;2239;S;""
TRF1;G1;BA;SALVADOR;19ª SALVADOR;2026;07;0000919-07.2008.4.01.3310;1116;EXECUÇÃO FISCAL;{1116};{6046};2008-09-10;2008-09-10;"";{};{20100618:17:12444,20130614:17:12444,20140430:46:898,20230824:46:898,20241109:46:0};2026-06-11;50;Para despacho;6533;Eletrônico;3;Execução fiscal;Originário;0;17616;4278;{CONSELHO REGIONAL DOS REPRESENTANTES COMERCIAIS NO ESTADO DA BAHIA};{15176951000193};{AUTARQUIA FEDERAL};{ATIVIDADES DE FISCALIZACAO PROFISSIONAL};{FLOR DO CAMPO AGROPASTORIL LTDA};{63192777000115};{SOCIEDADE EMPRESARIA LIMITADA};{COMERCIO VAREJISTA DE PRODUTOS FARMACEUTICOS  SEM MANIPULACAO DE FORMULAS};Poder_Publico-Polo_Ativo;{};2024-11-09;{20080910:20241108,20241109:0};{20080910:20140429,20250222:0};S;2581;S;""
TRF1;G1;BA;SALVADOR;20ª SALVADOR;2026;07;0000900-98.2008.4.01.3310;1116;EXECUÇÃO FISCAL;{1116};{6046};2008-09-10;2008-09-10;"";{};{20121003:46:898,20230824:46:898,20241109:46:0};2026-07-06;"";Em secretaria;6533;Eletrônico;3;Execução fiscal;Originário;0;17618;4278;{CONSELHO REGIONAL DOS REPRESENTANTES COMERCIAIS NO ESTADO DA BAHIA};{15176951000193};{AUTARQUIA FEDERAL};{ATIVIDADES DE FISCALIZACAO PROFISSIONAL};"";"";"";"";Poder_Publico-Polo_Ativo;{};2024-11-09;{20080910:20241108,20241109:0};{20080910:20121002,20260611:0};S;1533;S;""
TRF1;G1;BA;SALVADOR;20ª SALVADOR;2026;07;0000904-38.2008.4.01.3310;1116;EXECUÇÃO FISCAL;{1116};{6046};2008-09-10;2008-09-10;"";{};{20100618:17:12444,20140428:46:898,20230824:46:898,20241109:46:0};2026-08-07;"";"";6533;Eletrônico;3;Execução fiscal;Originário;0;17618;4278;{CONSELHO REGIONAL DOS REPRESENTANTES COMERCIAIS NO ESTADO DA BAHIA};{15176951000193};{AUTARQUIA FEDERAL};{ATIVIDADES DE FISCALIZACAO PROFISSIONAL};"";"";"";"";Poder_Publico-Polo_Ativo;{};2024-11-09;{20080910:20241108,20241109:0};{20080910:20140427,20260611:0};S;2105;S;""
TRF1;G1;BA;SALVADOR;24ª SALVADOR;2026;07;0000812-87.2008.4.01.3301;1116;EXECUÇÃO FISCAL;{1116};{6046};2008-09-11;2008-09-12;2026-08-04;{20260804:27:471};{};2026-08-04;"";"";6532;Eletrônico;3;Execução fiscal;Originário;0;18458;4278;{CONSELHO REGIONAL DOS REPRESENTANTES COMERCIAIS NO ESTADO DA BAHIA};{15176951000193};{AUTARQUIA FEDERAL};{ATIVIDADES DE FISCALIZACAO PROFISSIONAL};"";"";"";"";Poder_Publico-Polo_Ativo;{};"";{20080912:20241107,20241108:0};{20080912:20200305,20260616:0};S;4237;S;""
TRF1;G1;BA;SALVADOR;24ª SALVADOR;2026;07;0000855-24.2008.4.01.3301;1116;EXECUÇÃO FISCAL;{1116};{6046};2008-09-11;2008-09-15;2026-08-12;{20260812:27:471};{20230929:46:898,20241108:46:0};2026-08-12;"";"";6532;Eletrônico;3;Execução fiscal;Originário;0;18458;4278;{CONSELHO REGIONAL DOS REPRESENTANTES COMERCIAIS NO ESTADO DA BAHIA};{15176951000193};{AUTARQUIA FEDERAL};{ATIVIDADES DE FISCALIZACAO PROFISSIONAL};{EBAD - EMPRESA BAHIANA DE COMERCIO E DISTRIBUICAO LTDA.};{01703004000107};{SOCIEDADE EMPRESARIA LIMITADA};{OUTROS REPRESENTANTES COMERCIAIS E AGENTES DO COMERCIO ESPECIALIZADO EM PRODUTOS NAO ESPECIFICADOS ANTERIORMENTE};Poder_Publico-Polo_Ativo;{};2024-11-08;{20080915:20241107,20241108:0};{20080915:20230928,20260616:0};S;5536;S;""
TRF1;G1;BA;ILHEUS;VARA ÚNICA DE ILHÉUS;2026;07;0000837-03.2008.4.01.3301;1116;EXECUÇÃO FISCAL;{1116};{6046};2008-09-11;2008-09-15;"";{};{20230710:17:11382,20260115:46:898};2026-01-15;"";"";6532;Eletrônico;3;Execução fiscal;Originário;0;12363;2146;{CONSELHO REGIONAL DOS REPRESENTANTES COMERCIAIS NO ESTADO DA BAHIA};{15176951000193};{AUTARQUIA FEDERAL};{ATIVIDADES DE FISCALIZACAO PROFISSIONAL};{NUTRIFLORA INSUMOS LTDA};{13053343000166};{SOCIEDADE EMPRESARIA LIMITADA};{COMERCIO VAREJISTA DE PRODUTOS FARMACEUTICOS  SEM MANIPULACAO DE FORMULAS};Poder_Publico-Polo_Ativo;{};2026-01-15;{20080915:20241108,20241109:0};{20080915:20241108,20241109:20260114};N;6329;S;N
TRF1;G1;BA;SALVADOR;8ª SALVADOR;2026;07;0000886-44.2008.4.01.3301;1116;EXECUÇÃO FISCAL;{1116};{6046};2008-09-11;2008-09-12;"";{};{};2024-11-09;"";"";6532;Eletrônico;3;Execução fiscal;Originário;0;16301;4278;{CONSELHO REGIONAL DOS REPRESENTANTES COMERCIAIS NO ESTADO DA BAHIA};{15176951000193};{AUTARQUIA FEDERAL};{ATIVIDADES DE FISCALIZACAO PROFISSIONAL};"";"";"";"";Poder_Publico-Polo_Ativo;{};"";{20080912:20241108,20241109:0};{20080912:20180509};N;3526;S;""
TRF1;G1;BA;SALVADOR;18ª SALVADOR;2026;07;0000841-40.2008.4.01.3301;1116;EXECUÇÃO FISCAL;{1116};{6046};2008-09-11;2008-09-15;"";{};{20150312:46:898,20221108:17:11382,20241109:46:0};2025-09-15;"";"";6532;Eletrônico;3;Execução fiscal;Originário;0;17615;4278;{CONSELHO REGIONAL DOS REPRESENTANTES COMERCIAIS NO ESTADO DA BAHIA};{15176951000193};{AUTARQUIA FEDERAL};{ATIVIDADES DE FISCALIZACAO PROFISSIONAL};{MIGMA CONSULTORIA PROMOCAO DE EVENTOS E CONSTRUCAO CIVIL LTDA};{63254783000150};{SOCIEDADE EMPRESARIA LIMITADA};{CONSTRUCAO DE EDIFICIOS};Poder_Publico-Polo_Ativo;{};2024-11-09;{20080915:20241108,20241109:0};{20080915:20150311};N;2368;S;N
TRF1;G1;BA;SALVADOR;18ª SALVADOR;2026;07;0000831-93.2008.4.01.3301;1116;EXECUÇÃO FISCAL;{1116};{6046};2008-09-11;2008-09-15;"";{};{20110127:46:898,20241109:46:0};2026-03-24;"";"";6532;Eletrônico;3;Execução fiscal;Originário;0;17615;4278;{CONSELHO REGIONAL DOS REPRESENTANTES COMERCIAIS NO ESTADO DA BAHIA};{15176951000193};{AUTARQUIA FEDERAL};{ATIVIDADES DE FISCALIZACAO PROFISSIONAL};{JADER CARVALHO REPRESENTACOES LTDA};{15640873000136};{SOCIEDADE EMPRESARIA LIMITADA};{OUTRAS ATIVIDADES DE SERVICOS PRESTADOS PRINCIPALMENTE AS EMPRESAS NAO ESPECIFICADAS ANTERIORMENTE};Poder_Publico-Polo_Ativo;{};2024-11-09;{20080915:20241108,20241109:0};{20080915:20110126};N;863;S;N
TRF1;G1;BA;SALVADOR;19ª SALVADOR;2026;07;0000868-23.2008.4.01.3301;1116;EXECUÇÃO FISCAL;{1116};{6046};2008-09-11;2008-09-12;"";{};{20181214:46:898,20241109:46:0};2026-07-31;"";"";6532;Eletrônico;3;Execução fiscal;Originário;0;17616;4278;{CONSELHO REGIONAL DOS REPRESENTANTES COMERCIAIS NO ESTADO DA BAHIA};{15176951000193};{AUTARQUIA FEDERAL};{ATIVIDADES DE FISCALIZACAO PROFISSIONAL};"";"";"";"";Poder_Publico-Polo_Ativo;{};2024-11-09;{20080912:20241108,20241109:0};{20080912:20100125};N;500;S;N
TRF1;G1;BA;SALVADOR;20ª SALVADOR;2026;07;0000820-64.2008.4.01.3301;1116;EXECUÇÃO FISCAL;{1116};{6046};2008-09-11;2008-09-15;2025-03-31;{20250331:28:461};{20090520:46:898,20221123:17:11382,20241109:46:0,20260331:17:12164};2026-07-17;"";Em secretaria;6532;Eletrônico;3;Execução fiscal;Originário;0;17618;4278;{CONSELHO REGIONAL DOS REPRESENTANTES COMERCIAIS NO ESTADO DA BAHIA};{15176951000193};{AUTARQUIA FEDERAL};{ATIVIDADES DE FISCALIZACAO PROFISSIONAL};"";"";"";"";Poder_Publico-Polo_Ativo;{};2024-11-09;{20080915:20241108,20241109:20250722,20251202:0};{20080915:20090519,20250331:20250722,20251202:0};S;600;S;""
TRF1;G1;BA;SALVADOR;19ª SALVADOR;2026;07;0000802-43.2008.4.01.3301;1116;EXECUÇÃO FISCAL;{1116};{6046};2008-09-11;2008-09-12;"";{};{20150512:46:898,20241109:46:0};2026-03-28;"";"";6532;Eletrônico;3;Execução fiscal;Originário;0;17616;4278;{CONSELHO REGIONAL DOS REPRESENTANTES COMERCIAIS NO ESTADO DA BAHIA};{15176951000193};{AUTARQUIA FEDERAL};{ATIVIDADES DE FISCALIZACAO PROFISSIONAL};"";"";"";"";Poder_Publico-Polo_Ativo;{};2024-11-09;{20080912:20241108,20241109:0};{20080912:20101107};N;786;S;N
TRF1;G1;BA;SALVADOR;19ª SALVADOR;2026;07;0000878-67.2008.4.01.3301;1116;EXECUÇÃO FISCAL;{1116};{6046};2008-09-11;2008-09-12;"";{};{20141126:46:898,20160303:46:898,20241109:46:0};2026-03-30;"";"";6532;Eletrônico;3;Execução fiscal;Originário;0;17616;4278;{CONSELHO REGIONAL DOS REPRESENTANTES COMERCIAIS NO ESTADO DA BAHIA};{15176951000193};{AUTARQUIA FEDERAL};{ATIVIDADES DE FISCALIZACAO PROFISSIONAL};"";"";"";"";Poder_Publico-Polo_Ativo;{};2024-11-09;{20080912:20241108,20241109:0};{20080912:20141125};N;2265;S;N
TRF1;G1;BA;SALVADOR;19ª SALVADOR;2026;07;0000864-83.2008.4.01.3301;1116;EXECUÇÃO FISCAL;{1116};{6046};2008-09-11;2008-09-12;"";{};{20221202:17:12185,20250219:46:898};2025-02-19;"";"";6532;Eletrônico;3;Execução fiscal;Originário;0;17616;4278;{CONSELHO REGIONAL DOS REPRESENTANTES COMERCIAIS NO ESTADO DA BAHIA};{15176951000193};{AUTARQUIA FEDERAL};{ATIVIDADES DE FISCALIZACAO PROFISSIONAL};"";"";"";"";Poder_Publico-Polo_Ativo;{};2025-02-19;{20080912:20241108,20241109:0};{20080912:20241108,20241109:20250218};N;6002;S;N
TRF1;G1;BA;SALVADOR;8ª SALVADOR;2026;07;0000832-78.2008.4.01.3301;1116;EXECUÇÃO FISCAL;{1116};{6046};2008-09-11;2008-09-15;"";{};{20200930:46:898,20241109:46:0,20241118:17:12164};2026-03-26;"";"";6532;Eletrônico;3;Execução fiscal;Originário;0;16301;4278;{CONSELHO REGIONAL DOS REPRESENTANTES COMERCIAIS NO ESTADO DA BAHIA};{15176951000193};{AUTARQUIA FEDERAL};{ATIVIDADES DE FISCALIZACAO PROFISSIONAL};{N A REPRESENTACOES LTDA};{13304597000100};{SOCIEDADE EMPRESARIA LIMITADA};{OUTRAS ATIVIDADES DE SERVICOS PRESTADOS PRINCIPALMENTE AS EMPRESAS NAO ESPECIFICADAS ANTERIORMENTE};Poder_Publico-Polo_Ativo;{};2024-11-09;{20080915:20241108,20241109:0};{20080915:20200929};N;4397;S;N
TRF1;G1;BA;SALVADOR;20ª SALVADOR;2026;07;0000809-35.2008.4.01.3301;1116;EXECUÇÃO FISCAL;{1116};{6046};2008-09-11;2008-09-12;"";{};{20240820:17:12164,20260714:17:12164};2026-08-17;"";"";6532;Eletrônico;3;Execução fiscal;Originário;0;17618;4278;{CONSELHO REGIONAL DOS REPRESENTANTES COMERCIAIS NO ESTADO DA BAHIA};{15176951000193};{AUTARQUIA FEDERAL};{ATIVIDADES DE FISCALIZACAO PROFISSIONAL};"";"";"";"";Poder_Publico-Polo_Ativo;{};"";{20080912:20241108,20241109:0};{20080912:20241108,20241109:0};S;6530;S;""
TRF1;G1;BA;SALVADOR;8ª SALVADOR;2026;07;0000856-09.2008.4.01.3301;1116;EXECUÇÃO FISCAL;{1116};{6046};2008-09-11;2008-09-15;"";{};{20260513:17:12164};2026-05-13;"";Em secretaria;6532;Eletrônico;3;Execução fiscal;Originário;0;16301;4278;{CONSELHO REGIONAL DOS REPRESENTANTES COMERCIAIS NO ESTADO DA BAHIA};{15176951000193};{AUTARQUIA FEDERAL};{ATIVIDADES DE FISCALIZACAO PROFISSIONAL};{JOBSON REPRESENTACOES DE PRODUTOS DE LIMPEZA LTDA};{02905921000129};{SOCIEDADE EMPRESARIA LIMITADA};{REPRESENTANTES COMERCIAIS E AGENTES DO COMERCIO DE COMBUSTIVEIS  MINERAIS  PRODUTOS SIDERURGICOS E QUIMICOS};Poder_Publico-Polo_Ativo;{};"";{20080915:20241108,20241109:0};{20080915:20241108,20241109:0};S;6527;S;""
TRF1;G1;BA;SALVADOR;19ª SALVADOR;2026;07;0000829-26.2008.4.01.3301;1116;EXECUÇÃO FISCAL;{1116};{6046};2008-09-11;2008-09-15;"";{};{20110520:17:12164,20120316:17:12164};2025-06-26;"";Em secretaria;6532;Eletrônico;3;Execução fiscal;Originário;0;17616;4278;{CONSELHO REGIONAL DOS REPRESENTANTES COMERCIAIS NO ESTADO DA BAHIA};{15176951000193};{AUTARQUIA FEDERAL};{ATIVIDADES DE FISCALIZACAO PROFISSIONAL};"";"";"";"";Poder_Publico-Polo_Ativo;{};"";{20080915:20241108,20241109:0};{20080915:20241108,20241109:0};S;6527;S;""
TRF1;G1;BA;SALVADOR;18ª SALVADOR;2026;07;0000839-70.2008.4.01.3301;1116;EXECUÇÃO FISCAL;{1116};{6046};2008-09-11;2008-09-15;2025-10-02;{20251002:28:459};{};2026-07-02;"";Em secretaria;6532;Eletrônico;3;Execução fiscal;Originário;0;17615;4278;{CONSELHO REGIONAL DOS REPRESENTANTES COMERCIAIS NO ESTADO DA BAHIA};{15176951000193};{AUTARQUIA FEDERAL};{ATIVIDADES DE FISCALIZACAO PROFISSIONAL};{AGUIAR REPRESENTACOES LTDA};{16471732000108};{SOCIEDADE EMPRESARIA LIMITADA};{ND};Poder_Publico-Polo_Ativo;{};"";{20080915:20241108,20241109:20251209,20260702:0};{20080915:20241108,20241109:20251209,20260702:0};S;6322;S;""
TRF1;G1;BA;SALVADOR;20ª SALVADOR;2026;07;0000813-72.2008.4.01.3301;1116;EXECUÇÃO FISCAL;{1116};{6046};2008-09-11;2008-09-12;"";{};{};2026-03-14;"";Em secretaria;6532;Eletrônico;3;Execução fiscal;Originário;0;17618;4278;{CONSELHO REGIONAL DOS REPRESENTANTES COMERCIAIS NO ESTADO DA BAHIA};{15176951000193};{AUTARQUIA FEDERAL};{ATIVIDADES DE FISCALIZACAO PROFISSIONAL};"";"";"";"";Poder_Publico-Polo_Ativo;{};"";{20080912:20241108,20241109:0};{20080912:20241108,20241109:0};S;6530;S;""
TRF1;G1;BA;ILHEUS;VARA ÚNICA DE ILHÉUS;2026;07;0000847-47.2008.4.01.3301;1116;EXECUÇÃO FISCAL;{1116};{6046};2008-09-11;2008-09-15;"";{};{20250805:17:12164};2025-08-05;"";Em secretaria;6532;Eletrônico;3;Execução fiscal;Originário;0;12363;2146;{CONSELHO REGIONAL DOS REPRESENTANTES COMERCIAIS NO ESTADO DA BAHIA};{15176951000193};{AUTARQUIA FEDERAL};{ATIVIDADES DE FISCALIZACAO PROFISSIONAL};{E J AMORIM REPRESENTACOES LTDA};{42013797000101};{EMPRESARIO (INDIVIDUAL)};{ATIVIDADES PAISAGISTICAS};Poder_Publico-Polo_Ativo;{};"";{20080915:20241108,20241109:0};{20080915:20241108,20241109:0};S;6527;S;""
TRF1;G1;BA;SALVADOR;8ª SALVADOR;2026;07;0000850-02.2008.4.01.3301;1116;EXECUÇÃO FISCAL;{1116};{6046};2008-09-11;2008-09-15;"";{};{};2025-07-24;"";Em secretaria;6532;Eletrônico;3;Execução fiscal;Originário;0;16301;4278;{CONSELHO REGIONAL DOS REPRESENTANTES COMERCIAIS NO ESTADO DA BAHIA};{15176951000193};{AUTARQUIA FEDERAL};{ATIVIDADES DE FISCALIZACAO PROFISSIONAL};{VETERINART COM E REPR. DE PRODUTOS VETERINARIOS LTDA};{01213906000157};{SOCIEDADE EMPRESARIA LIMITADA};{SERVICOS DE TRADUCAO  INTERPRETACAO E SIMILARES};Poder_Publico-Polo_Ativo;{};"";{20080915:20241108,20241109:0};{20080915:20241108,20241109:0};S;6527;S;""
TRF1;G1;BA;SALVADOR;19ª SALVADOR;2026;07;0000804-13.2008.4.01.3301;1116;EXECUÇÃO FISCAL;{1116};{6046};2008-09-11;2008-09-12;"";{};{20250805:17:788};2026-02-10;171;Para despacho;6532;Eletrônico;3;Execução fiscal;Originário;0;17616;4278;{CONSELHO REGIONAL DOS REPRESENTANTES COMERCIAIS NO ESTADO DA BAHIA};{15176951000193};{AUTARQUIA FEDERAL};{ATIVIDADES DE FISCALIZACAO PROFISSIONAL};"";"";"";"";Poder_Publico-Polo_Ativo;{};"";{20080912:20241108,20241109:0};{20080912:20241108,20241109:0};S;6530;S;""
TRF1;G1;BA;SALVADOR;19ª SALVADOR;2026;07;0000810-20.2008.4.01.3301;1116;EXECUÇÃO FISCAL;{1116};{6046};2008-09-11;2008-09-12;"";{};{};2026-05-21;71;Para decisão;6532;Eletrônico;3;Execução fiscal;Originário;0;17616;4278;{CONSELHO REGIONAL DOS REPRESENTANTES COMERCIAIS NO ESTADO DA BAHIA};{15176951000193};{AUTARQUIA FEDERAL};{ATIVIDADES DE FISCALIZACAO PROFISSIONAL};"";"";"";"";Poder_Publico-Polo_Ativo;{};"";{20080912:20241108,20241109:0};{20080912:20241108,20241109:0};S;6530;S;""
TRF1;G1;BA;SALVADOR;19ª SALVADOR;2026;07;0000805-95.2008.4.01.3301;1116;EXECUÇÃO FISCAL;{1116};{6046};2008-09-11;2008-09-12;"";{};{20150602:46:898,20241109:46:0,20260115:46:898};2026-01-15;"";"";6532;Eletrônico;3;Execução fiscal;Originário;0;17616;4278;{CONSELHO REGIONAL DOS REPRESENTANTES COMERCIAIS NO ESTADO DA BAHIA};{15176951000193};{AUTARQUIA FEDERAL};{ATIVIDADES DE FISCALIZACAO PROFISSIONAL};"";"";"";"";Poder_Publico-Polo_Ativo;{};2026-01-15;{20080912:20241108,20241109:0};{20080912:20150601};N;2453;S;N
TRF1;G1;BA;SALVADOR;18ª SALVADOR;2026;07;0000778-15.2008.4.01.3301;1116;EXECUÇÃO FISCAL;{1116};{6046};2008-09-11;2008-09-12;"";{};{20150512:46:898,20230810:17:11382,20241109:46:0};2025-10-15;"";"";6532;Eletrônico;3;Execução fiscal;Originário;0;17615;4278;{CONSELHO REGIONAL DOS REPRESENTANTES COMERCIAIS NO ESTADO DA BAHIA};{15176951000193};{AUTARQUIA FEDERAL};{ATIVIDADES DE FISCALIZACAO PROFISSIONAL};"";"";"";"";Poder_Publico-Polo_Ativo;{};2024-11-09;{20080912:20241108,20241109:0};{20080912:20150511};N;2432;S;N
TRF1;G1;BA;SALVADOR;19ª SALVADOR;2026;07;0000796-36.2008.4.01.3301;1116;EXECUÇÃO FISCAL;{1116};{6046};2008-09-11;2008-09-12;"";{};{20130506:46:898,20150512:46:898,20241109:46:0,20260209:46:898};2026-02-09;"";"";6532;Eletrônico;3;Execução fiscal;Originário;0;17616;4278;{CONSELHO REGIONAL DOS REPRESENTANTES COMERCIAIS NO ESTADO DA BAHIA};{15176951000193};{AUTARQUIA FEDERAL};{ATIVIDADES DE FISCALIZACAO PROFISSIONAL};"";"";"";"";Poder_Publico-Polo_Ativo;{};2026-02-09;{20080912:20241108,20241109:0};{20080912:20130505};N;1696;S;N
TRF1;G1;BA;SALVADOR;19ª SALVADOR;2026;07;0000884-74.2008.4.01.3301;1116;EXECUÇÃO FISCAL;{1116};{6046};2008-09-11;2008-09-12;"";{};{20110504:46:898,20241109:46:0};2026-06-10;"";"";6532;Eletrônico;3;Execução fiscal;Originário;0;17616;4278;{CONSELHO REGIONAL DOS REPRESENTANTES COMERCIAIS NO ESTADO DA BAHIA};{15176951000193};{AUTARQUIA FEDERAL};{ATIVIDADES DE FISCALIZACAO PROFISSIONAL};"";"";"";"";Poder_Publico-Polo_Ativo;{};2024-11-09;{20080912:20241108,20241109:0};{20080912:20110503};N;963;S;N
TRF1;G1;BA;SALVADOR;20ª SALVADOR;2026;07;0000780-82.2008.4.01.3301;1116;EXECUÇÃO FISCAL;{1116};{6046};2008-09-11;2008-09-12;"";{};{20140324:46:898,20241108:46:0};2024-11-08;"";"";6532;Eletrônico;3;Execução fiscal;Originário;0;17618;4278;{CONSELHO REGIONAL DOS REPRESENTANTES COMERCIAIS NO ESTADO DA BAHIA};{15176951000193};{AUTARQUIA FEDERAL};{ATIVIDADES DE FISCALIZACAO PROFISSIONAL};"";"";"";"";Poder_Publico-Polo_Ativo;{};2024-11-08;{20080912:20241107,20241108:0};{20080912:20140323};N;2018;S;N
TRF1;G1;BA;SALVADOR;19ª SALVADOR;2026;07;0000816-27.2008.4.01.3301;1116;EXECUÇÃO FISCAL;{1116};{6046};2008-09-11;2008-09-15;"";{};{20260124:46:898};2026-01-24;"";"";6532;Eletrônico;3;Execução fiscal;Originário;0;17616;4278;{CONSELHO REGIONAL DOS REPRESENTANTES COMERCIAIS NO ESTADO DA BAHIA};{15176951000193};{AUTARQUIA FEDERAL};{ATIVIDADES DE FISCALIZACAO PROFISSIONAL};"";"";"";"";Poder_Publico-Polo_Ativo;{};2026-01-24;{20080915:20241108,20241109:0};{20080915:20241108,20241109:20260123};N;6338;S;N
TRF1;G1;BA;SALVADOR;19ª SALVADOR;2026;07;0000828-41.2008.4.01.3301;1116;EXECUÇÃO FISCAL;{1116};{6046};2008-09-11;2008-09-15;"";{};{};2026-06-09;"";"";6532;Eletrônico;3;Execução fiscal;Originário;0;17616;4278;{CONSELHO REGIONAL DOS REPRESENTANTES COMERCIAIS NO ESTADO DA BAHIA};{15176951000193};{AUTARQUIA FEDERAL};{ATIVIDADES DE FISCALIZACAO PROFISSIONAL};"";"";"";"";Poder_Publico-Polo_Ativo;{};"";{20080915:20241108,20241109:0};{20080915:20100125};N;497;S;""
TRF1;G1;BA;SALVADOR;19ª SALVADOR;2026;07;0000824-04.2008.4.01.3301;1116;EXECUÇÃO FISCAL;{1116};{6046};2008-09-11;2008-09-15;"";{};{20110127:46:898,20241109:46:0};2026-04-25;"";"";6532;Eletrônico;3;Execução fiscal;Originário;0;17616;4278;{CONSELHO REGIONAL DOS REPRESENTANTES COMERCIAIS NO ESTADO DA BAHIA};{15176951000193};{AUTARQUIA FEDERAL};{ATIVIDADES DE FISCALIZACAO PROFISSIONAL};"";"";"";"";Poder_Publico-Polo_Ativo;{};2024-11-09;{20080915:20241108,20241109:0};{20080915:20110126};N;863;S;N
TRF1;G1;BA;SALVADOR;20ª SALVADOR;2026;07;0000854-39.2008.4.01.3301;1116;EXECUÇÃO FISCAL;{1116};{6046};2008-09-11;2008-09-15;"";{};{20100525:17:12164,20110629:46:898,20241108:46:0};2024-11-08;"";"";6532;Eletrônico;3;Execução fiscal;Originário;0;17618;4278;{CONSELHO REGIONAL DOS REPRESENTANTES COMERCIAIS NO ESTADO DA BAHIA};{15176951000193};{AUTARQUIA FEDERAL};{ATIVIDADES DE FISCALIZACAO PROFISSIONAL};{RAPOSA REPRESENTACAO COMERCIAL LTDA};{63233126000126};{SOCIEDADE EMPRESARIA LIMITADA};{OUTRAS ATIVIDADES DE SERVICOS PRESTADOS PRINCIPALMENTE AS EMPRESAS NAO ESPECIFICADAS ANTERIORMENTE};Poder_Publico-Polo_Ativo;{};2024-11-08;{20080915:20241107,20241108:0};{20080915:20110628};N;1016;S;N
TRF1;G1;BA;SALVADOR;19ª SALVADOR;2026;07;0000788-59.2008.4.01.3301;1116;EXECUÇÃO FISCAL;{1116};{6046};2008-09-11;2008-09-12;"";{};{20220922:17:11382,20250917:17:12164,20260323:17:788};2026-04-08;"";Em secretaria;6532;Eletrônico;3;Execução fiscal;Originário;0;17616;4278;{CONSELHO REGIONAL DOS REPRESENTANTES COMERCIAIS NO ESTADO DA BAHIA};{15176951000193};{AUTARQUIA FEDERAL};{ATIVIDADES DE FISCALIZACAO PROFISSIONAL};"";"";"";"";Poder_Publico-Polo_Ativo;{};"";{20080912:20241108,20241109:0};{20080912:20241108,20241109:0};S;6530;S;""
TRF1;G1;BA;SALVADOR;19ª SALVADOR;2026;07;0000364-08.2008.4.01.3304;1116;EXECUÇÃO FISCAL;{1116};{6046};2008-02-12;2008-02-12;2012-08-30;{20120830:28:454};{20090504:17:12164,20130508:17:12164,20140602:17:12444,20140602:17:12164,20140602:17:12444,20150506:46:898,20220808:46:0,20220915:17:12164,20221202:17:11382,20240402:17:12164,20250820:17:12164};2025-08-20;"";"";6744;Eletrônico;3;Execução fiscal;Originário;0;17616;4278;{CONSELHO REGIONAL DOS REPRESENTANTES COMERCIAIS NO ESTADO DA BAHIA};{15176951000193};{AUTARQUIA FEDERAL};{ATIVIDADES DE FISCALIZACAO PROFISSIONAL};"";"";"";"";Poder_Publico-Polo_Ativo;{};2022-08-08;{20080212:20110718,20110719:20130507,20131011:20190415,20190416:20190423,20190424:20220807,20220808:0};{20080212:20110718,20110719:20130507,20131011:20150505};N;2481;S;N
TRF1;G1;BA;SALVADOR;8ª SALVADOR;2026;07;0001221-23.2009.4.01.3303;1116;EXECUÇÃO FISCAL;{1116};{6046};2009-07-06;2009-08-07;"";{};{20120116:17:12164,20120131:17:11382,20120927:46:898,20231010:17:12164,20241007:46:898,20241110:46:0};2024-11-10;"";"";6234;Eletrônico;3;Execução fiscal;Originário;0;16301;4278;{CONSELHO REGIONAL DOS REPRESENTANTES COMERCIAIS NO ESTADO DA BAHIA};{15176951000193};{AUTARQUIA FEDERAL};{ATIVIDADES DE FISCALIZACAO PROFISSIONAL};"";"";"";"";Poder_Publico-Polo_Ativo;{};2024-11-10;{20090807:20240915,20240916:20241109,20241110:0};{20090807:20120926,20240916:20241006};N;1166;S;N
TRF1;G1;BA;SALVADOR;18ª SALVADOR;2026;07;0001281-93.2009.4.01.3303;1116;EXECUÇÃO FISCAL;{1116};{6046};2009-07-06;2009-08-06;"";{};{20120306:17:12164,20120321:17:11382,20120927:46:898,20240605:17:12164,20241003:46:898,20241110:46:0};2024-11-10;"";"";6234;Eletrônico;3;Execução fiscal;Originário;0;17615;4278;{CONSELHO REGIONAL DOS REPRESENTANTES COMERCIAIS NO ESTADO DA BAHIA};{15176951000193};{AUTARQUIA FEDERAL};{ATIVIDADES DE FISCALIZACAO PROFISSIONAL};"";"";"";"";Poder_Publico-Polo_Ativo;{};2024-11-10;{20090806:20241109,20241110:0};{20090806:20120926};N;1147;S;N
TRF1;G1;BA;SALVADOR;20ª SALVADOR;2026;07;0001254-13.2009.4.01.3303;1116;EXECUÇÃO FISCAL;{1116};{6046};2009-07-06;2009-08-05;"";{};{20110928:17:12164,20120124:17:12164,20120131:17:11382,20121218:46:898,20230502:46:898,20241002:46:898,20241110:46:0};2024-11-10;"";"";6234;Eletrônico;3;Execução fiscal;Originário;0;17618;4278;{CONSELHO REGIONAL DOS REPRESENTANTES COMERCIAIS NO ESTADO DA BAHIA};{15176951000193};{AUTARQUIA FEDERAL};{ATIVIDADES DE FISCALIZACAO PROFISSIONAL};{DAY COMERCIO & REPRESENTACOES LTDA};{01766045000134};{SOCIEDADE EMPRESARIA LIMITADA};{REPRESENTANTES COMERCIAIS E AGENTES DO COMERCIO DE PRODUTOS ALIMENTICIOS  BEBIDAS E FUMO};Poder_Publico-Polo_Ativo;{};2024-11-10;{20090805:20241109,20241110:0};{20090805:20121217};N;1230;S;N
TRF1;G1;BA;SALVADOR;19ª SALVADOR;2026;07;0008336-07.2009.4.01.3300;1116;EXECUÇÃO FISCAL;{1116};{10166};2009-06-12;2009-07-09;2011-06-07;{20110607:28:459};{20091218:17:12164,20130509:17:12444,20140311:17:12444,20140618:17:12444,20170223:46:898,20180206:17:12164,20180208:17:12444,20220305:17:12164,20240612:17:12164,20250114:17:12164,20260205:46:898};2026-02-05;"";"";6258;Eletrônico;3;Execução fiscal;Originário;0;17616;4278;{CONSELHO REGIONAL DOS REPRESENTANTES COMERCIAIS NO ESTADO DA BAHIA};{15176951000193};{AUTARQUIA FEDERAL};{ATIVIDADES DE FISCALIZACAO PROFISSIONAL};"";"";"";"";Poder_Publico-Polo_Ativo;{};2026-02-05;{20090709:20110926,20120528:0};{20090709:20110926,20120528:20150624};N;1931;S;N
TRF1;G1;BA;SALVADOR;20ª SALVADOR;2026;07;0008309-24.2009.4.01.3300;1116;EXECUÇÃO FISCAL;{1116};{10166};2009-06-12;2009-07-13;2011-10-14;{20111014:28:459,20260709:28:459};{20100520:17:12164,20101028:17:12164,20110314:17:12164,20120321:17:12164,20140203:17:12164,20140207:46:898,20141022:17:12164,20150128:46:898,20230324:17:12164,20240726:17:12164,20250516:17:12164};2026-08-14;"";"";6258;Eletrônico;3;Execução fiscal;Originário;0;17618;4278;{CONSELHO REGIONAL DOS REPRESENTANTES COMERCIAIS NO ESTADO DA BAHIA};{15176951000193};{AUTARQUIA FEDERAL};{ATIVIDADES DE FISCALIZACAO PROFISSIONAL};"";"";"";"";Poder_Publico-Polo_Ativo;{};2015-01-28;{20090713:20120510,20120928:20140210,20140211:20140608,20140610:0};{20090713:20120510,20120928:20140206,20260709:0};S;1550;S;""
TRF1;G1;BA;SALVADOR;19ª SALVADOR;2026;07;0038674-27.2010.4.01.3300;1116;EXECUÇÃO FISCAL;{1116};{6046};2010-10-06;2010-12-07;2011-09-29;{20110929:28:459};{20130509:17:12164,20140311:17:12444,20140618:17:12444,20151029:17:12164,20160617:46:898,20230607:46:898};2023-06-07;"";"";5777;Eletrônico;3;Execução fiscal;Originário;0;17616;4278;{CONSELHO REGIONAL DOS REPRESENTANTES COMERCIAIS NO ESTADO DA BAHIA};{15176951000193};{AUTARQUIA FEDERAL};{ATIVIDADES DE FISCALIZACAO PROFISSIONAL};"";"";"";"";Poder_Publico-Polo_Ativo;{};2023-06-07;{20101207:20111211,20120627:0};{20101207:20111211,20120627:20160616};N;1819;S;N
TRF1;G1;BA;SALVADOR;19ª SALVADOR;2026;07;0038693-33.2010.4.01.3300;1116;EXECUÇÃO FISCAL;{1116};{6046};2010-10-06;2010-12-07;2011-09-23;{20110923:28:459};{20131007:17:12444,20140709:46:898,20230607:46:898};2023-06-07;"";"";5777;Eletrônico;3;Execução fiscal;Originário;0;17616;4278;{CONSELHO REGIONAL DOS REPRESENTANTES COMERCIAIS NO ESTADO DA BAHIA};{15176951000193};{AUTARQUIA FEDERAL};{ATIVIDADES DE FISCALIZACAO PROFISSIONAL};"";"";"";"";Poder_Publico-Polo_Ativo;{};2023-06-07;{20101207:20111121,20111129:20111211,20130116:0};{20101207:20111121,20111129:20111211,20130116:20140708};N;899;S;N
TRF1;G1;BA;SALVADOR;19ª SALVADOR;2026;07;0038646-59.2010.4.01.3300;1116;EXECUÇÃO FISCAL;{1116};{6046};2010-10-06;2010-11-09;2011-10-03;{20111003:28:459};{20140506:17:12444,20160601:17:12444,20160928:46:898,20230607:46:898};2023-06-07;"";"";5777;Eletrônico;3;Execução fiscal;Originário;0;17616;4278;{CONSELHO REGIONAL DOS REPRESENTANTES COMERCIAIS NO ESTADO DA BAHIA};{15176951000193};{AUTARQUIA FEDERAL};{ATIVIDADES DE FISCALIZACAO PROFISSIONAL};{COMERCIAL VAREGISTA E ATACADISTA DE ROUPAS LANA LTDA.};{34317693000162};{SOCIEDADE EMPRESARIA LIMITADA};{GESTAO DE ATIVOS INTANGIVEIS NAO FINANCEIROS};Poder_Publico-Polo_Ativo;{};2023-06-07;{20101109:20111121,20111129:20111211,20120608:0};{20101109:20111121,20111129:20111211,20120608:20160927};N;1961;S;N
TRF1;G1;BA;SALVADOR;19ª SALVADOR;2026;07;0038668-20.2010.4.01.3300;1116;EXECUÇÃO FISCAL;{1116};{6046};2010-10-06;2010-12-07;2011-09-29;{20110929:28:459};{20141125:17:12164,20141125:17:12444,20151203:17:12164,20160928:46:898,20230607:46:898};2023-06-07;"";"";5777;Eletrônico;3;Execução fiscal;Originário;0;17616;4278;{CONSELHO REGIONAL DOS REPRESENTANTES COMERCIAIS NO ESTADO DA BAHIA};{15176951000193};{AUTARQUIA FEDERAL};{ATIVIDADES DE FISCALIZACAO PROFISSIONAL};{AJW REPRESENTACOES LTDA};{01552938000187};{SOCIEDADE EMPRESARIA LIMITADA};{REPRESENTANTES COMERCIAIS E AGENTES DO COMERCIO DE PRODUTOS ALIMENTICIOS  BEBIDAS E FUMO};Poder_Publico-Polo_Ativo;{};2023-06-07;{20101207:20111211,20130129:0};{20101207:20111211,20130129:20160927};N;1706;S;N
TRF1;G1;BA;SALVADOR;19ª SALVADOR;2026;07;0038635-30.2010.4.01.3300;1116;EXECUÇÃO FISCAL;{1116};{6046};2010-10-06;2010-11-09;2011-09-23;{20110923:28:459};{20130510:17:12164,20140311:17:12444,20140708:17:12444,20151027:46:898,20230607:46:898};2023-06-07;"";"";5777;Eletrônico;3;Execução fiscal;Originário;0;17616;4278;{CONSELHO REGIONAL DOS REPRESENTANTES COMERCIAIS NO ESTADO DA BAHIA};{15176951000193};{AUTARQUIA FEDERAL};{ATIVIDADES DE FISCALIZACAO PROFISSIONAL};{GETULIO EUTIMIO REPRESENTACOES LTDA};{01540470000100};{SOCIEDADE EMPRESARIA LIMITADA};{REPRESENTANTES COMERCIAIS E AGENTES DO COMERCIO DE MERCADORIAS EM GERAL NAO ESPECIALIZADO};Poder_Publico-Polo_Ativo;{};2023-06-07;{20101109:20111121,20111129:20111213,20120528:0};{20101109:20111121,20111129:20111213,20120528:20151026};N;1637;S;N
TRF1;G1;BA;SALVADOR;19ª SALVADOR;2026;07;0038644-89.2010.4.01.3300;1116;EXECUÇÃO FISCAL;{1116};{6046};2010-10-06;2010-11-09;2011-09-23;{20110923:28:459};{20140410:17:12164,20150420:46:898,20230607:46:898};2023-06-07;"";"";5777;Eletrônico;3;Execução fiscal;Originário;0;17616;4278;{CONSELHO REGIONAL DOS REPRESENTANTES COMERCIAIS NO ESTADO DA BAHIA};{15176951000193};{AUTARQUIA FEDERAL};{ATIVIDADES DE FISCALIZACAO PROFISSIONAL};{CARDOSO ALMEIDA REPRESENTACOES LTDA};{01707913000105};{SOCIEDADE EMPRESARIA LIMITADA};{OUTROS REPRESENTANTES COMERCIAIS E AGENTES DO COMERCIO ESPECIALIZADO EM PRODUTOS NAO ESPECIFICADOS ANTERIORMENTE};Poder_Publico-Polo_Ativo;{};2023-06-07;{20101109:20111121,20111129:20111211,20120410:0};{20101109:20111121,20111129:20111211,20120410:20150419};N;1493;S;N
TRF1;G1;BA;SALVADOR;19ª SALVADOR;2026;07;0038627-53.2010.4.01.3300;1116;EXECUÇÃO FISCAL;{1116};{6046};2010-10-06;2010-11-09;2011-09-23;{20110923:28:459};{20130917:17:12444,20140709:46:898,20230607:46:898};2023-06-07;"";"";5777;Eletrônico;3;Execução fiscal;Originário;0;17616;4278;{CONSELHO REGIONAL DOS REPRESENTANTES COMERCIAIS NO ESTADO DA BAHIA};{15176951000193};{AUTARQUIA FEDERAL};{ATIVIDADES DE FISCALIZACAO PROFISSIONAL};{AFGA COMERCIO E REPRESENTACOES LTDA};{01467180000189};{SOCIEDADE EMPRESARIA LIMITADA};{REPRESENTANTES COMERCIAIS E AGENTES DO COMERCIO DE MERCADORIAS EM GERAL NAO ESPECIALIZADO};Poder_Publico-Polo_Ativo;{};2023-06-07;{20101109:20111121,20111129:20111211,20130129:0};{20101109:20111121,20111129:20111211,20130129:20140708};N;914;S;N
TRF1;G1;BA;SALVADOR;19ª SALVADOR;2026;07;0039313-45.2010.4.01.3300;1116;EXECUÇÃO FISCAL;{1116};{6046};2010-10-08;2010-11-12;2011-06-08;{20110608:28:459,20260324:27:471};{20130708:46:270,20150918:46:898,20230607:46:898,20260324:46:898};2026-04-24;98;Para despacho;5775;Eletrônico;3;Execução fiscal;Originário;0;17616;4278;{CONSELHO REGIONAL DOS REPRESENTANTES COMERCIAIS NO ESTADO DA BAHIA};{15176951000193};{AUTARQUIA FEDERAL};{ATIVIDADES DE FISCALIZACAO PROFISSIONAL};{3 AM COMERCIO E REPRESENTACAOS LTDA};{40602898000192};{SOCIEDADE EMPRESARIA LIMITADA};{COMERCIO VAREJISTA DE OUTROS PRODUTOS NAO ESPECIFICADOS ANTERIORMENTE};Poder_Publico-Polo_Ativo;{};2026-03-24;{20101112:20110926,20130116:0};{20101112:20110926,20130116:20130707,20260424:0};S;588;S;""
TRF1;G1;BA;SALVADOR;19ª SALVADOR;2026;07;0034122-19.2010.4.01.3300;1116;EXECUÇÃO FISCAL;{1116};{6046};2010-09-09;2010-10-28;2011-09-29;{20110929:28:459,20210824:27:196};{20130917:17:12444,20140709:46:898,20220305:17:12164,20220901:46:898};2026-01-13;"";"";5804;Eletrônico;3;Execução fiscal;Originário;0;17616;4278;{CONSELHO REGIONAL DOS REPRESENTANTES COMERCIAIS NO ESTADO DA BAHIA};{15176951000193};{AUTARQUIA FEDERAL};{ATIVIDADES DE FISCALIZACAO PROFISSIONAL};{M M L REPRESENTACOES LTDA};{02464492000100};{SOCIEDADE EMPRESARIA LIMITADA};{REPRESENTANTES COMERCIAIS E AGENTES DO COMERCIO DE MERCADORIAS EM GERAL NAO ESPECIALIZADO};Poder_Publico-Polo_Ativo;{};2022-09-01;{20101028:20111213,20120528:0};{20101028:20111213,20120528:20140708,20210824:20220831};N;1554;S;N
TRF1;G1;BA;SALVADOR;19ª SALVADOR;2026;07;0034108-35.2010.4.01.3300;1116;EXECUÇÃO FISCAL;{1116};{6046};2010-09-09;2010-10-28;2011-09-29;{20110929:28:459};{20130510:17:12164,20130909:17:12444,20140704:46:898,20230607:46:898};2023-06-07;"";"";5804;Eletrônico;3;Execução fiscal;Originário;0;17616;4278;{CONSELHO REGIONAL DOS REPRESENTANTES COMERCIAIS NO ESTADO DA BAHIA};{15176951000193};{AUTARQUIA FEDERAL};{ATIVIDADES DE FISCALIZACAO PROFISSIONAL};{S.H. CERQUEIRA COMERCIO E REPRESENTACOES LTDA};{02133905000165};{SOCIEDADE EMPRESARIA LIMITADA};{RESTAURANTES E SIMILARES};Poder_Publico-Polo_Ativo;{};2023-06-07;{20101028:20111121,20111129:20111211,20120608:0};{20101028:20111121,20111129:20111211,20120608:20140703};N;1156;S;N
TRF1;G1;BA;SALVADOR;19ª SALVADOR;2026;07;0034099-73.2010.4.01.3300;1116;EXECUÇÃO FISCAL;{1116};{6046};2010-09-09;2010-10-28;2011-09-23;{20110923:28:459};{20130510:17:12164,20130909:17:12444,20140709:46:898,20230607:46:898};2023-06-07;"";"";5804;Eletrônico;3;Execução fiscal;Originário;0;17616;4278;{CONSELHO REGIONAL DOS REPRESENTANTES COMERCIAIS NO ESTADO DA BAHIA};{15176951000193};{AUTARQUIA FEDERAL};{ATIVIDADES DE FISCALIZACAO PROFISSIONAL};"";"";"";"";Poder_Publico-Polo_Ativo;{};2023-06-07;{20101028:20111121,20111129:20111213,20120627:0};{20101028:20111121,20111129:20111213,20120627:20140708};N;1144;S;N
TRF1;G1;BA;SALVADOR;19ª SALVADOR;2026;07;0034081-52.2010.4.01.3300;1116;EXECUÇÃO FISCAL;{1116};{6046};2010-09-09;2010-10-27;2011-09-23;{20110923:28:459};{20130510:17:12164,20140311:17:12444,20160408:17:12164,20161010:17:12164,20161021:17:12444,20170220:46:898,20191111:17:12444,20200521:46:898,20221012:17:12164,20240527:17:12164,20251013:17:12164};2025-10-13;"";"";5804;Eletrônico;3;Execução fiscal;Originário;0;17616;4278;{CONSELHO REGIONAL DOS REPRESENTANTES COMERCIAIS NO ESTADO DA BAHIA};{15176951000193};{AUTARQUIA FEDERAL};{ATIVIDADES DE FISCALIZACAO PROFISSIONAL};"";"";"";"";Poder_Publico-Polo_Ativo;{};2020-05-21;{20101027:20111121,20111129:20111211,20120608:0};{20101027:20111121,20111129:20111211,20120608:20170219};N;2119;S;S
TRF1;G1;BA;SALVADOR;19ª SALVADOR;2026;07;0034111-87.2010.4.01.3300;1116;EXECUÇÃO FISCAL;{1116};{6046};2010-09-09;2010-10-28;2011-09-23;{20110923:28:459};{20130917:17:12444,20140709:46:898,20230607:46:898};2023-06-07;"";"";5804;Eletrônico;3;Execução fiscal;Originário;0;17616;4278;{CONSELHO REGIONAL DOS REPRESENTANTES COMERCIAIS NO ESTADO DA BAHIA};{15176951000193};{AUTARQUIA FEDERAL};{ATIVIDADES DE FISCALIZACAO PROFISSIONAL};{NETSALE REPRESENTACOES LTDA};{02158653000129};{SOCIEDADE EMPRESARIA LIMITADA};{COMERCIO A VAREJO DE PECAS E ACESSORIOS NOVOS PARA VEICULOS AUTOMOTORES};Poder_Publico-Polo_Ativo;{};2023-06-07;{20101028:20111121,20111129:20111211,20130129:0};{20101028:20111121,20111129:20111211,20130129:20140708};N;926;S;N
TRF1;G1;BA;SALVADOR;19ª SALVADOR;2026;07;0000243-06.2010.4.01.3305;1116;EXECUÇÃO FISCAL;{1116};{6046};2010-01-21;2010-01-21;2024-09-26;{20240926:27:196};{20111116:17:12164,20130404:17:12444,20140723:46:898};2026-03-26;127;Para despacho;6035;Eletrônico;3;Execução fiscal;Originário;0;17616;4278;{CONSELHO REGIONAL DOS REPRESENTANTES COMERCIAIS NO ESTADO DA BAHIA};{15176951000193};{AUTARQUIA FEDERAL};{ATIVIDADES DE FISCALIZACAO PROFISSIONAL};"";"";"";"";Poder_Publico-Polo_Ativo;{};2014-07-23;{20100121:20241111,20241112:0};{20100121:20111128,20240926:20241111,20241112:0};S;1348;S;""
TRF1;G1;BA;SALVADOR;24ª SALVADOR;2026;07;0000974-23.2006.4.01.3311;1116;EXECUÇÃO FISCAL;{1116};{10395};2006-04-24;2006-04-24;2026-07-16;{20260716:27:471};{20080114:46:898,20140217:46:0,20230310:46:898,20241109:46:0};2026-07-17;"";Em secretaria;7403;Eletrônico;3;Execução fiscal;Originário;0;18458;4278;{CONSELHO REGIONAL DOS REPRESENTANTES COMERCIAIS NO ESTADO DA BAHIA};{15176951000193};{AUTARQUIA FEDERAL};{ATIVIDADES DE FISCALIZACAO PROFISSIONAL};"";"";"";"";Poder_Publico-Polo_Ativo;{};2024-11-09;{20060424:20140216,20140217:20241108,20241109:0};{20060424:20080113,20260716:0};S;644;S;""
TRF1;G1;BA;SALVADOR;24ª SALVADOR;2026;07;0000975-08.2006.4.01.3311;1116;EXECUÇÃO FISCAL;{1116};{10395};2006-04-24;2006-04-24;2026-07-31;{20260731:27:471};{20080110:46:898,20140217:46:0,20230420:46:898,20241109:46:0};2026-07-31;"";Em secretaria;7403;Eletrônico;3;Execução fiscal;Originário;0;18458;4278;{CONSELHO REGIONAL DOS REPRESENTANTES COMERCIAIS NO ESTADO DA BAHIA};{15176951000193};{AUTARQUIA FEDERAL};{ATIVIDADES DE FISCALIZACAO PROFISSIONAL};"";"";"";"";Poder_Publico-Polo_Ativo;{};2024-11-09;{20060424:20140216,20140217:20241108,20241109:0};{20060424:20080109,20260731:0};S;625;S;""
TRF1;G1;BA;SALVADOR;24ª SALVADOR;2026;07;0000930-04.2006.4.01.3311;1116;EXECUÇÃO FISCAL;{1116};{10395};2006-04-24;2006-04-24;2026-07-31;{20260731:27:471};{20080114:46:898,20140217:46:0,20230310:46:898,20241109:46:0};2026-07-31;"";Em secretaria;7403;Eletrônico;3;Execução fiscal;Originário;0;18458;4278;{CONSELHO REGIONAL DOS REPRESENTANTES COMERCIAIS NO ESTADO DA BAHIA};{15176951000193};{AUTARQUIA FEDERAL};{ATIVIDADES DE FISCALIZACAO PROFISSIONAL};{CRISAL COMERCIO E REPRESENTACOES LTDA};{40460396000174};{SOCIEDADE EMPRESARIA LIMITADA};{TABACARIA};Poder_Publico-Polo_Ativo;{};2024-11-09;{20060424:20140216,20140217:20241108,20241109:0};{20060424:20080113,20260731:0};S;629;S;""
TRF1;G1;BA;SALVADOR;20ª SALVADOR;2026;07;0000904-06.2006.4.01.3311;1116;EXECUÇÃO FISCAL;{1116};{10395};2006-04-24;2006-04-24;"";{};{20241109:46:0,20230413:46:898};2026-07-08;"";"";7403;Eletrônico;3;Execução fiscal;Originário;0;17618;4278;{CONSELHO REGIONAL DOS REPRESENTANTES COMERCIAIS NO ESTADO DA BAHIA};{15176951000193};{AUTARQUIA FEDERAL};{ATIVIDADES DE FISCALIZACAO PROFISSIONAL};"";"";"";"";Poder_Publico-Polo_Ativo;{};2024-11-09;{20060424:20140216,20241109:0,20140217:20241108};{20060424:20140216};N;2855;S;N
TRF1;G1;BA;SALVADOR;19ª SALVADOR;2026;07;0003607-06.2007.4.01.3300;1116;EXECUÇÃO FISCAL;{1116};{6046};2007-03-13;2007-03-28;2011-06-10;{20110610:28:459};{20080402:17:12444,20080529:17:12164,20080617:17:12444,20090109:17:11382,20090605:17:12164,20130822:17:12444,20150420:46:898,20230721:46:898};2025-11-10;"";"";7080;Eletrônico;3;Execução fiscal;Originário;0;17616;4278;{CONSELHO REGIONAL DOS REPRESENTANTES COMERCIAIS NO ESTADO DA BAHIA};{15176951000193};{AUTARQUIA FEDERAL};{ATIVIDADES DE FISCALIZACAO PROFISSIONAL};"";"";"";"";Poder_Publico-Polo_Ativo;{};2023-07-21;{20070328:20120613,20121122:0};{20070328:20120613,20121122:20150419};N;2782;S;N
TRF1;G1;BA;SALVADOR;19ª SALVADOR;2026;07;0003738-78.2007.4.01.3300;1116;EXECUÇÃO FISCAL;{1116};{6046};2007-03-14;2007-03-27;2011-06-08;{20110608:28:459};{20071109:46:898,20080314:17:12444,20130806:17:12444,20140512:17:12444,20140512:17:12164,20150202:46:898,20230829:46:898};2023-08-29;"";"";7079;Eletrônico;3;Execução fiscal;Originário;0;17616;4278;{CONSELHO REGIONAL DOS REPRESENTANTES COMERCIAIS NO ESTADO DA BAHIA};{15176951000193};{AUTARQUIA FEDERAL};{ATIVIDADES DE FISCALIZACAO PROFISSIONAL};"";"";"";"";Poder_Publico-Polo_Ativo;{};2023-08-29;{20070327:20110926,20120528:0};{20070327:20071108,20110608:20110926,20120528:20150201};N;1315;S;N
TRF1;G1;BA;SALVADOR;20ª SALVADOR;2026;07;0003754-32.2007.4.01.3300;1116;EXECUÇÃO FISCAL;{1116};{6046};2007-03-14;2007-03-27;2026-08-17;{20260817:27:471};{20070529:17:12164,20071218:17:12164,20080630:17:12164,20080725:46:898,20230726:46:898};2026-08-19;"";"";7079;Eletrônico;3;Execução fiscal;Originário;0;17618;4278;{CONSELHO REGIONAL DOS REPRESENTANTES COMERCIAIS NO ESTADO DA BAHIA};{15176951000193};{AUTARQUIA FEDERAL};{ATIVIDADES DE FISCALIZACAO PROFISSIONAL};"";"";"";"";Poder_Publico-Polo_Ativo;{};2023-07-26;{20070327:0};{20070327:20080724,20260817:0};N;468;S;N
TRF1;G1;BA;SALVADOR;18ª SALVADOR;2026;07;0002567-74.2007.4.01.3304;1116;EXECUÇÃO FISCAL;{1116};{6046};2007-03-20;2007-03-20;2012-08-31;{20120831:28:454};{20171023:17:12164,20191116:17:12164,20231019:46:898};2023-10-19;"";"";7073;Eletrônico;3;Execução fiscal;Originário;0;17615;4278;{CONSELHO REGIONAL DOS REPRESENTANTES COMERCIAIS NO ESTADO DA BAHIA};{15176951000193};{AUTARQUIA FEDERAL};{ATIVIDADES DE FISCALIZACAO PROFISSIONAL};"";"";"";"";Poder_Publico-Polo_Ativo;{};2023-10-19;{20070320:20110718,20110719:20130217,20130805:20190415,20190416:20190428,20190429:20230628,20230629:0};{20070320:20110718,20110719:20130217,20130805:20190415,20190416:20190428,20190429:20230628,20230629:20231018};N;5883;S;N
TRF1;G1;BA;SALVADOR;19ª SALVADOR;2026;07;0006721-79.2009.4.01.3300;1116;EXECUÇÃO FISCAL;{1116};{10166};2009-05-21;2009-05-21;2011-06-10;{20110610:28:459};{20090721:17:12164,20100506:17:12164,20131105:46:898,20140321:17:12444,20141219:46:898,20160308:46:898,20160411:46:898,20160928:46:898,20230829:46:898};2023-08-29;"";"";6280;Eletrônico;3;Execução fiscal;Originário;0;17616;4278;{CONSELHO REGIONAL DOS REPRESENTANTES COMERCIAIS NO ESTADO DA BAHIA};{15176951000193};{AUTARQUIA FEDERAL};{ATIVIDADES DE FISCALIZACAO PROFISSIONAL};"";"";"";"";Poder_Publico-Polo_Ativo;{};2023-08-29;{20090521:20110926,20130116:0};{20090521:20110926,20130116:20131104};N;1150;S;N
TRF1;G1;BA;SALVADOR;18ª SALVADOR;2026;07;0002243-79.2010.4.01.3304;1116;EXECUÇÃO FISCAL;{1116};{6046};2009-12-18;2010-03-25;2012-05-14;{20120514:28:459};{20120120:17:12164,20120222:17:12444,20120904:17:12444,20120905:17:12164,20120913:17:394,20131108:17:12164,20150428:46:898,20160205:17:11382,20160603:17:12444,20181121:17:12444,20230630:46:0,20240819:17:12164,20240821:46:898};2024-10-24;"";"";6069;Eletrônico;3;Execução fiscal;Originário;0;17615;4278;{CONSELHO REGIONAL DOS REPRESENTANTES COMERCIAIS NO ESTADO DA BAHIA};{15176951000193};{AUTARQUIA FEDERAL};{ATIVIDADES DE FISCALIZACAO PROFISSIONAL};"";"";"";"";Poder_Publico-Polo_Ativo;{};2024-08-21;{20100325:20130304,20130627:20230629,20230630:0};{20100325:20130304,20130627:20150427};N;1744;S;N
TRF1;G1;BA;SALVADOR;19ª SALVADOR;2026;07;0030963-68.2010.4.01.3300;1116;EXECUÇÃO FISCAL;{1116};{6046};2010-08-17;2010-10-05;2011-09-23;{20110923:28:459};{20130510:17:12164,20130909:17:12444,20140617:17:12444,20141015:46:270,20180919:17:12444,20180919:17:12164,20191202:46:898,20230607:46:898};2023-06-07;"";"";5827;Eletrônico;3;Execução fiscal;Originário;0;17616;4278;{CONSELHO REGIONAL DOS REPRESENTANTES COMERCIAIS NO ESTADO DA BAHIA};{15176951000193};{AUTARQUIA FEDERAL};{ATIVIDADES DE FISCALIZACAO PROFISSIONAL};"";"";"";"";Poder_Publico-Polo_Ativo;{};2023-06-07;{20101005:20111121,20111129:20111211,20120627:0};{20101005:20111121,20111129:20111211,20120627:20141014};N;1263;S;N
TRF1;G1;BA;SALVADOR;19ª SALVADOR;2026;07;0031003-50.2010.4.01.3300;1116;EXECUÇÃO FISCAL;{1116};{6046};2010-08-17;2010-10-01;2011-09-23;{20110923:28:459};{20130510:17:12164,20130909:17:12444,20140729:17:12444,20160607:17:12444,20190613:17:12164,20190617:17:12444,20191213:46:898,20230607:46:898};2023-06-07;"";"";5827;Eletrônico;3;Execução fiscal;Originário;0;17616;4278;{CONSELHO REGIONAL DOS REPRESENTANTES COMERCIAIS NO ESTADO DA BAHIA};{15176951000193};{AUTARQUIA FEDERAL};{ATIVIDADES DE FISCALIZACAO PROFISSIONAL};"";"";"";"";Poder_Publico-Polo_Ativo;{};2023-06-07;{20101001:20111121,20111129:20111211,20120529:0};{20101001:20111121,20111129:20111211,20120529:20140518};N;1147;S;N
TRF1;G1;BA;SALVADOR;19ª SALVADOR;2026;07;0031030-33.2010.4.01.3300;1116;EXECUÇÃO FISCAL;{1116};{6046};2010-08-17;2010-10-01;2011-09-23;{20110923:28:459};{20130509:17:12164,20140311:17:12444,20150212:17:11382,20151027:46:898,20230614:46:898};2023-06-14;"";"";5827;Eletrônico;3;Execução fiscal;Originário;0;17616;4278;{CONSELHO REGIONAL DOS REPRESENTANTES COMERCIAIS NO ESTADO DA BAHIA};{15176951000193};{AUTARQUIA FEDERAL};{ATIVIDADES DE FISCALIZACAO PROFISSIONAL};"";"";"";"";Poder_Publico-Polo_Ativo;{};2023-06-14;{20101001:20111121,20111129:20111211,20120531:0};{20101001:20111121,20111129:20111211,20120531:20151026};N;1671;S;N
TRF1;G1;BA;SALVADOR;19ª SALVADOR;2026;07;0031002-65.2010.4.01.3300;1116;EXECUÇÃO FISCAL;{1116};{6046};2010-08-17;2010-10-01;2011-09-23;{20110923:28:459};{20130509:17:12164,20140311:17:12444,20140715:17:12444,20151204:17:12164,20170221:46:898,20230724:46:898};2023-07-24;"";"";5827;Eletrônico;3;Execução fiscal;Originário;0;17616;4278;{CONSELHO REGIONAL DOS REPRESENTANTES COMERCIAIS NO ESTADO DA BAHIA};{15176951000193};{AUTARQUIA FEDERAL};{ATIVIDADES DE FISCALIZACAO PROFISSIONAL};"";"";"";"";Poder_Publico-Polo_Ativo;{};2023-07-24;{20101001:20111213,20120627:0};{20101001:20111213,20120627:20170220};N;2137;S;N
TRF1;G1;BA;SALVADOR;19ª SALVADOR;2026;07;0031028-63.2010.4.01.3300;1116;EXECUÇÃO FISCAL;{1116};{6046};2010-08-17;2010-10-01;2011-09-23;{20110923:28:459};{20130611:17:12444,20130917:17:12444,20140401:17:12444,20140609:17:12444,20151203:17:12164,20160928:46:898,20230614:46:898};2023-06-14;"";"";5827;Eletrônico;3;Execução fiscal;Originário;0;17616;4278;{CONSELHO REGIONAL DOS REPRESENTANTES COMERCIAIS NO ESTADO DA BAHIA};{15176951000193};{AUTARQUIA FEDERAL};{ATIVIDADES DE FISCALIZACAO PROFISSIONAL};"";"";"";"";Poder_Publico-Polo_Ativo;{};2023-06-14;{20101001:20111121,20111129:20111211,20121122:0};{20101001:20111121,20111129:20111211,20121122:20160927};N;1833;S;N
TRF1;G1;BA;SALVADOR;19ª SALVADOR;2026;07;0031018-19.2010.4.01.3300;1116;EXECUÇÃO FISCAL;{1116};{6046};2010-08-17;2010-10-01;2011-09-23;{20110923:28:459};{20131128:46:898,20150420:46:898,20230614:46:898};2023-06-14;"";"";5827;Eletrônico;3;Execução fiscal;Originário;0;17616;4278;{CONSELHO REGIONAL DOS REPRESENTANTES COMERCIAIS NO ESTADO DA BAHIA};{15176951000193};{AUTARQUIA FEDERAL};{ATIVIDADES DE FISCALIZACAO PROFISSIONAL};"";"";"";"";Poder_Publico-Polo_Ativo;{};2023-06-14;{20101001:20111211,20120410:0};{20101001:20111211,20120410:20131127};N;1032;S;N
TRF1;G1;BA;SALVADOR;19ª SALVADOR;2026;07;0030973-15.2010.4.01.3300;1116;EXECUÇÃO FISCAL;{1116};{6046};2010-08-17;2010-10-07;2011-06-08;{20110608:28:459};{20130510:17:12164,20140707:46:270,20150910:46:898,20180919:17:12164,20180919:17:12444,20200130:17:12444,20220906:17:12164,20220912:46:898};2026-01-13;"";"";5827;Eletrônico;3;Execução fiscal;Originário;0;17616;4278;{CONSELHO REGIONAL DOS REPRESENTANTES COMERCIAIS NO ESTADO DA BAHIA};{15176951000193};{AUTARQUIA FEDERAL};{ATIVIDADES DE FISCALIZACAO PROFISSIONAL};"";"";"";"";Poder_Publico-Polo_Ativo;{};2022-09-12;{20101007:20110926,20120528:0};{20101007:20110926,20120528:20140706};N;1123;S;N
TRF1;G1;BA;SALVADOR;19ª SALVADOR;2026;07;0031022-56.2010.4.01.3300;1116;EXECUÇÃO FISCAL;{1116};{6046};2010-08-17;2010-09-30;2011-09-23;{20110923:28:459};{20131025:17:12164,20140401:17:12444,20151204:17:12164,20160928:46:898,20230614:46:898};2023-06-14;"";"";5827;Eletrônico;3;Execução fiscal;Originário;0;17616;4278;{CONSELHO REGIONAL DOS REPRESENTANTES COMERCIAIS NO ESTADO DA BAHIA};{15176951000193};{AUTARQUIA FEDERAL};{ATIVIDADES DE FISCALIZACAO PROFISSIONAL};"";"";"";"";Poder_Publico-Polo_Ativo;{};2023-06-14;{20100930:20111121,20111129:20111211,20120410:0};{20100930:20111121,20111129:20111211,20120410:20160927};N;2060;S;N
TRF1;G1;BA;SALVADOR;19ª SALVADOR;2026;07;0030966-23.2010.4.01.3300;1116;EXECUÇÃO FISCAL;{1116};{6046};2010-08-17;2010-10-05;2011-09-23;{20110923:28:459};{20130509:17:12164,20140311:17:12444,20140618:17:12444,20150415:17:12444,20151204:17:12164,20160928:46:898,20230614:46:898};2023-06-14;"";"";5827;Eletrônico;3;Execução fiscal;Originário;0;17616;4278;{CONSELHO REGIONAL DOS REPRESENTANTES COMERCIAIS NO ESTADO DA BAHIA};{15176951000193};{AUTARQUIA FEDERAL};{ATIVIDADES DE FISCALIZACAO PROFISSIONAL};"";"";"";"";Poder_Publico-Polo_Ativo;{};2023-06-14;{20101005:20111211,20120627:0};{20101005:20111211,20120627:20160927};N;1985;S;N
TRF1;G1;BA;SALVADOR;19ª SALVADOR;2026;07;0031032-03.2010.4.01.3300;1116;EXECUÇÃO FISCAL;{1116};{6046};2010-08-17;2010-10-01;2011-09-23;{20110923:28:459};{20130510:17:12164,20140311:17:12444,20140617:17:12444,20151204:17:12164,20160928:46:898,20230614:46:898};2023-06-14;"";"";5827;Eletrônico;3;Execução fiscal;Originário;0;17616;4278;{CONSELHO REGIONAL DOS REPRESENTANTES COMERCIAIS NO ESTADO DA BAHIA};{15176951000193};{AUTARQUIA FEDERAL};{ATIVIDADES DE FISCALIZACAO PROFISSIONAL};"";"";"";"";Poder_Publico-Polo_Ativo;{};2023-06-14;{20101001:20111121,20111129:20111211,20120529:0};{20101001:20111121,20111129:20111211,20120529:20160927};N;2010;S;N
TRF1;G1;BA;SALVADOR;19ª SALVADOR;2026;07;0030962-83.2010.4.01.3300;1116;EXECUÇÃO FISCAL;{1116};{6046};2010-08-17;2010-10-05;2011-09-23;{20110923:28:459};{20130510:17:12164,20140311:17:12444,20140715:17:12444,20160212:17:12164,20160914:17:12164,20170113:17:12444,20170207:17:12444,20171116:46:898,20171206:46:898,20230724:46:898};2023-07-24;"";"";5827;Eletrônico;3;Execução fiscal;Originário;0;17616;4278;{CONSELHO REGIONAL DOS REPRESENTANTES COMERCIAIS NO ESTADO DA BAHIA};{15176951000193};{AUTARQUIA FEDERAL};{ATIVIDADES DE FISCALIZACAO PROFISSIONAL};"";"";"";"";Poder_Publico-Polo_Ativo;{};2023-07-24;{20101005:20111211,20120627:0};{20101005:20111211,20120627:20171115};N;2399;S;N
TRF1;G1;BA;SALVADOR;19ª SALVADOR;2026;07;0035843-06.2010.4.01.3300;1116;EXECUÇÃO FISCAL;{1116};{6046};2010-09-24;2010-11-12;2011-09-23;{20110923:28:459};{20131127:46:898,20140312:46:898,20150602:17:12164,20150603:17:12444,20160429:46:898,20160919:17:12164,20170516:46:898,20180427:46:898,20190320:46:898,20220621:17:12164,20250110:17:12164,20260506:17:12164};2026-07-23;"";"";5789;Eletrônico;3;Execução fiscal;Originário;0;17616;4278;{CONSELHO REGIONAL DOS REPRESENTANTES COMERCIAIS NO ESTADO DA BAHIA};{15176951000193};{AUTARQUIA FEDERAL};{ATIVIDADES DE FISCALIZACAO PROFISSIONAL};"";"";"";"";Poder_Publico-Polo_Ativo;{};2019-03-20;{20101112:20111121,20111129:20111211,20120410:0};{20101112:20111121,20111129:20111211,20120410:20131126};N;981;S;S
TRF1;G1;BA;SALVADOR;19ª SALVADOR;2026;07;0035798-02.2010.4.01.3300;1116;EXECUÇÃO FISCAL;{1116};{6046};2010-09-24;2010-11-10;2011-09-29;{20110929:28:459};{20141219:46:898,20230607:46:898};2023-06-07;"";"";5789;Eletrônico;3;Execução fiscal;Originário;0;17616;4278;{CONSELHO REGIONAL DOS REPRESENTANTES COMERCIAIS NO ESTADO DA BAHIA};{15176951000193};{AUTARQUIA FEDERAL};{ATIVIDADES DE FISCALIZACAO PROFISSIONAL};{EXCOM COMERCIO REPRESENTACAO IMPORTACAO EXPORTACAO E SE};{01349977000181};{SOCIEDADE EMPRESARIA LIMITADA};{COMERCIO VAREJISTA DE ARTIGOS DE OPTICA};Poder_Publico-Polo_Ativo;{};2023-06-07;{20101110:20111121,20111129:20111211,20120410:0};{20101110:20111121,20111129:20111211,20120410:20141218};N;1370;S;N
TRF1;G1;BA;SALVADOR;8ª SALVADOR;2026;07;0000973-92.2011.4.01.3301;1116;EXECUÇÃO FISCAL;{1116};{6046};2011-03-17;2011-04-18;"";{};{20150512:46:898,20241109:46:0,20241118:17:12164,20260406:17:12164};2026-05-18;"";"";5615;Eletrônico;3;Execução fiscal;Originário;0;16301;4278;{CONSELHO REGIONAL DOS REPRESENTANTES COMERCIAIS NO ESTADO DA BAHIA};{15176951000193};{AUTARQUIA FEDERAL};{ATIVIDADES DE FISCALIZACAO PROFISSIONAL};"";"";"";"";Poder_Publico-Polo_Ativo;{};2024-11-09;{20110418:20241108,20241109:0};{20110418:20150511};N;1484;S;N
TRF1;G1;BA;SALVADOR;8ª SALVADOR;2026;07;0001080-39.2011.4.01.3301;1116;EXECUÇÃO FISCAL;{1116};{6046};2011-04-13;2011-05-23;"";{};{20140808:17:12164,20150602:46:898,20250409:17:12164,20260406:17:12164};2026-04-06;"";Em secretaria;5588;Eletrônico;3;Execução fiscal;Originário;0;16301;4278;{CONSELHO REGIONAL DOS REPRESENTANTES COMERCIAIS NO ESTADO DA BAHIA};{15176951000193};{AUTARQUIA FEDERAL};{ATIVIDADES DE FISCALIZACAO PROFISSIONAL};"";"";"";"";Poder_Publico-Polo_Ativo;{};2015-06-02;{20110523:20221110,20221111:20241108,20241109:0};{20110523:20150601,20221111:20241108,20241109:0};S;2827;S;""
TRF1;G1;BA;SALVADOR;8ª SALVADOR;2026;07;0001068-92.2011.4.01.3311;1116;EXECUÇÃO FISCAL;{1116};{6046};2011-04-13;2011-04-26;2011-11-30;{20111130:28:459,20260714:28:461};{20160721:17:12164,20160801:17:12444,20160914:17:12444,20170608:17:12444,20181024:17:12444};2026-07-14;"";Em secretaria;5588;Eletrônico;3;Execução fiscal;Originário;0;16301;4278;{CONSELHO REGIONAL DOS REPRESENTANTES COMERCIAIS NO ESTADO DA BAHIA};{15176951000193};{AUTARQUIA FEDERAL};{ATIVIDADES DE FISCALIZACAO PROFISSIONAL};"";"";"";"";Poder_Publico-Polo_Ativo;{};"";{20110426:20120719,20130820:20241109,20241110:0};{20110426:20120719,20130820:20241109,20241110:0};S;5177;S;""
TRF1;G1;BA;SALVADOR;8ª SALVADOR;2026;07;0001092-53.2011.4.01.3301;1116;EXECUÇÃO FISCAL;{1116};{6046,10399};2011-04-13;2011-05-23;"";{};{20140519:17:12164};2024-11-09;"";Em secretaria;5588;Eletrônico;3;Execução fiscal;Originário;0;16301;4278;{CONSELHO REGIONAL DOS REPRESENTANTES COMERCIAIS NO ESTADO DA BAHIA};{15176951000193};{AUTARQUIA FEDERAL};{ATIVIDADES DE FISCALIZACAO PROFISSIONAL};"";"";"";"";Poder_Publico-Polo_Ativo;{};"";{20110523:20241108,20241109:0};{20110523:20241108,20241109:0};S;5547;S;""
TRF1;G1;BA;SALVADOR;19ª SALVADOR;2026;07;0001019-81.2011.4.01.3301;1116;EXECUÇÃO FISCAL;{1116};{6046};2011-04-13;2011-05-20;2026-02-09;{20260209:27:196};{};2026-07-20;"";Em secretaria;5588;Eletrônico;3;Execução fiscal;Originário;0;17616;4278;{CONSELHO REGIONAL DOS REPRESENTANTES COMERCIAIS NO ESTADO DA BAHIA};{15176951000193};{AUTARQUIA FEDERAL};{ATIVIDADES DE FISCALIZACAO PROFISSIONAL};"";"";"";"";Poder_Publico-Polo_Ativo;{};"";{20110520:20241107,20241108:20260129,20260130:0};{20110520:20201004,20260130:0};S;3607;S;""
TRF1;G1;BA;SALVADOR;19ª SALVADOR;2026;07;0001018-96.2011.4.01.3301;1116;EXECUÇÃO FISCAL;{1116};{6046};2011-04-13;2011-05-20;2026-05-06;{20260506:27:196};{20260512:46:898};2026-07-09;22;Para despacho;5588;Eletrônico;3;Execução fiscal;Originário;0;17616;4278;{CONSELHO REGIONAL DOS REPRESENTANTES COMERCIAIS NO ESTADO DA BAHIA};{15176951000193};{AUTARQUIA FEDERAL};{ATIVIDADES DE FISCALIZACAO PROFISSIONAL};"";"";"";"";Poder_Publico-Polo_Ativo;{};2026-05-12;{20110520:20241108,20241109:0};{20110520:20241108,20241109:20260511,20260709:0};S;5491;S;""
TRF1;G1;BA;SALVADOR;19ª SALVADOR;2026;07;0001072-62.2011.4.01.3301;1116;EXECUÇÃO FISCAL;{1116};{6046};2011-04-13;2011-05-23;"";{};{};2026-03-28;"";Em secretaria;5588;Eletrônico;3;Execução fiscal;Originário;0;17616;4278;{CONSELHO REGIONAL DOS REPRESENTANTES COMERCIAIS NO ESTADO DA BAHIA};{15176951000193};{AUTARQUIA FEDERAL};{ATIVIDADES DE FISCALIZACAO PROFISSIONAL};{PRESTIGIO COMERCIO E REPRESENTACOES LTDA};{04120682000127};{SOCIEDADE EMPRESARIA LIMITADA};{COMERCIO VAREJISTA DE ARTIGOS DO VESTUARIO E ACESSORIOS};Poder_Publico-Polo_Ativo;{};"";{20110523:20241108,20241109:0};{20110523:20241108,20241109:0};S;5547;S;""
TRF1;G1;BA;SALVADOR;8ª SALVADOR;2026;07;0001085-61.2011.4.01.3301;1116;EXECUÇÃO FISCAL;{1116};{6046};2011-04-13;2011-05-23;"";{};{20140502:17:12164,20151204:46:898,20201113:17:12164,20241109:46:0};2025-06-11;"";"";5588;Eletrônico;3;Execução fiscal;Originário;0;16301;4278;{CONSELHO REGIONAL DOS REPRESENTANTES COMERCIAIS NO ESTADO DA BAHIA};{15176951000193};{AUTARQUIA FEDERAL};{ATIVIDADES DE FISCALIZACAO PROFISSIONAL};{PAULO JOSE DE CARVALHO SILVA LTDA};{03120782000190};{SOCIEDADE EMPRESARIA LIMITADA};{REPRESENTANTES COMERCIAIS E AGENTES DO COMERCIO DE MEDICAMENTOS  COSMETICOS E PRODUTOS DE PERFUMARIA};Poder_Publico-Polo_Ativo;{};2024-11-09;{20110523:20241108,20241109:0};{20110523:20151203};N;1655;S;N
TRF1;G1;BA;SALVADOR;18ª SALVADOR;2026;07;0001011-07.2011.4.01.3301;1116;EXECUÇÃO FISCAL;{1116};{6046};2011-04-13;2011-05-20;"";{};{};2024-11-08;"";"";5588;Eletrônico;3;Execução fiscal;Originário;0;17615;4278;{CONSELHO REGIONAL DOS REPRESENTANTES COMERCIAIS NO ESTADO DA BAHIA};{15176951000193};{AUTARQUIA FEDERAL};{ATIVIDADES DE FISCALIZACAO PROFISSIONAL};"";"";"";"";Poder_Publico-Polo_Ativo;{};"";{20110520:20241107,20241108:0};{20110520:20200929};N;3420;S;""
TRF1;G1;BA;SALVADOR;20ª SALVADOR;2026;07;0000993-53.2011.4.01.3311;1116;EXECUÇÃO FISCAL;{1116};{6046};2011-04-13;2011-04-14;2011-12-07;{20111207:28:459};{20160721:17:12164,20160801:17:12444,20160817:17:12164,20160826:17:12444,20170116:46:898};2024-11-08;"";"";5588;Eletrônico;3;Execução fiscal;Originário;0;17618;4278;{CONSELHO REGIONAL DOS REPRESENTANTES COMERCIAIS NO ESTADO DA BAHIA};{15176951000193};{AUTARQUIA FEDERAL};{ATIVIDADES DE FISCALIZACAO PROFISSIONAL};"";"";"";"";Poder_Publico-Polo_Ativo;{};2017-01-16;{20110414:20121209,20130820:20240626,20240627:20241107,20241108:0};{20110414:20121209,20130820:20170115};N;1849;S;S
TRF1;G1;BA;SALVADOR;24ª SALVADOR;2026;07;0030246-03.2003.4.01.3300;1116;EXECUÇÃO FISCAL;{1116};{6046};2003-11-28;2003-12-02;"";{};{20041014:46:898,20090803:17:12164,20131206:46:0,20131206:46:898};2026-06-12;"";Em secretaria;8281;Eletrônico;3;Execução fiscal;Originário;0;18458;4278;{CONSELHO REGIONAL DOS REPRESENTANTES COMERCIAIS NO ESTADO DA BAHIA};{15176951000193};{AUTARQUIA FEDERAL};{ATIVIDADES DE FISCALIZACAO PROFISSIONAL};{LOCAMAO LOCACAO DE MAO DE OBRA E REPRESENTACOES LTDA};{16151516000177};{SOCIEDADE EMPRESARIA LIMITADA};{ARMAZENS GERAIS - EMISSAO DE WARRANT};Poder_Publico-Polo_Ativo;{};2013-12-06;{20031202:20131205,20131206:0};{20031202:20041013,20260612:0};S;365;S;""
TRF1;G1;BA;SALVADOR;24ª SALVADOR;2026;07;0002003-11.2006.4.01.3311;1116;EXECUÇÃO FISCAL;{1116};{10395};2006-04-27;2006-04-27;2026-07-31;{20260731:27:471};{20080109:46:898,20140217:46:0,20230310:46:898,20241109:46:0};2026-07-31;"";Em secretaria;7400;Eletrônico;3;Execução fiscal;Originário;0;18458;4278;{CONSELHO REGIONAL DOS REPRESENTANTES COMERCIAIS NO ESTADO DA BAHIA};{15176951000193};{AUTARQUIA FEDERAL};{ATIVIDADES DE FISCALIZACAO PROFISSIONAL};"";"";"";"";Poder_Publico-Polo_Ativo;{};2024-11-09;{20060427:20140216,20140217:20241108,20241109:0};{20060427:20080108,20260731:0};S;621;S;""
TRF1;G1;BA;SALVADOR;20ª SALVADOR;2026;07;0002118-32.2006.4.01.3311;1116;EXECUÇÃO FISCAL;{1116};{10395};2006-04-27;2006-04-27;"";{};{20241109:46:0,20230413:46:898};2026-07-08;"";"";7400;Eletrônico;3;Execução fiscal;Originário;0;17618;4278;{CONSELHO REGIONAL DOS REPRESENTANTES COMERCIAIS NO ESTADO DA BAHIA};{15176951000193};{AUTARQUIA FEDERAL};{ATIVIDADES DE FISCALIZACAO PROFISSIONAL};"";"";"";"";Poder_Publico-Polo_Ativo;{};2024-11-09;{20060427:20140216,20241109:0,20140217:20241108};{20060427:20140216};N;2852;S;N
TRF1;G1;BA;SALVADOR;20ª SALVADOR;2026;07;0002123-54.2006.4.01.3311;1116;EXECUÇÃO FISCAL;{1116};{10395};2006-04-27;2006-04-27;"";{};{20080114:46:898,20241109:46:0,20140217:46:0,20230310:46:898};2026-08-13;"";"";7400;Eletrônico;3;Execução fiscal;Originário;0;17618;4278;{CONSELHO REGIONAL DOS REPRESENTANTES COMERCIAIS NO ESTADO DA BAHIA};{15176951000193};{AUTARQUIA FEDERAL};{ATIVIDADES DE FISCALIZACAO PROFISSIONAL};"";"";"";"";Poder_Publico-Polo_Ativo;{};2024-11-09;{20060427:20140216,20241109:0,20140217:20241108};{20060427:20080113};N;626;S;N
TRF1;G1;BA;SALVADOR;19ª SALVADOR;2026;07;0015656-79.2007.4.01.3300;1116;EXECUÇÃO FISCAL;{1116};{6046};2007-08-15;2007-08-17;2011-06-08;{20110608:28:459};{20080312:17:12444,20130307:17:12164,20130308:17:12444,20140414:17:12164,20150710:17:12444,20150710:17:12444,20160602:17:12164,20160602:17:12444,20210922:17:11382,20220515:17:11382,20250825:17:12164};2025-08-26;"";Em secretaria;6925;Eletrônico;3;Execução fiscal;Originário;0;17616;4278;{CONSELHO REGIONAL DOS REPRESENTANTES COMERCIAIS NO ESTADO DA BAHIA};{15176951000193};{AUTARQUIA FEDERAL};{ATIVIDADES DE FISCALIZACAO PROFISSIONAL};{JNO - COMERCIO  REPRESENTACOES E SERVICOS LTDA};{02472393000161};{SOCIEDADE EMPRESARIA LIMITADA};{OUTRAS ATIVIDADES DE SERVICOS PESSOAIS NAO ESPECIFICADAS ANTERIORMENTE};Poder_Publico-Polo_Ativo;{};"";{20070817:20111027,20121122:0};{20070817:20111027,20121122:0};S;6531;S;""
TRF1;G1;BA;SALVADOR;24ª SALVADOR;2026;07;0019414-54.2007.4.01.3304;1116;EXECUÇÃO FISCAL;{1116};{6046};2007-09-28;2007-10-11;2012-09-05;{20120905:28:454,20260731:27:471};{20130201:17:12164,20150430:46:898,20230630:46:0};2026-07-31;"";Em secretaria;6881;Eletrônico;3;Execução fiscal;Originário;0;18458;4278;{CONSELHO REGIONAL DOS REPRESENTANTES COMERCIAIS NO ESTADO DA BAHIA};{15176951000193};{AUTARQUIA FEDERAL};{ATIVIDADES DE FISCALIZACAO PROFISSIONAL};"";"";"";"";Poder_Publico-Polo_Ativo;{};2023-06-30;{20071011:20110718,20110719:20130219,20130621:20190415,20190416:20190428,20190429:20230629,20230630:0};{20071011:20110718,20110719:20130219,20130621:20150429,20260616:0};S;2679;S;""
TRF1;G1;BA;SALVADOR;20ª SALVADOR;2026;07;0019423-16.2007.4.01.3304;1116;EXECUÇÃO FISCAL;{1116};{6046};2007-09-28;2007-10-16;2012-08-31;{20120831:28:454};{20130508:17:12164,20150430:46:898,20230630:46:0,20240729:46:12259,20260226:17:11382};2026-07-15;"";"";6881;Eletrônico;3;Execução fiscal;Originário;0;17618;4278;{CONSELHO REGIONAL DOS REPRESENTANTES COMERCIAIS NO ESTADO DA BAHIA};{15176951000193};{AUTARQUIA FEDERAL};{ATIVIDADES DE FISCALIZACAO PROFISSIONAL};"";"";"";"";Poder_Publico-Polo_Ativo;{};2024-07-29;{20071016:20110718,20110719:20130507,20130807:20190415,20190416:20190428,20190429:20230629,20230630:0};{20071016:20110718,20110719:20130507,20130807:20150429};N;2659;S;N
TRF1;G1;BA;SALVADOR;20ª SALVADOR;2026;07;0019435-30.2007.4.01.3304;1116;EXECUÇÃO FISCAL;{1116};{6046};2007-09-28;2007-10-16;2012-08-30;{20120830:28:454};{20130508:17:12164,20140602:17:12444,20140602:17:12164,20140602:17:12444,20170419:17:12164,20170419:17:12444,20190723:17:12164,20190724:46:898,20230630:46:0,20240822:17:12164,20240921:17:12164,20250730:46:898};2025-07-30;"";"";6881;Eletrônico;3;Execução fiscal;Originário;0;17618;4278;{CONSELHO REGIONAL DOS REPRESENTANTES COMERCIAIS NO ESTADO DA BAHIA};{15176951000193};{AUTARQUIA FEDERAL};{ATIVIDADES DE FISCALIZACAO PROFISSIONAL};"";"";"";"";Poder_Publico-Polo_Ativo;{};2025-07-30;{20071016:20110718,20110719:20130507,20131011:20230629,20230630:0};{20071016:20110718,20110719:20130507,20131011:20190723};N;4140;S;N
TRF1;G1;BA;SALVADOR;24ª SALVADOR;2026;07;0020297-98.2007.4.01.3304;1116;EXECUÇÃO FISCAL;{1116};{6046};2007-11-26;2007-12-04;2012-08-29;{20120829:28:454,20260804:27:471};{20130201:17:12164,20130805:17:12164,20150506:46:898,20230630:46:0};2026-08-05;"";"";6822;Eletrônico;3;Execução fiscal;Originário;0;18458;4278;{CONSELHO REGIONAL DOS REPRESENTANTES COMERCIAIS NO ESTADO DA BAHIA};{15176951000193};{AUTARQUIA FEDERAL};{ATIVIDADES DE FISCALIZACAO PROFISSIONAL};{HELIO COMERCIO E REPRESENTACOES LTDA};{13611751000196};{SOCIEDADE EMPRESARIA LIMITADA};{ND};Poder_Publico-Polo_Ativo;{};2023-06-30;{20071204:20110718,20110719:20130218,20130805:20190415,20190416:20190423,20190424:20230629,20230630:0};{20071204:20110718,20110719:20130218,20130805:20150505,20260616:0};S;2585;S;""
TRF1;G1;BA;SALVADOR;18ª SALVADOR;2026;07;0020349-94.2007.4.01.3304;1116;EXECUÇÃO FISCAL;{1116};{6046};2007-11-28;2007-12-07;2012-08-28;{20120828:28:454};{20090610:17:12164,20130201:17:12164,20131001:17:12164,20150506:46:898,20230630:46:0,20240819:17:12164,20240821:46:898};2024-10-24;"";"";6820;Eletrônico;3;Execução fiscal;Originário;0;17615;4278;{CONSELHO REGIONAL DOS REPRESENTANTES COMERCIAIS NO ESTADO DA BAHIA};{15176951000193};{AUTARQUIA FEDERAL};{ATIVIDADES DE FISCALIZACAO PROFISSIONAL};{CDO - CONSULTORIA E SERVICOS LTDA};{16483539000189};{SOCIEDADE EMPRESARIA LIMITADA};{ATIVIDADES DE INTERMEDIACAO E AGENCIAMENTO DE SERVICOS E NEGOCIOS EM GERAL  EXCETO IMOBILIARIOS};Poder_Publico-Polo_Ativo;{};2024-08-21;{20071207:20110718,20110719:20130305,20130621:20190415,20190416:20190423,20190424:20230629,20230630:0};{20071207:20110718,20110719:20130305,20130621:20150505};N;2597;S;N
TRF1;G1;BA;SALVADOR;24ª SALVADOR;2026;07;0000363-23.2008.4.01.3304;1116;EXECUÇÃO FISCAL;{1116};{6046};2008-01-18;2008-02-12;2012-09-05;{20120905:28:454,20260804:27:471};{20130201:17:12164,20150506:46:898,20230629:46:0};2026-08-04;"";"";6769;Eletrônico;3;Execução fiscal;Originário;0;18458;4278;{CONSELHO REGIONAL DOS REPRESENTANTES COMERCIAIS NO ESTADO DA BAHIA};{15176951000193};{AUTARQUIA FEDERAL};{ATIVIDADES DE FISCALIZACAO PROFISSIONAL};"";"";"";"";Poder_Publico-Polo_Ativo;{};2023-06-29;{20080212:20110718,20110719:20130218,20130805:20190415,20190416:20190423,20190424:20230628,20230629:0};{20080212:20110718,20110719:20130218,20130805:20150505,20260616:0};S;2515;S;""
TRF1;G1;BA;BARREIRAS;VARA ÚNICA DE BARREIRAS;2026;07;0000586-76.2008.4.01.3303;1116;EXECUÇÃO FISCAL;{1116};{6046};2008-03-26;2008-03-31;2023-04-18;{20230418:27:11878};{20091111:17:12164,20091203:17:11382,20100202:46:898};2026-07-30;"";Em secretaria;6701;Eletrônico;3;Execução fiscal;Originário;0;12358;534;{CONSELHO REGIONAL DOS REPRESENTANTES COMERCIAIS NO ESTADO DA BAHIA};{15176951000193};{AUTARQUIA FEDERAL};{ATIVIDADES DE FISCALIZACAO PROFISSIONAL};{MARCELO PETRONILIO DOS SANTOS FILHO & CIA LTDA};{03543078000140};{SOCIEDADE EMPRESARIA LIMITADA};{REPRESENTANTES COMERCIAIS E AGENTES DO COMERCIO DE MERCADORIAS EM GERAL NAO ESPECIALIZADO};Poder_Publico-Polo_Ativo;{};2010-02-02;{20080331:20230921,20260730:0};{20080331:20100201,20230418:20230921,20260730:0};S;829;S;""
TRF1;G1;BA;SALVADOR;8ª SALVADOR;2026;07;0000546-94.2008.4.01.3303;1116;EXECUÇÃO FISCAL;{1116};{6046};2008-03-26;2008-04-02;"";{};{20091111:17:12164,20091207:17:11382,20121018:17:11382,20140130:46:898,20200707:46:898,20230529:46:898,20240401:46:898,20241015:46:898,20241109:46:0};2026-05-14;"";"";6701;Eletrônico;3;Execução fiscal;Originário;0;16301;4278;{CONSELHO REGIONAL DOS REPRESENTANTES COMERCIAIS NO ESTADO DA BAHIA};{15176951000193};{AUTARQUIA FEDERAL};{ATIVIDADES DE FISCALIZACAO PROFISSIONAL};"";"";"";"";Poder_Publico-Polo_Ativo;{};2024-11-09;{20080402:20241108,20241109:0};{20080402:20140129,20231009:20240331,20240502:20241014};N;2467;S;N
TRF1;G1;BA;SALVADOR;18ª SALVADOR;2026;07;0000554-71.2008.4.01.3303;1116;EXECUÇÃO FISCAL;{1116};{6046};2008-03-26;2008-04-02;"";{};{20091111:17:12164,20091207:17:11382,20110912:17:11382,20130705:17:11382,20140224:46:898,20240603:17:12164,20241002:46:898,20241109:46:0};2024-11-09;"";"";6701;Eletrônico;3;Execução fiscal;Originário;0;17615;4278;{CONSELHO REGIONAL DOS REPRESENTANTES COMERCIAIS NO ESTADO DA BAHIA};{15176951000193};{AUTARQUIA FEDERAL};{ATIVIDADES DE FISCALIZACAO PROFISSIONAL};{NADIA REPRESENTACOES COMERCIAIS LTDA};{34190058000167};{SOCIEDADE EMPRESARIA LIMITADA};{ATIVIDADES PAISAGISTICAS};Poder_Publico-Polo_Ativo;{};2024-11-09;{20080402:20241108,20241109:0};{20080402:20140223};N;2153;S;N
TRF1;G1;BA;SALVADOR;18ª SALVADOR;2026;07;0000561-63.2008.4.01.3303;1116;EXECUÇÃO FISCAL;{1116};{6046};2008-03-26;2008-04-02;"";{};{20091111:17:12164,20091204:17:11382,20110210:46:898,20110329:46:898,20230328:46:898,20230719:46:898};2024-11-08;"";"";6701;Eletrônico;3;Execução fiscal;Originário;0;17615;4278;{CONSELHO REGIONAL DOS REPRESENTANTES COMERCIAIS NO ESTADO DA BAHIA};{15176951000193};{AUTARQUIA FEDERAL};{ATIVIDADES DE FISCALIZACAO PROFISSIONAL};{STATUS REPRESENTACAO DE AUTO PECAS SC LTDA};{63078315000171};{SOCIEDADE SIMPLES LIMITADA};{ATIVIDADES PAISAGISTICAS};Poder_Publico-Polo_Ativo;{};2023-07-19;{20080402:20241107,20241108:0};{20080402:20110209};N;1043;S;N
TRF1;G1;BA;SALVADOR;20ª SALVADOR;2026;07;0000480-17.2008.4.01.3303;1116;EXECUÇÃO FISCAL;{1116};{6046};2008-03-26;2008-04-01;"";{};{20081106:17:12164,20130129:46:898,20230503:46:898,20240802:17:12164};2024-11-08;"";"";6701;Eletrônico;3;Execução fiscal;Originário;0;17618;4278;{CONSELHO REGIONAL DOS REPRESENTANTES COMERCIAIS NO ESTADO DA BAHIA};{15176951000193};{AUTARQUIA FEDERAL};{ATIVIDADES DE FISCALIZACAO PROFISSIONAL};"";"";"";"";Poder_Publico-Polo_Ativo;{};2023-05-03;{20080401:20240312,20240313:20241107,20241108:0};{20080401:20130128,20240313:20241014};N;1978;S;N
TRF1;G1;BA;SALVADOR;20ª SALVADOR;2026;07;0000474-10.2008.4.01.3303;1116;EXECUÇÃO FISCAL;{1116};{6046};2008-03-26;2008-04-01;"";{};{20101129:46:898};2024-11-09;"";"";6701;Eletrônico;3;Execução fiscal;Originário;0;17618;4278;{CONSELHO REGIONAL DOS REPRESENTANTES COMERCIAIS NO ESTADO DA BAHIA};{15176951000193};{AUTARQUIA FEDERAL};{ATIVIDADES DE FISCALIZACAO PROFISSIONAL};"";"";"";"";Poder_Publico-Polo_Ativo;{};2024-11-09;{20080401:20241108,20241109:0};{20080401:20101128};N;971;S;N
TRF1;G1;BA;SALVADOR;20ª SALVADOR;2026;07;0000560-78.2008.4.01.3303;1116;EXECUÇÃO FISCAL;{1116};{6046};2008-03-26;2008-04-02;"";{};{20101119:17:12164,20110323:17:11382,20130902:46:898};2024-11-09;"";"";6701;Eletrônico;3;Execução fiscal;Originário;0;17618;4278;{CONSELHO REGIONAL DOS REPRESENTANTES COMERCIAIS NO ESTADO DA BAHIA};{15176951000193};{AUTARQUIA FEDERAL};{ATIVIDADES DE FISCALIZACAO PROFISSIONAL};{REPAR COMERCIO E REPRESENTACOES LTDA};{96741491000109};{SOCIEDADE EMPRESARIA LIMITADA};{COMERCIO ATACADISTA DE MATERIAS-PRIMAS AGRICOLAS NAO ESPECIFICADAS ANTERIORMENTE};Poder_Publico-Polo_Ativo;{};2024-11-09;{20080402:20240428,20240429:20241108,20241109:0};{20080402:20130901,20240429:20240626};N;2036;S;N
TRF1;G1;BA;SALVADOR;8ª SALVADOR;2026;07;0001175-65.2008.4.01.3304;1116;EXECUÇÃO FISCAL;{1116};{6046};2008-04-17;2008-10-10;2012-08-31;{20120831:28:454};{20130201:17:12164,20170808:17:12164};2024-07-31;"";Em secretaria;6679;Eletrônico;3;Execução fiscal;Originário;0;16301;4278;{CONSELHO REGIONAL DOS REPRESENTANTES COMERCIAIS NO ESTADO DA BAHIA};{15176951000193};{AUTARQUIA FEDERAL};{ATIVIDADES DE FISCALIZACAO PROFISSIONAL};{CDK COMERCIO E REPRESENTACOES LTDA};{96778451000123};{SOCIEDADE EMPRESARIA LIMITADA};{COMERCIO A VAREJO DE PECAS E ACESSORIOS NOVOS PARA VEICULOS AUTOMOTORES};Poder_Publico-Polo_Ativo;{};"";{20081010:20110718,20110719:20130218,20130805:20230628,20230629:0};{20081010:20110718,20110719:20130218,20130805:20230628,20230629:0};S;6333;S;""
TRF1;G1;BA;SALVADOR;24ª SALVADOR;2026;07;0001097-71.2008.4.01.3304;1116;EXECUÇÃO FISCAL;{1116};{6046};2008-04-17;2008-07-18;2012-08-31;{20120831:28:454,20260804:27:471};{20131001:17:12164,20150430:46:898,20230906:46:0};2026-08-04;"";"";6679;Eletrônico;3;Execução fiscal;Originário;0;18458;4278;{CONSELHO REGIONAL DOS REPRESENTANTES COMERCIAIS NO ESTADO DA BAHIA};{15176951000193};{AUTARQUIA FEDERAL};{ATIVIDADES DE FISCALIZACAO PROFISSIONAL};{GREYCK REPRESENTACOES LTDA.};{02843254000105};{SOCIEDADE EMPRESARIA LIMITADA};{OUTRAS ATIVIDADES DE SERVICOS PRESTADOS PRINCIPALMENTE AS EMPRESAS NAO ESPECIFICADAS ANTERIORMENTE};Poder_Publico-Polo_Ativo;{};2023-09-06;{20080718:20110718,20110719:20130217,20130805:20190415,20190416:20190423,20190424:20230905,20230906:0};{20080718:20110718,20110719:20130217,20130805:20150429,20260616:0};S;2351;S;""
TRF1;G1;BA;SALVADOR;24ª SALVADOR;2026;07;0000219-75.2010.4.01.3305;1116;EXECUÇÃO FISCAL;{1116};{6046};2010-01-14;2010-01-20;2025-02-21;{20250221:28:461};{20100823:46:898,20120320:17:12164,20241109:46:0,20260126:17:12164};2026-07-30;"";Em secretaria;6042;Eletrônico;3;Execução fiscal;Originário;0;18458;4278;{CONSELHO REGIONAL DOS REPRESENTANTES COMERCIAIS NO ESTADO DA BAHIA};{15176951000193};{AUTARQUIA FEDERAL};{ATIVIDADES DE FISCALIZACAO PROFISSIONAL};"";"";"";"";Poder_Publico-Polo_Ativo;{};2024-11-09;{20100120:20241108,20241109:20250427,20250903:0};{20100120:20100822,20250221:20250427,20250903:0};S;610;S;""
TRF1;G1;BA;SALVADOR;19ª SALVADOR;2026;07;0000214-53.2010.4.01.3305;1116;EXECUÇÃO FISCAL;{1116};{6046};2010-01-14;2010-01-20;2024-03-07;{20240307:27:196};{20111116:17:12164,20260124:46:898};2026-01-24;"";"";6042;Eletrônico;3;Execução fiscal;Originário;0;17616;4278;{CONSELHO REGIONAL DOS REPRESENTANTES COMERCIAIS NO ESTADO DA BAHIA};{15176951000193};{AUTARQUIA FEDERAL};{ATIVIDADES DE FISCALIZACAO PROFISSIONAL};"";"";"";"";Poder_Publico-Polo_Ativo;{};2026-01-24;{20100120:20241108,20241109:0};{20100120:20111128,20240307:20241108,20241109:20260123};N;1363;S;N
TRF1;G1;BA;SALVADOR;19ª SALVADOR;2026;07;0031120-41.2010.4.01.3300;1116;EXECUÇÃO FISCAL;{1116};{6046};2010-08-17;2010-09-30;2011-09-23;{20110923:28:459};{20141030:46:898,20230910:46:898};2023-09-10;"";"";5827;Eletrônico;3;Execução fiscal;Originário;0;17616;4278;{CONSELHO REGIONAL DOS REPRESENTANTES COMERCIAIS NO ESTADO DA BAHIA};{15176951000193};{AUTARQUIA FEDERAL};{ATIVIDADES DE FISCALIZACAO PROFISSIONAL};"";"";"";"";Poder_Publico-Polo_Ativo;{};2023-09-10;{20100930:20111121,20111129:20111211,20130116:0};{20100930:20111121,20111129:20111211,20130116:20141029};N;1080;S;N
TRF1;G1;BA;SALVADOR;19ª SALVADOR;2026;07;0031126-48.2010.4.01.3300;1116;EXECUÇÃO FISCAL;{1116};{6046};2010-08-17;2010-09-29;2011-09-23;{20110923:28:459};{20141030:46:898,20230910:46:898};2023-09-10;"";"";5827;Eletrônico;3;Execução fiscal;Originário;0;17616;4278;{CONSELHO REGIONAL DOS REPRESENTANTES COMERCIAIS NO ESTADO DA BAHIA};{15176951000193};{AUTARQUIA FEDERAL};{ATIVIDADES DE FISCALIZACAO PROFISSIONAL};"";"";"";"";Poder_Publico-Polo_Ativo;{};2023-09-10;{20100929:20111211,20130116:0};{20100929:20111211,20130116:20141029};N;1089;S;N
TRF1;G1;BA;SALVADOR;19ª SALVADOR;2026;07;0031146-39.2010.4.01.3300;1116;EXECUÇÃO FISCAL;{1116};{6046};2010-08-17;2010-09-29;2011-09-23;{20110923:28:459};{20230607:46:898};2023-06-07;"";"";5827;Eletrônico;3;Execução fiscal;Originário;0;17616;4278;{CONSELHO REGIONAL DOS REPRESENTANTES COMERCIAIS NO ESTADO DA BAHIA};{15176951000193};{AUTARQUIA FEDERAL};{ATIVIDADES DE FISCALIZACAO PROFISSIONAL};"";"";"";"";Poder_Publico-Polo_Ativo;{};2023-06-07;{20100929:20111211,20130116:0};{20100929:20111211,20130116:20141029};N;1089;S;N
TRF1;G1;BA;SALVADOR;19ª SALVADOR;2026;07;0031328-25.2010.4.01.3300;1116;EXECUÇÃO FISCAL;{1116};{6046};2010-08-19;2010-09-28;2011-09-29;{20110929:28:459};{20130510:17:12164,20140311:17:12444,20150212:17:11382,20151027:46:898,20230614:46:898};2023-06-14;"";"";5825;Eletrônico;3;Execução fiscal;Originário;0;17616;4278;{CONSELHO REGIONAL DOS REPRESENTANTES COMERCIAIS NO ESTADO DA BAHIA};{15176951000193};{AUTARQUIA FEDERAL};{ATIVIDADES DE FISCALIZACAO PROFISSIONAL};"";"";"";"";Poder_Publico-Polo_Ativo;{};2023-06-14;{20100928:20111211,20120608:0};{20100928:20111211,20120608:20151026};N;1674;S;N
TRF1;G1;BA;SALVADOR;19ª SALVADOR;2026;07;0031782-05.2010.4.01.3300;1116;EXECUÇÃO FISCAL;{1116};{6046};2010-08-23;2010-10-08;2011-06-10;{20110610:28:459};{20130510:17:12164,20140311:17:12444,20140617:17:12444,20151204:17:12164,20161110:46:898,20230614:46:898};2023-06-14;"";"";5821;Eletrônico;3;Execução fiscal;Originário;0;17616;4278;{CONSELHO REGIONAL DOS REPRESENTANTES COMERCIAIS NO ESTADO DA BAHIA};{15176951000193};{AUTARQUIA FEDERAL};{ATIVIDADES DE FISCALIZACAO PROFISSIONAL};"";"";"";"";Poder_Publico-Polo_Ativo;{};2023-06-14;{20101008:20110926,20120528:0};{20101008:20110926,20120528:20161109};N;1979;S;N
TRF1;G1;BA;SALVADOR;19ª SALVADOR;2026;07;0031825-39.2010.4.01.3300;1116;EXECUÇÃO FISCAL;{1116};{6046};2010-08-23;2010-10-05;2011-06-07;{20110607:28:459};{20130510:17:12164,20140311:17:12444,20140708:17:12444,20150212:17:11382,20151027:46:898,20230614:46:898};2023-06-14;"";"";5821;Eletrônico;3;Execução fiscal;Originário;0;17616;4278;{CONSELHO REGIONAL DOS REPRESENTANTES COMERCIAIS NO ESTADO DA BAHIA};{15176951000193};{AUTARQUIA FEDERAL};{ATIVIDADES DE FISCALIZACAO PROFISSIONAL};"";"";"";"";Poder_Publico-Polo_Ativo;{};2023-06-14;{20101005:20110926,20120528:0};{20101005:20110926,20120528:20151026};N;1602;S;N
TRF1;G1;BA;SALVADOR;19ª SALVADOR;2026;07;0031814-10.2010.4.01.3300;1116;EXECUÇÃO FISCAL;{1116};{6046};2010-08-23;2010-10-08;2011-06-10;{20110610:28:459};{20130509:17:12164,20150420:46:898,20230614:46:898};2023-06-14;"";"";5821;Eletrônico;3;Execução fiscal;Originário;0;17616;4278;{CONSELHO REGIONAL DOS REPRESENTANTES COMERCIAIS NO ESTADO DA BAHIA};{15176951000193};{AUTARQUIA FEDERAL};{ATIVIDADES DE FISCALIZACAO PROFISSIONAL};"";"";"";"";Poder_Publico-Polo_Ativo;{};2023-06-14;{20101008:20110926,20120528:0};{20101008:20110926,20120528:20150419};N;1409;S;N
TRF1;G1;BA;SALVADOR;19ª SALVADOR;2026;07;0031977-87.2010.4.01.3300;1116;EXECUÇÃO FISCAL;{1116};{6046};2010-08-25;2010-10-14;2011-06-07;{20110607:28:459};{20130510:17:12164,20140311:17:12444,20140617:17:12444,20151203:17:12164,20160928:46:898,20230614:46:898};2023-06-14;"";"";5819;Eletrônico;3;Execução fiscal;Originário;0;17616;4278;{CONSELHO REGIONAL DOS REPRESENTANTES COMERCIAIS NO ESTADO DA BAHIA};{15176951000193};{AUTARQUIA FEDERAL};{ATIVIDADES DE FISCALIZACAO PROFISSIONAL};"";"";"";"";Poder_Publico-Polo_Ativo;{};2023-06-14;{20101014:20110926,20120531:0};{20101014:20110926,20120531:20160927};N;1927;S;N
TRF1;G1;BA;SALVADOR;24ª SALVADOR;2026;07;0001386-75.2011.4.01.3311;1116;EXECUÇÃO FISCAL;{1116};{6046};2011-04-13;2011-04-14;2011-11-30;{20111130:28:459,20260804:27:471};{20140523:17:12444,20141217:17:12164,20141219:17:12444,20160212:17:12444,20160725:46:898,20241108:46:0};2026-08-04;"";"";5588;Eletrônico;3;Execução fiscal;Originário;0;18458;4278;{CONSELHO REGIONAL DOS REPRESENTANTES COMERCIAIS NO ESTADO DA BAHIA};{15176951000193};{AUTARQUIA FEDERAL};{ATIVIDADES DE FISCALIZACAO PROFISSIONAL};"";"";"";"";Poder_Publico-Polo_Ativo;{};2024-11-08;{20110414:20120719,20130820:20241107,20241108:0};{20110414:20120719,20130820:20160724,20260616:0};S;1576;S;""
TRF1;G1;BA;SALVADOR;8ª SALVADOR;2026;07;0001372-91.2011.4.01.3311;1116;EXECUÇÃO FISCAL;{1116};{6046};2011-04-13;2011-04-27;2011-11-28;{20111128:28:459};{20151016:17:12164,20151020:17:12444,20151106:17:12444,20160217:17:12444,20160524:46:270,20241108:46:0};2024-11-08;"";"";5588;Eletrônico;3;Execução fiscal;Originário;0;16301;4278;{CONSELHO REGIONAL DOS REPRESENTANTES COMERCIAIS NO ESTADO DA BAHIA};{15176951000193};{AUTARQUIA FEDERAL};{ATIVIDADES DE FISCALIZACAO PROFISSIONAL};"";"";"";"";Poder_Publico-Polo_Ativo;{};2024-11-08;{20110427:20120722,20130820:20241107,20241108:0};{20110427:20120722,20130820:20160523};N;1459;S;N
TRF1;G1;BA;SALVADOR;8ª SALVADOR;2026;07;0001322-65.2011.4.01.3311;1116;EXECUÇÃO FISCAL;{1116};{6046};2011-04-13;2011-04-18;2011-11-29;{20111129:28:459};{20160704:17:12164,20170606:17:12164,20170608:17:12444,20170620:17:12444,20170818:17:12444,20180313:46:898,20221028:46:898,20241109:46:898};2024-11-09;"";"";5588;Eletrônico;3;Execução fiscal;Originário;0;16301;4278;{CONSELHO REGIONAL DOS REPRESENTANTES COMERCIAIS NO ESTADO DA BAHIA};{15176951000193};{AUTARQUIA FEDERAL};{ATIVIDADES DE FISCALIZACAO PROFISSIONAL};{ARREZEBE REPRESENTACOES LTDA};{03864298000176};{SOCIEDADE EMPRESARIA LIMITADA};{OUTRAS ATIVIDADES DE SERVICOS PRESTADOS PRINCIPALMENTE AS EMPRESAS NAO ESPECIFICADAS ANTERIORMENTE};Poder_Publico-Polo_Ativo;{};2024-11-09;{20110418:20121209,20140224:20241108,20241109:0};{20110418:20121209,20140224:20180312};N;2078;S;N
TRF1;G1;BA;SALVADOR;18ª SALVADOR;2026;07;0001408-36.2011.4.01.3311;1116;EXECUÇÃO FISCAL;{1116};{6046};2011-04-13;2011-04-14;2011-11-28;{20111128:28:459};{20151016:17:12164,20151020:17:12444,20151106:17:12444,20151130:17:12444,20151130:17:12164,20160118:17:12164,20160119:17:12444,20160725:46:898};2024-11-08;"";"";5588;Eletrônico;3;Execução fiscal;Originário;0;17615;4278;{CONSELHO REGIONAL DOS REPRESENTANTES COMERCIAIS NO ESTADO DA BAHIA};{15176951000193};{AUTARQUIA FEDERAL};{ATIVIDADES DE FISCALIZACAO PROFISSIONAL};"";"";"";"";Poder_Publico-Polo_Ativo;{};2016-07-25;{20110414:20120722,20130820:20240724,20240725:20241107,20241108:0};{20110414:20120722,20130820:20160724,20240725:20240929};N;1600;S;S
TRF1;G1;BA;SALVADOR;18ª SALVADOR;2026;07;0001328-72.2011.4.01.3311;1116;EXECUÇÃO FISCAL;{1116};{6046};2011-04-13;2011-04-18;2011-11-28;{20111128:28:459};{20151016:17:12164,20151020:17:12444,20151106:17:12444,20160118:17:12164,20160119:17:12444,20160725:46:898,20241109:46:0};2025-10-22;"";"";5588;Eletrônico;3;Execução fiscal;Originário;0;17615;4278;{CONSELHO REGIONAL DOS REPRESENTANTES COMERCIAIS NO ESTADO DA BAHIA};{15176951000193};{AUTARQUIA FEDERAL};{ATIVIDADES DE FISCALIZACAO PROFISSIONAL};{SUPIMPA REPRESENTACAO DISTRIBUICAO E TRANSPORTE LTDA};{03936452000178};{SOCIEDADE EMPRESARIA LIMITADA};{COMERCIO ATACADISTA DE LEITE E LATICINIOS};Poder_Publico-Polo_Ativo;{};2024-11-09;{20110418:20120719,20130820:20241108,20241109:0};{20110418:20120719,20130820:20160724};N;1527;S;N
TRF1;G1;BA;SALVADOR;19ª SALVADOR;2026;07;0001326-05.2011.4.01.3311;1116;EXECUÇÃO FISCAL;{1116};{6046};2011-04-13;2011-04-18;2011-11-30;{20111130:28:459};{20151217:17:12164,20160108:17:12444,20160523:17:11382,20160530:17:12444,20221028:46:898};2025-02-22;"";"";5588;Eletrônico;3;Execução fiscal;Originário;0;17616;4278;{CONSELHO REGIONAL DOS REPRESENTANTES COMERCIAIS NO ESTADO DA BAHIA};{15176951000193};{AUTARQUIA FEDERAL};{ATIVIDADES DE FISCALIZACAO PROFISSIONAL};{VITORIA SERVICE LTDA};{02544649000107};{SOCIEDADE EMPRESARIA LIMITADA};{COMERCIO VAREJISTA DE MATERIAIS DE CONSTRUCAO EM GERAL};Poder_Publico-Polo_Ativo;{};2025-02-22;{20110418:20120719,20130820:20241108,20241109:0};{20110418:20120719,20130820:20171022};N;1982;S;N
TRF1;G1;BA;SALVADOR;20ª SALVADOR;2026;07;0001377-16.2011.4.01.3311;1116;EXECUÇÃO FISCAL;{1116};{6046};2011-04-13;2011-04-14;2011-12-05;{20111205:28:459};{20140430:17:12164,20140704:17:12164,20141217:17:12164,20141219:17:12444,20151207:46:898,20241108:46:0};2024-11-08;"";"";5588;Eletrônico;3;Execução fiscal;Originário;0;17618;4278;{CONSELHO REGIONAL DOS REPRESENTANTES COMERCIAIS NO ESTADO DA BAHIA};{15176951000193};{AUTARQUIA FEDERAL};{ATIVIDADES DE FISCALIZACAO PROFISSIONAL};"";"";"";"";Poder_Publico-Polo_Ativo;{};2024-11-08;{20110414:20121209,20130820:20241107,20241108:0};{20110414:20121209,20130820:20151206};N;1443;S;N
TRF1;G1;BA;SALVADOR;20ª SALVADOR;2026;07;0001350-33.2011.4.01.3311;1116;EXECUÇÃO FISCAL;{1116};{6046};2011-04-13;2011-04-19;2011-11-30;{20111130:28:459};{20151016:17:12164,20151020:17:12444,20151106:17:12444,20160118:17:12164,20160119:17:12444,20180612:46:898,20181212:46:898,20241108:46:0};2024-11-08;"";"";5588;Eletrônico;3;Execução fiscal;Originário;0;17618;4278;{CONSELHO REGIONAL DOS REPRESENTANTES COMERCIAIS NO ESTADO DA BAHIA};{15176951000193};{AUTARQUIA FEDERAL};{ATIVIDADES DE FISCALIZACAO PROFISSIONAL};"";"";"";"";Poder_Publico-Polo_Ativo;{};2024-11-08;{20110419:20120722,20130820:20241107,20241108:0};{20110419:20120722,20130820:20180611};N;2216;S;N
TRF1;G1;BA;SALVADOR;20ª SALVADOR;2026;07;0001378-98.2011.4.01.3311;1116;EXECUÇÃO FISCAL;{1116};{6046};2011-04-13;2011-04-14;2011-11-30;{20111130:28:459};{20151016:17:12164,20151020:17:12444,20151106:17:12444,20151124:17:12444,20160130:17:12164,20160201:17:12444,20160725:46:898,20241108:46:0};2024-11-08;"";"";5588;Eletrônico;3;Execução fiscal;Originário;0;17618;4278;{CONSELHO REGIONAL DOS REPRESENTANTES COMERCIAIS NO ESTADO DA BAHIA};{15176951000193};{AUTARQUIA FEDERAL};{ATIVIDADES DE FISCALIZACAO PROFISSIONAL};"";"";"";"";Poder_Publico-Polo_Ativo;{};2024-11-08;{20110414:20120719,20130820:20241107,20241108:0};{20110414:20120719,20130820:20160724};N;1531;S;N
TRF1;G1;BA;SALVADOR;20ª SALVADOR;2026;07;0001403-14.2011.4.01.3311;1116;EXECUÇÃO FISCAL;{1116};{6046};2011-04-13;2011-04-14;2011-12-05;{20111205:28:459};{20151016:17:12164,20151020:17:12444,20151106:17:12444,20160118:17:12164,20160119:17:12444,20160725:46:898};2024-11-08;"";"";5588;Eletrônico;3;Execução fiscal;Originário;0;17618;4278;{CONSELHO REGIONAL DOS REPRESENTANTES COMERCIAIS NO ESTADO DA BAHIA};{15176951000193};{AUTARQUIA FEDERAL};{ATIVIDADES DE FISCALIZACAO PROFISSIONAL};"";"";"";"";Poder_Publico-Polo_Ativo;{};2016-07-25;{20110414:20120722,20130820:20240526,20240527:20241107,20241108:0};{20110414:20120722,20130820:20160724};N;1534;S;S
TRF1;G1;BA;SALVADOR;20ª SALVADOR;2026;07;0019505-47.2007.4.01.3304;1116;EXECUÇÃO FISCAL;{1116};{6046};2007-09-28;2007-10-19;2012-08-31;{20120831:28:454,20260601:27:471};{20120801:17:12444,20130508:17:12164,20131001:17:12164,20150506:46:898,20230630:46:0,20240719:46:12259,20241028:17:12164};2026-07-01;"";Em secretaria;6881;Eletrônico;3;Execução fiscal;Originário;0;17618;4278;{CONSELHO REGIONAL DOS REPRESENTANTES COMERCIAIS NO ESTADO DA BAHIA};{15176951000193};{AUTARQUIA FEDERAL};{ATIVIDADES DE FISCALIZACAO PROFISSIONAL};"";"";"";"";Poder_Publico-Polo_Ativo;{};2024-07-19;{20071019:20110718,20110719:20130507,20130807:20190415,20190416:20190428,20190429:20230629,20230630:0};{20071019:20110718,20110719:20130507,20130807:20150505,20260601:0};S;2722;S;""
TRF1;G1;BA;SALVADOR;20ª SALVADOR;2026;07;0000375-37.2008.4.01.3304;1116;EXECUÇÃO FISCAL;{1116};{6046};2008-01-18;2008-02-15;2012-08-30;{20120830:28:454};{20150511:46:898,20230629:46:0,20241028:17:12164,20251124:17:12164};2026-04-07;"";"";6769;Eletrônico;3;Execução fiscal;Originário;0;17618;4278;{CONSELHO REGIONAL DOS REPRESENTANTES COMERCIAIS NO ESTADO DA BAHIA};{15176951000193};{AUTARQUIA FEDERAL};{ATIVIDADES DE FISCALIZACAO PROFISSIONAL};"";"";"";"";Poder_Publico-Polo_Ativo;{};2023-06-29;{20080215:20110718,20110719:20130217,20130805:20190415,20190416:20190423,20190424:20230628,20230629:0};{20080215:20110718,20110719:20130217,20130805:20150510};N;2471;S;N
TRF1;G1;BA;BARREIRAS;VARA ÚNICA DE BARREIRAS;2026;07;0000529-58.2008.4.01.3303;1116;EXECUÇÃO FISCAL;{1116};{6046};2008-03-26;2008-04-02;2023-04-29;{20230429:27:196};{20101119:17:12164,20110323:17:11382};2026-05-18;"";Em secretaria;6701;Eletrônico;3;Execução fiscal;Originário;0;12358;534;{CONSELHO REGIONAL DOS REPRESENTANTES COMERCIAIS NO ESTADO DA BAHIA};{15176951000193};{AUTARQUIA FEDERAL};{ATIVIDADES DE FISCALIZACAO PROFISSIONAL};"";"";"";"";Poder_Publico-Polo_Ativo;{};"";{20080402:20231106,20260518:0};{20080402:20120222,20230429:20231106,20260518:0};S;1686;S;""
TRF1;G1;BA;SALVADOR;19ª SALVADOR;2026;07;0000558-11.2008.4.01.3303;1116;EXECUÇÃO FISCAL;{1116};{6046};2008-03-26;2008-04-02;"";{};{20091111:17:12164,20091207:17:11382,20121002:46:898,20240321:46:898,20241002:46:898,20241109:46:0,20250805:17:12164,20260114:17:12164};2026-07-14;17;Para despacho;6701;Eletrônico;3;Execução fiscal;Originário;0;17616;4278;{CONSELHO REGIONAL DOS REPRESENTANTES COMERCIAIS NO ESTADO DA BAHIA};{15176951000193};{AUTARQUIA FEDERAL};{ATIVIDADES DE FISCALIZACAO PROFISSIONAL};{TIANO REPRESENTACOES COMERCIAIS LTDA};{34210930000191};{SOCIEDADE EMPRESARIA LIMITADA};{ND};Poder_Publico-Polo_Ativo;{};2024-11-09;{20080402:20231009,20231010:20241108,20241109:0};{20080402:20121001,20231010:20240320,20240812:20241001,20250222:0};S;2379;S;""
TRF1;G1;BA;SALVADOR;20ª SALVADOR;2026;07;0001127-09.2008.4.01.3304;1116;EXECUÇÃO FISCAL;{1116};{6046};2008-04-17;2008-07-29;2012-09-05;{20120905:28:454};{20120901:17:12444,20130201:17:12164,20130805:17:12164,20150506:46:898,20230629:46:0,20241028:17:12164,20241205:17:12164};2026-03-10;"";"";6679;Eletrônico;3;Execução fiscal;Originário;0;17618;4278;{CONSELHO REGIONAL DOS REPRESENTANTES COMERCIAIS NO ESTADO DA BAHIA};{15176951000193};{AUTARQUIA FEDERAL};{ATIVIDADES DE FISCALIZACAO PROFISSIONAL};"";"";"";"";Poder_Publico-Polo_Ativo;{};2023-06-29;{20080729:20110718,20110719:20130218,20130805:20190415,20190416:20190423,20190424:20230628,20230629:0};{20080729:20110718,20110719:20130218,20130805:20150505};N;2302;S;N
TRF1;G1;BA;SALVADOR;20ª SALVADOR;2026;07;0001178-20.2008.4.01.3304;1116;EXECUÇÃO FISCAL;{1116};{6046};2008-04-17;2008-10-10;2012-08-31;{20120831:28:454};{20130508:17:12164,20140602:17:12444,20140602:17:12164,20140602:17:12444,20150506:46:898,20230629:46:0,20241028:17:12164};2025-12-12;"";"";6679;Eletrônico;3;Execução fiscal;Originário;0;17618;4278;{CONSELHO REGIONAL DOS REPRESENTANTES COMERCIAIS NO ESTADO DA BAHIA};{15176951000193};{AUTARQUIA FEDERAL};{ATIVIDADES DE FISCALIZACAO PROFISSIONAL};"";"";"";"";Poder_Publico-Polo_Ativo;{};2023-06-29;{20081010:20110718,20110719:20130507,20131011:20190415,20190416:20190423,20190424:20230628,20230629:0};{20081010:20110718,20110719:20130507,20131011:20150505};N;2240;S;N
TRF1;G1;BA;SALVADOR;20ª SALVADOR;2026;07;0002247-19.2010.4.01.3304;1116;EXECUÇÃO FISCAL;{1116};{6046};2009-12-18;2010-03-26;2012-05-11;{20120511:27:196};{20120120:17:12164,20120222:17:12444,20120904:17:12444,20120905:17:12164,20120913:17:394,20130627:17:12164,20131111:17:12164,20150428:46:898,20160205:17:11382,20160603:17:12444,20181121:17:12444,20230630:46:0,20241030:17:12164};2026-07-28;"";"";6069;Eletrônico;3;Execução fiscal;Originário;0;17618;4278;{CONSELHO REGIONAL DOS REPRESENTANTES COMERCIAIS NO ESTADO DA BAHIA};{15176951000193};{AUTARQUIA FEDERAL};{ATIVIDADES DE FISCALIZACAO PROFISSIONAL};"";"";"";"";Poder_Publico-Polo_Ativo;{};2023-06-30;{20100326:20130305,20130625:20230629,20230630:0};{20100326:20130305,20130625:20150427};N;1746;S;N
TRF1;G1;BA;SALVADOR;18ª SALVADOR;2026;07;0001100-30.2011.4.01.3301;1116;EXECUÇÃO FISCAL;{1116};{6046};2011-04-13;2011-05-23;2025-10-02;{20251002:28:459};{20141126:46:898,20190523:46:898,20241109:46:0};2026-04-09;"";Em secretaria;5588;Eletrônico;3;Execução fiscal;Originário;0;17615;4278;{CONSELHO REGIONAL DOS REPRESENTANTES COMERCIAIS NO ESTADO DA BAHIA};{15176951000193};{AUTARQUIA FEDERAL};{ATIVIDADES DE FISCALIZACAO PROFISSIONAL};"";"";"";"";Poder_Publico-Polo_Ativo;{};2024-11-09;{20110523:20241108,20241109:20251126,20260409:0};{20110523:20141125,20251002:20251126,20260409:0};S;1450;S;""
TRF1;G1;BA;SALVADOR;24ª SALVADOR;2026;07;0001027-58.2011.4.01.3301;1116;EXECUÇÃO FISCAL;{1116};{6046};2011-04-13;2011-05-20;2024-12-19;{20241219:28:461};{20141126:46:898,20241109:46:0};2026-02-20;"";Em secretaria;5588;Eletrônico;3;Execução fiscal;Originário;0;18458;4278;{CONSELHO REGIONAL DOS REPRESENTANTES COMERCIAIS NO ESTADO DA BAHIA};{15176951000193};{AUTARQUIA FEDERAL};{ATIVIDADES DE FISCALIZACAO PROFISSIONAL};{ALMEIDA AVILA REPRESENTACOES LTDA};{96722699000172};{SOCIEDADE EMPRESARIA LIMITADA};{OUTRAS ATIVIDADES DE SERVICOS PRESTADOS PRINCIPALMENTE AS EMPRESAS NAO ESPECIFICADAS ANTERIORMENTE};Poder_Publico-Polo_Ativo;{};2024-11-09;{20110520:20241108,20241109:20250305,20250729:0};{20110520:20141125,20241219:20250305,20250729:0};S;1728;S;""
TRF1;G1;BA;SALVADOR;20ª SALVADOR;2026;07;0005081-92.2010.4.01.3304;1116;EXECUÇÃO FISCAL;{1116};{6046};2010-06-16;2010-07-06;2012-05-14;{20120514:28:459};{20120117:17:12444,20120127:17:12444,20120208:17:12444,20120904:17:12444,20120905:17:12164,20120913:17:394,20131209:17:12164,20131219:17:11382,20150318:17:12444,20160916:46:898,20190924:46:898,20230630:46:0,20241118:17:12164,20250825:17:12164};2026-07-17;"";"";5889;Eletrônico;3;Execução fiscal;Originário;0;17618;4278;{CONSELHO REGIONAL DOS REPRESENTANTES COMERCIAIS NO ESTADO DA BAHIA};{15176951000193};{AUTARQUIA FEDERAL};{ATIVIDADES DE FISCALIZACAO PROFISSIONAL};"";"";"";"";Poder_Publico-Polo_Ativo;{};2023-06-30;{20100706:20130305,20130627:20230629,20230630:0};{20100706:20130305,20130627:20160915};N;2149;S;N
TRF1;G1;BA;SALVADOR;8ª SALVADOR;2026;07;0001017-14.2011.4.01.3301;1116;EXECUÇÃO FISCAL;{1116};{6046};2011-04-13;2011-05-20;"";{};{20210406:17:12164,20260507:17:12164,20260806:17:12164};2026-08-06;"";"";5588;Eletrônico;3;Execução fiscal;Originário;0;16301;4278;{CONSELHO REGIONAL DOS REPRESENTANTES COMERCIAIS NO ESTADO DA BAHIA};{15176951000193};{AUTARQUIA FEDERAL};{ATIVIDADES DE FISCALIZACAO PROFISSIONAL};"";"";"";"";Poder_Publico-Polo_Ativo;{};"";{20110520:20241108,20241109:0};{20110520:20241108,20241109:0};S;5550;S;""
TRF1;G1;BA;SALVADOR;8ª SALVADOR;2026;07;0000355-46.2008.4.01.3304;1116;EXECUÇÃO FISCAL;{1116};{6046};2008-01-18;2008-02-12;2012-08-31;{20120831:28:454};{20131001:17:12164,20250731:17:12164,20251216:17:12164};2026-02-27;"";"";6769;Eletrônico;3;Execução fiscal;Originário;0;16301;4278;{CONSELHO REGIONAL DOS REPRESENTANTES COMERCIAIS NO ESTADO DA BAHIA};{15176951000193};{AUTARQUIA FEDERAL};{ATIVIDADES DE FISCALIZACAO PROFISSIONAL};"";"";"";"";Poder_Publico-Polo_Ativo;{};"";{20080212:20110718,20110719:20130217,20130621:20230628,20230629:0};{20080212:20110718,20110719:20130217,20130621:20230628,20230629:20260226};N;6463;S;""
TRF1;G1;BA;SALVADOR;20ª SALVADOR;2026;07;0000369-30.2008.4.01.3304;1116;EXECUÇÃO FISCAL;{1116};{6046};2008-01-18;2008-02-12;2012-09-05;{20120905:28:454};{20090622:17:12164,20111116:17:11382,20120901:17:12444,20130201:17:12164,20130805:17:12164,20160425:17:12164,20181023:17:12164,20241028:17:12164,20241205:17:12164};2025-07-16;"";"";6769;Eletrônico;3;Execução fiscal;Originário;0;17618;4278;{CONSELHO REGIONAL DOS REPRESENTANTES COMERCIAIS NO ESTADO DA BAHIA};{15176951000193};{AUTARQUIA FEDERAL};{ATIVIDADES DE FISCALIZACAO PROFISSIONAL};"";"";"";"";Poder_Publico-Polo_Ativo;{};"";{20080212:20110718,20110719:20130218,20130805:20190415,20190416:20190423,20190424:20230628,20230629:0};{20080212:20110718,20110719:20130218,20130805:20190415,20190416:20190423,20190424:20230628,20230629:20250715};N;6191;S;""
TRF1;G1;BA;SALVADOR;20ª SALVADOR;2026;07;0000660-30.2008.4.01.3304;1116;EXECUÇÃO FISCAL;{1116};{6046};2008-02-19;2008-02-26;2012-08-31;{20120831:28:454};{20120801:17:12444,20130508:17:12164,20140602:17:12444,20140602:17:12164,20140602:17:12444,20191125:17:12164};2026-07-10;"";Em secretaria;6737;Eletrônico;3;Execução fiscal;Originário;0;17618;4278;{CONSELHO REGIONAL DOS REPRESENTANTES COMERCIAIS NO ESTADO DA BAHIA};{15176951000193};{AUTARQUIA FEDERAL};{ATIVIDADES DE FISCALIZACAO PROFISSIONAL};{LELS REPRESENTACOES LTDA};{00331837000113};{SOCIEDADE EMPRESARIA LIMITADA};{REPRESENTANTES COMERCIAIS E AGENTES DO COMERCIO DE MADEIRA  MATERIAL DE CONSTRUCAO E FERRAGENS};Poder_Publico-Polo_Ativo;{};"";{20080226:20110718,20110719:20130507,20131011:20190415,20190416:20190423,20190424:20230628,20230629:0};{20080226:20110718,20110719:20130507,20131011:20190415,20190416:20190423,20190424:20230628,20230629:0};S;6569;S;""
TRF1;G1;BA;SALVADOR;24ª SALVADOR;2026;07;0000637-84.2008.4.01.3304;1116;EXECUÇÃO FISCAL;{1116};{6046};2008-02-19;2008-02-26;2012-09-05;{20120905:28:454,20260804:27:471};{20090929:17:12164,20130201:17:12164,20131001:17:12164,20150506:46:898,20230629:46:0};2026-08-05;"";"";6737;Eletrônico;3;Execução fiscal;Originário;0;18458;4278;{CONSELHO REGIONAL DOS REPRESENTANTES COMERCIAIS NO ESTADO DA BAHIA};{15176951000193};{AUTARQUIA FEDERAL};{ATIVIDADES DE FISCALIZACAO PROFISSIONAL};{AGA4 PRODUCOES E REPRESENTACOES LTDA};{42237156000130};{SOCIEDADE EMPRESARIA LIMITADA};{ARTES CENICAS  ESPETACULOS E ATIVIDADES COMPLEMENTARES NAO ESPECIFICADOS ANTERIORMENTE};Poder_Publico-Polo_Ativo;{};2023-06-29;{20080226:20110718,20110719:20130218,20130805:20190415,20190416:20190423,20190424:20230628,20230629:0};{20080226:20110718,20110719:20130218,20130805:20150505,20260616:0};S;2501;S;""
TRF1;G1;BA;SALVADOR;18ª SALVADOR;2026;07;0000658-60.2008.4.01.3304;1116;EXECUÇÃO FISCAL;{1116};{6046};2008-02-19;2008-02-26;2012-08-29;{20120829:28:454};{20130201:17:12164,20131001:17:12164,20181218:17:12164,20181218:46:898,20230629:46:0,20240701:46:898};2024-07-01;"";"";6737;Eletrônico;3;Execução fiscal;Originário;0;17615;4278;{CONSELHO REGIONAL DOS REPRESENTANTES COMERCIAIS NO ESTADO DA BAHIA};{15176951000193};{AUTARQUIA FEDERAL};{ATIVIDADES DE FISCALIZACAO PROFISSIONAL};{CLODOSIL REPRESENTACOES E PROMOCOES LTDA};{32610867000155};{SOCIEDADE EMPRESARIA LIMITADA};{ATIVIDADES PAISAGISTICAS};Poder_Publico-Polo_Ativo;{};2024-07-01;{20080226:20110718,20110719:20130219,20130621:20190415,20190416:20190423,20190424:20230628,20230629:0};{20080226:20110718,20110719:20130219,20130621:20181217};N;3824;S;N
