numero_novo;movimentacao_id;processo_id;Data;Cod;Descrição;Complemento
31328-25.2010.4.01.3300;378194;9425;14/04/2023 20:48:34;257;PROCESSO MIGRADO PARA O PJe;MIGRAÃÃO PJE
31328-25.2010.4.01.3300;378193;9425;11/04/2023 15:30:28;222;MIGRAÇÃO PJe ORDENADA;
31328-25.2010.4.01.3300;378192;9425;14/02/2017 14:29:39;107;ARQUIVADOS PROVISORIAMENTE BENS NAO LOCALIZADOS;
31328-25.2010.4.01.3300;378191;9425;13/02/2017 14:29:21;212;PRAZO CERTIFICADO TRANSCURSO IN ALBIS;
31328-25.2010.4.01.3300;378190;9425;27/10/2015 18:24:54;238;SUSPENSAO PROCESSO CIVEL ORDENADA OUTROS ESPECIFICAR;
31328-25.2010.4.01.3300;378189;9425;27/10/2015 18:24:24;212;PRAZO CERTIFICADO TRANSCURSO IN ALBIS;
31328-25.2010.4.01.3300;378188;9425;06/05/2015 12:42:09;185;INTIMACAO NOTIFICACAO VISTA ORDENADA AUTOR OUTROS;
31328-25.2010.4.01.3300;378187;9425;06/05/2015 12:42:03;184;INTIMACAO NOTIFICACAO POR OFICIAL MANDADO DEVOLVIDO CUMPRIDO;
31328-25.2010.4.01.3300;378186;9425;09/04/2015 14:30:08;184;INTIMACAO NOTIFICACAO POR OFICIAL MANDADO REMETIDO CENTRAL;
31328-25.2010.4.01.3300;378185;9425;09/04/2015 14:29:59;184;INTIMACAO NOTIFICACAO POR OFICIAL MANDADO EXPEDIDO;
31328-25.2010.4.01.3300;378184;9425;12/02/2015 17:05:54;185;INTIMACAO NOTIFICACAO VISTA ORDENADA AUTOR OUTROS;
31328-25.2010.4.01.3300;378183;9425;12/02/2015 17:05:20;218;RECEBIDOS PELO DIRETOR SECRETARIA PARA ATO ORDINATORIO;
31328-25.2010.4.01.3300;378182;9425;12/02/2015 17:04:32;208;PENHORA BLOQUEIO BACENJUD;PESQUISA DE ATIVOS FINANCEIROS REALIZADA POR INTERMÉDIO DO SISTEMA BACENJUD RESPOSTA INFRUTÍFERA
31328-25.2010.4.01.3300;378181;9425;20/03/2014 15:33:34;218;RECEBIDOS PELO DIRETOR SECRETARIA PARA ATO ORDINATORIO;MINUTA DE BLOQUEIO INSERIDA
31328-25.2010.4.01.3300;378180;9425;11/03/2014 11:13:11;153;DEVOLVIDOS C DECISAOBLOQUEIO BACENJUD DEFERIDO;
31328-25.2010.4.01.3300;378179;9425;11/03/2014 11:12:57;137;CONCLUSOS PARA DECISAO;
31328-25.2010.4.01.3300;378178;9425;07/03/2014 09:56:38;212;PRAZO CERTIFICADO TRANSCURSO IN ALBIS;
31328-25.2010.4.01.3300;378177;9425;05/09/2013 12:58:10;132;CITACAO PELA IMPRENSA PUBLICADO EDITAL CERTIFICADA PUBLICACAO;
31328-25.2010.4.01.3300;378176;9425;03/09/2013 12:58:01;132;CITACAO PELA IMPRENSA EDITAL REMETIDO PUBLICACAO;
31328-25.2010.4.01.3300;378175;9425;01/09/2013 12:57:33;132;CITACAO PELA IMPRENSA EDITAL AFIXADO;EM 26092013
31328-25.2010.4.01.3300;378174;9425;01/09/2013 12:57:13;132;CITACAO PELA IMPRENSA EDITAL EXPEDIDO;EM 26092013
31328-25.2010.4.01.3300;378173;9425;05/07/2013 14:39:59;132;CITACAO PELA IMPRENSA ORDENADA PUBLICACAO EDITAL;2ª
31328-25.2010.4.01.3300;378172;9425;25/06/2013 09:34:16;132;CITACAO PELA IMPRENSA ORDENADA PUBLICACAO EDITAL;
31328-25.2010.4.01.3300;378171;9425;21/06/2013 09:34:06;195;MANDADO DEVOLVIDO NAO CUMPRIDO CITACAO PENHORA E AVALIACAO;
31328-25.2010.4.01.3300;378170;9425;14/05/2013 13:13:48;201;MANDADO REMETIDO CENTRAL CITACAO PENHORA E AVALIACAO;
31328-25.2010.4.01.3300;378169;9425;10/05/2013 17:26:08;153;DEVOLVIDOS C DECISAO OUTROS ESPECIFICAR;DECISÃOMANDADO INICIAL DEFERIDA ORDENADA A CITAÇÃO PENHORA E AVALIAÇÃO
31328-25.2010.4.01.3300;378168;9425;10/05/2013 17:25:57;137;CONCLUSOS PARA DECISAO;
31328-25.2010.4.01.3300;378167;9425;06/02/2013 09:15:33;210;PETICAO OFICIO DOCUMENTO RECEBIDAO EM SECRETARIA;
31328-25.2010.4.01.3300;378166;9425;28/01/2013 08:38:42;185;INTIMACAO NOTIFICACAO VISTA ORDENADA AUTOR OUTROS;
31328-25.2010.4.01.3300;378165;9425;28/01/2013 08:38:34;184;INTIMACAO NOTIFICACAO POR OFICIAL MANDADO DEVOLVIDO CUMPRIDO;
31328-25.2010.4.01.3300;378164;9425;21/01/2013 09:09:54;184;INTIMACAO NOTIFICACAO POR OFICIAL MANDADO REMETIDO CENTRAL;
31328-25.2010.4.01.3300;378163;9425;21/01/2013 09:09:52;184;INTIMACAO NOTIFICACAO POR OFICIAL MANDADO EXPEDIDO;
31328-25.2010.4.01.3300;378162;9425;21/01/2013 09:09:49;184;INTIMACAO NOTIFICACAO POR OFICIAL AGUARDANDO EXPEDICAO MANDADO;
31328-25.2010.4.01.3300;378161;9425;11/12/2012 18:56:52;185;INTIMACAO NOTIFICACAO VISTA ORDENADA AUTOR OUTROS;
31328-25.2010.4.01.3300;378160;9425;01/12/2012 18:55:57;154;DEVOLVIDOS C DESPACHO;DEVOLVIDO COM DESPACHO NO DIA 19112012
31328-25.2010.4.01.3300;378159;9425;19/11/2012 11:16:40;137;CONCLUSOS PARA DESPACHO;
31328-25.2010.4.01.3300;378158;9425;08/06/2012 10:17:50;218;RECEBIDOS DO TRF;
31328-25.2010.4.01.3300;378157;9425;12/12/2011 17:29:52;223;REMETIDOS TRF S BAIXA;GRPJ N442011
31328-25.2010.4.01.3300;378156;9425;09/12/2011 13:50:02;222;REMESSA ORDENADA TRF;
31328-25.2010.4.01.3300;378155;9425;01/12/2011 19:48:47;154;DEVOLVIDOS C DESPACHO;
31328-25.2010.4.01.3300;378154;9425;01/12/2011 17:49:00;137;CONCLUSOS PARA DESPACHO;
31328-25.2010.4.01.3300;378153;9425;09/11/2011 17:55:09;220;RECURSO RAZOES APRESENTADAS;
31328-25.2010.4.01.3300;378152;9425;09/11/2011 17:18:36;218;RECEBIDOS EM SECRETARIA;CIENTE
31328-25.2010.4.01.3300;378151;9425;18/10/2011 09:53:16;126;CARGA RETIRADOS ADVOGADO AUTOR;ADVGBA00028380 EDSON PONZANI TELEFONE33147507
31328-25.2010.4.01.3300;378150;9425;04/10/2011 10:59:21;185;INTIMACAO NOTIFICACAO VISTA ORDENADA AUTOR OUTROS;
31328-25.2010.4.01.3300;378149;9425;29/09/2011 18:27:56;156;DEVOLVIDOS C SENTENCA S EXAME DO MERITO FALTA DE PRESSUPOSTOS PROCESSUAIS;SENTENÇA COM REGISTRO EM CVD
31328-25.2010.4.01.3300;378148;9425;23/09/2011 11:07:00;137;CONCLUSOS PARA SENTENCA;
31328-25.2010.4.01.3300;378147;9425;20/09/2011 08:49:35;210;PETICAO OFICIO DOCUMENTO RECEBIDAO EM SECRETARIA;
31328-25.2010.4.01.3300;378146;9425;19/09/2011 18:01:44;218;RECEBIDOS EM SECRETARIA;CIENTE
31328-25.2010.4.01.3300;378145;9425;01/09/2011 09:17:27;126;CARGA RETIRADOS ADVOGADO AUTOR;ADVGBA00028380 EDSON PONZANI TELEFONE33147507
31328-25.2010.4.01.3300;378144;9425;15/03/2011 17:59:27;185;INTIMACAO NOTIFICACAO VISTA ORDENADA AUTOR OUTROS;
31328-25.2010.4.01.3300;378143;9425;15/03/2011 17:58:37;154;DEVOLVIDOS C DESPACHO;
31328-25.2010.4.01.3300;378142;9425;15/03/2011 17:58:03;137;CONCLUSOS PARA DESPACHO;
31328-25.2010.4.01.3300;378141;9425;30/09/2010 18:03:35;170;INICIAL AUTUADA;
31328-25.2010.4.01.3300;378140;9425;29/09/2010 14:53:51;218;RECEBIDOS EM SECRETARIA;
31328-25.2010.4.01.3300;378139;9425;28/09/2010 14:02:30;2;DISTRIBUICAO AUTOMATICA;
24528-44.2011.4.01.3300;378205;9426;06/12/2013 07:00:01;123;BAIXA DEVOLVIDOS DEPRECANTE ROGANTE ORDENANTE;DEVOLVIDA PSUBSEÇÃO DE CAMPO FORMOSOBAHIA MOVIMENTAÇÃO DUPLICADA PARA ATENDER AO PROVIMENTO 1022013
24528-44.2011.4.01.3300;378204;9426;06/12/2013 07:00:00;4;REDISTRIBUICAO AUTOMATICA;REDISTRIBUIÇÃO CONFORME PROVIMENTO COGER N 1022013
24528-44.2011.4.01.3300;378203;9426;20/10/2011 12:18:48;123;BAIXA DEVOLVIDOS DEPRECANTE ROGANTE ORDENANTE;DEVOLVIDA PSUBSEÇÃO DE CAMPO FORMOSOBAHIA
24528-44.2011.4.01.3300;378202;9426;20/10/2011 09:28:39;222;REMESSA ORDENADA OUTRO JUIZO ESPECIFICAR;REMESSA ORDENADA
24528-44.2011.4.01.3300;378201;9426;17/10/2011 14:44:58;135;CITACAO POR OFICIAL MANDADO DEVOLVIDO CUMPRIDO EM PARTE;
24528-44.2011.4.01.3300;378200;9426;19/09/2011 12:26:35;184;INTIMACAO NOTIFICACAO POR OFICIAL MANDADO REMETIDO CENTRAL;
24528-44.2011.4.01.3300;378199;9426;14/09/2011 12:23:48;154;DEVOLVIDOS C DESPACHO;
24528-44.2011.4.01.3300;378198;9426;26/08/2011 17:30:53;137;CONCLUSOS PARA DESPACHO;
24528-44.2011.4.01.3300;378197;9426;22/08/2011 18:36:22;170;INICIAL AUTUADA;
24528-44.2011.4.01.3300;378196;9426;09/08/2011 19:05:06;218;RECEBIDOS EM SECRETARIA;
24528-44.2011.4.01.3300;378195;9426;09/08/2011 12:54:56;2;DISTRIBUICAO AUTOMATICA;
35268-61.2011.4.01.3300;378253;9427;06/06/2019 15:40:07;256;GESTAO DOCUMENTAL PROCESSO ELIMINADO FISICAMENTE;PROCESSOS ELIMINADOS FISICAMENTE NO DIA 03062019
35268-61.2011.4.01.3300;378252;9427;10/04/2019 17:11:14;256;GESTAO DOCUMENTAL INCLUIDO EM EDITAL DE ELIMINACAO;
35268-61.2011.4.01.3300;378251;9427;14/06/2013 15:14:21;123;BAIXA ARQUIVADOS;
35268-61.2011.4.01.3300;378250;9427;14/06/2013 15:14:18;222;REMESSA ORDENADA ARQUIVO;
35268-61.2011.4.01.3300;378249;9427;14/06/2013 15:14:05;212;PRAZO CERTIFICADO TRANSCURSO IN ALBIS;TRANSITO EM JULGADO
35268-61.2011.4.01.3300;378248;9427;14/06/2013 12:05:52;184;INTIMACAO NOTIFICACAO POR OFICIAL MANDADO DEVOLVIDO CUMPRIDO;
35268-61.2011.4.01.3300;378247;9427;08/04/2013 15:39:30;184;INTIMACAO NOTIFICACAO POR OFICIAL MANDADO REMETIDO CENTRAL;S GUIA
35268-61.2011.4.01.3300;378246;9427;08/04/2013 15:39:27;184;INTIMACAO NOTIFICACAO POR OFICIAL MANDADO EXPEDIDO;
35268-61.2011.4.01.3300;378245;9427;08/04/2013 15:39:23;184;INTIMACAO NOTIFICACAO POR OFICIAL AGUARDANDO EXPEDICAO MANDADO;
35268-61.2011.4.01.3300;378244;9427;08/04/2013 15:35:26;218;RECEBIDOS PELO DIRETOR SECRETARIA PARA ATO ORDINATORIO;CUMPRIR DETERMINAÇÃO ANTERIOR
35268-61.2011.4.01.3300;378243;9427;25/03/2013 15:13:38;185;INTIMACAO NOTIFICACAO VISTA ORDENADA AUTOR OUTROS;
35268-61.2011.4.01.3300;378242;9427;25/03/2013 15:08:09;218;RECEBIDOS DO TRF;MOVIMENTAÇÃO ANTERIOR INDEVIDA O PROCESSO NÃO FOI REMETIDO AO TRF
35268-61.2011.4.01.3300;378241;9427;25/03/2013 13:46:20;223;REMETIDOS TRF S BAIXA;TRF
35268-61.2011.4.01.3300;378240;9427;25/03/2013 13:42:39;222;REMESSA ORDENADA TRF;RECURSO RECEBIDO NO DUPLO EFEITO
35268-61.2011.4.01.3300;378239;9427;25/03/2013 13:42:31;154;DEVOLVIDOS C DESPACHO;
35268-61.2011.4.01.3300;378238;9427;25/03/2013 13:42:23;137;CONCLUSOS PARA DESPACHO;
35268-61.2011.4.01.3300;378237;9427;22/03/2013 13:32:27;185;INTIMACAO NOTIFICACAO VISTA ORDENADA AUTOR OUTROS;CORE
35268-61.2011.4.01.3300;378236;9427;22/03/2013 13:32:18;154;DEVOLVIDOS C DESPACHO;
35268-61.2011.4.01.3300;378235;9427;22/03/2013 13:32:11;137;CONCLUSOS PARA DESPACHO;
35268-61.2011.4.01.3300;378234;9427;21/03/2013 14:16:26;220;RECURSO APELACAO INTERPOSTA AUTOR;EM 1203
35268-61.2011.4.01.3300;378233;9427;15/03/2013 12:17:28;185;INTIMACAO NOTIFICACAO VISTA ORDENADA AUTOR OUTROS;PZ 1504 GUIA 9840
35268-61.2011.4.01.3300;378232;9427;15/03/2013 12:17:24;184;INTIMACAO NOTIFICACAO POR OFICIAL MANDADO DEVOLVIDO CUMPRIDO;
35268-61.2011.4.01.3300;378231;9427;14/02/2013 15:17:55;184;INTIMACAO NOTIFICACAO POR OFICIAL MANDADO EXPEDIDO;GUIA 9840
35268-61.2011.4.01.3300;378230;9427;14/02/2013 15:13:40;184;INTIMACAO NOTIFICACAO POR OFICIAL AGUARDANDO EXPEDICAO MANDADO;GUIA 78900
35268-61.2011.4.01.3300;378229;9427;14/02/2013 15:13:35;185;INTIMACAO NOTIFICACAO VISTA ORDENADA AUTOR OUTROS;
35268-61.2011.4.01.3300;378228;9427;14/02/2013 15:13:27;218;RECEBIDOS PELO DIRETOR SECRETARIA PARA ATO ORDINATORIO;
35268-61.2011.4.01.3300;378227;9427;13/11/2012 10:59:17;185;INTIMACAO NOTIFICACAO VISTA ORDENADA AUTOR OUTROS;GUIA 78900 PZ 22112012
35268-61.2011.4.01.3300;378226;9427;13/11/2012 10:59:07;184;INTIMACAO NOTIFICACAO POR OFICIAL MANDADO DEVOLVIDO CUMPRIDO;
35268-61.2011.4.01.3300;378225;9427;25/10/2012 12:32:05;185;INTIMACAO NOTIFICACAO VISTA ORDENADA AUTOR OUTROS;
35268-61.2011.4.01.3300;378224;9427;24/10/2012 17:30:20;156;DEVOLVIDOS C SENTENCA S EXAME DO MERITO FALTA DE PRESSUPOSTOS PROCESSUAIS;SENTENCA REGISTRADA NO ECVD
35268-61.2011.4.01.3300;378223;9427;04/07/2012 08:52:42;137;CONCLUSOS PARA DECISAO;GUIA 29692 CORE
35268-61.2011.4.01.3300;378222;9427;04/07/2012 08:52:34;210;PETICAO OFICIO DOCUMENTO RECEBIDAO EM SECRETARIA;
35268-61.2011.4.01.3300;378221;9427;16/05/2012 10:14:49;185;INTIMACAO NOTIFICACAO VISTA ORDENADA AUTOR OUTROS;pz 2805 para adequação guia 296922012
35268-61.2011.4.01.3300;378220;9427;16/05/2012 10:14:46;182;INTIMACAO NOTIFICACAO PELA SECRETARIA REALIZADA CERTIFICADA DECISAO;
35268-61.2011.4.01.3300;378219;9427;30/04/2012 16:34:11;184;INTIMACAO NOTIFICACAO POR OFICIAL MANDADO REMETIDO CENTRAL;GUIA 29692 CORE CDA
35268-61.2011.4.01.3300;378218;9427;30/04/2012 16:34:06;184;INTIMACAO NOTIFICACAO POR OFICIAL MANDADO EXPEDIDO;
35268-61.2011.4.01.3300;378217;9427;30/04/2012 16:34:02;184;INTIMACAO NOTIFICACAO POR OFICIAL AGUARDANDO EXPEDICAO MANDADO;
35268-61.2011.4.01.3300;378216;9427;30/04/2012 16:25:19;218;RECEBIDOS PELO DIRETOR SECRETARIA PARA ATO ORDINATORIO;
35268-61.2011.4.01.3300;378215;9427;24/04/2012 16:34:37;185;INTIMACAO NOTIFICACAO VISTA ORDENADA AUTOR OUTROS;
35268-61.2011.4.01.3300;378214;9427;14/04/2012 13:09:02;96;CLASSE PROCESSUAL ALTERADA;AJUSTE
35268-61.2011.4.01.3300;378213;9427;09/04/2012 12:49:13;218;RECEBIDOS PELO DIRETOR SECRETARIA PARA ATO ORDINATORIO;RETIFICAR CLASSE
35268-61.2011.4.01.3300;378212;9427;03/04/2012 12:32:33;159;DILIGENCIA ORDENADA DEFERIDA;
35268-61.2011.4.01.3300;378211;9427;12/12/2011 18:16:00;154;DEVOLVIDOS C DESPACHO;
35268-61.2011.4.01.3300;378210;9427;12/12/2011 18:16:00;154;DEVOLVIDOS C DESPACHO;
35268-61.2011.4.01.3300;378209;9427;12/12/2011 17:54:53;137;CONCLUSOS PARA DESPACHO;
35268-61.2011.4.01.3300;378208;9427;18/10/2011 15:31:57;170;INICIAL AUTUADA;
35268-61.2011.4.01.3300;378207;9427;27/09/2011 18:24:53;218;RECEBIDOS EM SECRETARIA;
35268-61.2011.4.01.3300;378206;9427;26/09/2011 12:55:43;13;REDISTRIBUICAO AUTOMATICA RECEBIDOS DE OUTRA SECAOSUBSECAO JUDICIARIA;
47755-29.2012.4.01.3300;378278;9428;06/06/2019 18:50:55;256;GESTAO DOCUMENTAL PROCESSO ELIMINADO FISICAMENTE;PROCESSOS ELIMINADOS FISICAMENTE NO DIA 03062019
47755-29.2012.4.01.3300;378277;9428;10/04/2019 20:09:50;256;GESTAO DOCUMENTAL INCLUIDO EM EDITAL DE ELIMINACAO;
47755-29.2012.4.01.3300;378276;9428;07/10/2013 14:06:14;123;BAIXA ARQUIVADOS;
47755-29.2012.4.01.3300;378275;9428;07/10/2013 14:06:11;222;REMESSA ORDENADA ARQUIVO;
47755-29.2012.4.01.3300;378274;9428;07/10/2013 14:05:59;212;PRAZO CERTIFICADO TRANSCURSO IN ALBIS;TRANSITO EM JULGADO
47755-29.2012.4.01.3300;378273;9428;17/09/2013 10:16:34;185;INTIMACAO NOTIFICACAO VISTA ORDENADA AUTOR OUTROS;PZ 2609 GUIA 69111
47755-29.2012.4.01.3300;378272;9428;17/09/2013 10:14:51;182;INTIMACAO NOTIFICACAO PELA SECRETARIA REALIZADA CERTIFICADA SENTENCA;DATA27082013
47755-29.2012.4.01.3300;378271;9428;21/08/2013 10:57:00;185;INTIMACAO NOTIFICACAO VISTA ORDENADA AUTOR OUTROS;PZ 2609
47755-29.2012.4.01.3300;378270;9428;21/08/2013 10:56:54;218;RECEBIDOS PELO DIRETOR SECRETARIA PARA ATO ORDINATORIO;
47755-29.2012.4.01.3300;378269;9428;21/06/2013 11:37:41;185;INTIMACAO NOTIFICACAO VISTA ORDENADA AUTOR OUTROS;
47755-29.2012.4.01.3300;378268;9428;19/06/2013 11:37:24;156;DEVOLVIDOS C SENTENCA S EXAME DO MERITO FALTA DE PRESSUPOSTOS PROCESSUAIS;REGISTRO EM LOTE NO ECVD por meio de idêntica sentença proferida no processo nº 478185420124013300
47755-29.2012.4.01.3300;378267;9428;12/06/2013 10:16:28;137;CONCLUSOS PARA DECISAO;
47755-29.2012.4.01.3300;378266;9428;10/06/2013 11:10:38;210;PETICAO OFICIO DOCUMENTO RECEBIDAO EM SECRETARIA;
47755-29.2012.4.01.3300;378265;9428;10/06/2013 11:06:21;184;INTIMACAO NOTIFICACAO POR OFICIAL MANDADO DEVOLVIDO CUMPRIDO;
47755-29.2012.4.01.3300;378264;9428;22/03/2013 12:52:47;184;INTIMACAO NOTIFICACAO POR OFICIAL MANDADO REMETIDO CENTRAL;CORE CDA GUIA 16471
47755-29.2012.4.01.3300;378263;9428;22/03/2013 12:52:43;184;INTIMACAO NOTIFICACAO POR OFICIAL MANDADO EXPEDIDO;
47755-29.2012.4.01.3300;378262;9428;22/03/2013 12:52:39;184;INTIMACAO NOTIFICACAO POR OFICIAL AGUARDANDO EXPEDICAO MANDADO;
47755-29.2012.4.01.3300;378261;9428;07/03/2013 17:41:00;185;INTIMACAO NOTIFICACAO VISTA ORDENADA AUTOR OUTROS;
47755-29.2012.4.01.3300;378260;9428;07/03/2013 16:43:00;153;DEVOLVIDOS C DECISAO OUTROS ESPECIFICAR;
47755-29.2012.4.01.3300;378259;9428;07/03/2013 13:32:00;137;CONCLUSOS PARA DECISAO;
47755-29.2012.4.01.3300;378258;9428;05/03/2013 14:22:22;170;INICIAL AUTUADA;
47755-29.2012.4.01.3300;378257;9428;05/03/2013 14:22:19;159;DILIGENCIA ORDENADA DEFERIDA;
47755-29.2012.4.01.3300;378256;9428;05/03/2013 14:22:15;218;RECEBIDOS PELO DIRETOR SECRETARIA PARA ATO ORDINATORIO;
47755-29.2012.4.01.3300;378255;9428;21/02/2013 19:24:29;218;RECEBIDOS EM SECRETARIA;PAUTUAR
47755-29.2012.4.01.3300;378254;9428;23/01/2013 13:44:26;2;DISTRIBUICAO AUTOMATICA;
47756-14.2012.4.01.3300;378302;9429;06/06/2019 19:29:37;256;GESTAO DOCUMENTAL PROCESSO ELIMINADO FISICAMENTE;PROCESSOS ELIMINADOS FISICAMENTE NO DIA 03062019
47756-14.2012.4.01.3300;378301;9429;10/04/2019 20:28:04;256;GESTAO DOCUMENTAL INCLUIDO EM EDITAL DE ELIMINACAO;
47756-14.2012.4.01.3300;378300;9429;21/11/2013 14:27:18;123;BAIXA ARQUIVADOS;
47756-14.2012.4.01.3300;378299;9429;21/11/2013 14:27:14;222;REMESSA ORDENADA ARQUIVO;
47756-14.2012.4.01.3300;378298;9429;21/11/2013 14:27:10;212;PRAZO CERTIFICADO TRANSCURSO IN ALBIS;
47756-14.2012.4.01.3300;378297;9429;21/11/2013 14:23:30;124;BAIXA CANCELADA RESTAURADA MOVIMENTACAO PROCESSUAL;
47756-14.2012.4.01.3300;378296;9429;21/11/2013 13:18:04;123;BAIXA ARQUIVADOS;
47756-14.2012.4.01.3300;378295;9429;21/11/2013 13:17:55;222;REMESSA ORDENADA ARQUIVO;
47756-14.2012.4.01.3300;378294;9429;21/11/2013 13:17:46;218;RECEBIDOS PELO DIRETOR SECRETARIA PARA ATO ORDINATORIO;
47756-14.2012.4.01.3300;378293;9429;21/11/2013 13:17:40;212;PRAZO CERTIFICADO TRANSCURSO IN ALBIS;
47756-14.2012.4.01.3300;378292;9429;07/10/2013 18:00:00;182;INTIMACAO NOTIFICACAO PELA SECRETARIA REALIZADA CERTIFICADA SENTENCA;DATA13092013
47756-14.2012.4.01.3300;378291;9429;10/09/2013 19:39:57;185;INTIMACAO NOTIFICACAO VISTA ORDENADA AUTOR OUTROS;
47756-14.2012.4.01.3300;378290;9429;09/09/2013 19:00:00;156;DEVOLVIDOS C SENTENCA S EXAME DO MERITO FALTA DE PRESSUPOSTOS PROCESSUAIS;REG CVD DESPONIVEL SITE TRF
47756-14.2012.4.01.3300;378289;9429;29/07/2013 15:21:30;137;CONCLUSOS PARA DECISAO;
47756-14.2012.4.01.3300;378288;9429;29/07/2013 15:21:28;210;PETICAO OFICIO DOCUMENTO RECEBIDAO EM SECRETARIA;
47756-14.2012.4.01.3300;378287;9429;18/06/2013 12:51:58;185;INTIMACAO NOTIFICACAO VISTA ORDENADA AUTOR OUTROS;
47756-14.2012.4.01.3300;378286;9429;17/06/2013 16:19:43;182;INTIMACAO NOTIFICACAO PELA SECRETARIA REALIZADA CERTIFICADA DECISAO;
47756-14.2012.4.01.3300;378285;9429;08/05/2013 11:19:38;185;INTIMACAO NOTIFICACAO VISTA ORDENADA AUTOR OUTROS;
47756-14.2012.4.01.3300;378284;9429;07/05/2013 11:19:30;153;DEVOLVIDOS C DECISAO OUTROS ESPECIFICAR;
47756-14.2012.4.01.3300;378283;9429;03/05/2013 13:32:55;137;CONCLUSOS PARA DECISAO;
47756-14.2012.4.01.3300;378282;9429;30/04/2013 15:39:51;170;INICIAL AUTUADA;
47756-14.2012.4.01.3300;378281;9429;30/04/2013 15:39:41;218;RECEBIDOS PELO DIRETOR SECRETARIA PARA ATO ORDINATORIO;
47756-14.2012.4.01.3300;378280;9429;22/02/2013 12:50:43;218;RECEBIDOS EM SECRETARIA;
47756-14.2012.4.01.3300;378279;9429;23/01/2013 13:46:11;2;DISTRIBUICAO AUTOMATICA;
47758-81.2012.4.01.3300;378327;9430;06/06/2019 19:00:49;256;GESTAO DOCUMENTAL PROCESSO ELIMINADO FISICAMENTE;PROCESSOS ELIMINADOS FISICAMENTE NO DIA 03062019
47758-81.2012.4.01.3300;378326;9430;10/04/2019 20:14:07;256;GESTAO DOCUMENTAL INCLUIDO EM EDITAL DE ELIMINACAO;
47758-81.2012.4.01.3300;378325;9430;04/10/2013 17:18:36;123;BAIXA ARQUIVADOS;
47758-81.2012.4.01.3300;378324;9430;04/10/2013 17:18:31;222;REMESSA ORDENADA ARQUIVO;
47758-81.2012.4.01.3300;378323;9430;04/10/2013 17:18:13;212;PRAZO CERTIFICADO TRANSCURSO IN ALBIS;TRANSITO EM JULGADO
47758-81.2012.4.01.3300;378322;9430;17/09/2013 11:05:26;185;INTIMACAO NOTIFICACAO VISTA ORDENADA AUTOR OUTROS;PZ 2609 GUIA 61224
47758-81.2012.4.01.3300;378321;9430;17/09/2013 11:05:12;182;INTIMACAO NOTIFICACAO PELA SECRETARIA REALIZADA CERTIFICADA SENTENCA;DATA27082013
47758-81.2012.4.01.3300;378320;9430;21/08/2013 08:50:32;185;INTIMACAO NOTIFICACAO VISTA ORDENADA AUTOR OUTROS;PZ 2609
47758-81.2012.4.01.3300;378319;9430;21/08/2013 08:49:43;218;RECEBIDOS PELO DIRETOR SECRETARIA PARA ATO ORDINATORIO;
47758-81.2012.4.01.3300;378318;9430;19/06/2013 13:43:38;185;INTIMACAO NOTIFICACAO VISTA ORDENADA AUTOR OUTROS;
47758-81.2012.4.01.3300;378317;9430;19/06/2013 13:41:09;156;DEVOLVIDOS C SENTENCA S EXAME DO MERITO FALTA DE PRESSUPOSTOS PROCESSUAIS;REGISTRO EM LOTE NO ECVD por meio de idêntica sentença proferida no processo nº 478185420124013300
47758-81.2012.4.01.3300;378316;9430;11/06/2013 11:07:57;137;CONCLUSOS PARA DECISAO;
47758-81.2012.4.01.3300;378315;9430;10/06/2013 11:29:20;210;PETICAO OFICIO DOCUMENTO RECEBIDAO EM SECRETARIA;GUIA 40614
47758-81.2012.4.01.3300;378314;9430;10/06/2013 11:24:38;184;INTIMACAO NOTIFICACAO POR OFICIAL MANDADO DEVOLVIDO CUMPRIDO;
47758-81.2012.4.01.3300;378313;9430;22/03/2013 12:57:49;184;INTIMACAO NOTIFICACAO POR OFICIAL MANDADO REMETIDO CENTRAL;CORE CDA GUIA 18341
47758-81.2012.4.01.3300;378312;9430;22/03/2013 12:57:47;184;INTIMACAO NOTIFICACAO POR OFICIAL MANDADO EXPEDIDO;
47758-81.2012.4.01.3300;378311;9430;22/03/2013 12:57:43;184;INTIMACAO NOTIFICACAO POR OFICIAL AGUARDANDO EXPEDICAO MANDADO;
47758-81.2012.4.01.3300;378310;9430;15/03/2013 16:39:13;185;INTIMACAO NOTIFICACAO VISTA ORDENADA AUTOR OUTROS;VISTA CORE
47758-81.2012.4.01.3300;378309;9430;13/03/2013 19:14:00;153;DEVOLVIDOS C DECISAO OUTROS ESPECIFICAR;
47758-81.2012.4.01.3300;378308;9430;13/03/2013 18:12:00;137;CONCLUSOS PARA DECISAO;
47758-81.2012.4.01.3300;378307;9430;13/03/2013 13:44:15;170;INICIAL AUTUADA;
47758-81.2012.4.01.3300;378306;9430;13/03/2013 13:44:13;159;DILIGENCIA ORDENADA DEFERIDA;
47758-81.2012.4.01.3300;378305;9430;13/03/2013 13:44:10;218;RECEBIDOS PELO DIRETOR SECRETARIA PARA ATO ORDINATORIO;
47758-81.2012.4.01.3300;378304;9430;06/03/2013 16:11:04;218;RECEBIDOS EM SECRETARIA;
47758-81.2012.4.01.3300;378303;9430;14/02/2013 13:53:18;2;DISTRIBUICAO AUTOMATICA;
47763-06.2012.4.01.3300;378354;9431;06/06/2019 19:18:56;256;GESTAO DOCUMENTAL PROCESSO ELIMINADO FISICAMENTE;PROCESSOS ELIMINADOS FISICAMENTE NO DIA 03062019
47763-06.2012.4.01.3300;378353;9431;10/04/2019 20:23:04;256;GESTAO DOCUMENTAL INCLUIDO EM EDITAL DE ELIMINACAO;
47763-06.2012.4.01.3300;378352;9431;18/10/2013 17:34:49;123;BAIXA ARQUIVADOS;
47763-06.2012.4.01.3300;378351;9431;18/10/2013 17:34:45;222;REMESSA ORDENADA ARQUIVO;
47763-06.2012.4.01.3300;378350;9431;08/10/2013 16:58:56;212;PRAZO CERTIFICADO TRANSCURSO IN ALBIS;
47763-06.2012.4.01.3300;378349;9431;17/09/2013 11:15:46;185;INTIMACAO NOTIFICACAO VISTA ORDENADA AUTOR OUTROS;PZ 2609 GUIA 69136
47763-06.2012.4.01.3300;378348;9431;17/09/2013 11:09:33;182;INTIMACAO NOTIFICACAO PELA SECRETARIA REALIZADA CERTIFICADA SENTENCA;DATA27082013
47763-06.2012.4.01.3300;378347;9431;21/08/2013 11:14:24;185;INTIMACAO NOTIFICACAO VISTA ORDENADA AUTOR OUTROS;PZ 2609
47763-06.2012.4.01.3300;378346;9431;21/08/2013 11:14:19;218;RECEBIDOS PELO DIRETOR SECRETARIA PARA ATO ORDINATORIO;
47763-06.2012.4.01.3300;378345;9431;21/06/2013 11:34:14;185;INTIMACAO NOTIFICACAO VISTA ORDENADA AUTOR OUTROS;
47763-06.2012.4.01.3300;378344;9431;19/06/2013 11:34:00;156;DEVOLVIDOS C SENTENCA S EXAME DO MERITO FALTA DE PRESSUPOSTOS PROCESSUAIS;REGISTRO EM LOTE NO ECVD por meio de idêntica sentença proferida no processo nº 478185420124013300
47763-06.2012.4.01.3300;378343;9431;12/06/2013 10:13:54;137;CONCLUSOS PARA DECISAO;
47763-06.2012.4.01.3300;378342;9431;07/06/2013 17:00:00;210;PETICAO OFICIO DOCUMENTO RECEBIDAO EM SECRETARIA;GUIA 41057
47763-06.2012.4.01.3300;378341;9431;07/06/2013 16:00:00;184;INTIMACAO NOTIFICACAO POR OFICIAL MANDADO DEVOLVIDO CUMPRIDO;
47763-06.2012.4.01.3300;378340;9431;05/04/2013 11:35:31;184;INTIMACAO NOTIFICACAO POR OFICIAL MANDADO REMETIDO CENTRAL;GUIA 22666
47763-06.2012.4.01.3300;378339;9431;05/04/2013 11:35:25;184;INTIMACAO NOTIFICACAO POR OFICIAL MANDADO EXPEDIDO;
47763-06.2012.4.01.3300;378338;9431;05/04/2013 11:35:22;184;INTIMACAO NOTIFICACAO POR OFICIAL AGUARDANDO EXPEDICAO MANDADO;
47763-06.2012.4.01.3300;378337;9431;05/04/2013 11:35:00;218;RECEBIDOS PELO DIRETOR SECRETARIA PARA ATO ORDINATORIO;2ª CUMPRIR DETERMINAÇÃO ANTERIOR
47763-06.2012.4.01.3300;378336;9431;04/04/2013 15:29:22;218;RECEBIDOS PELO DIRETOR SECRETARIA PARA ATO ORDINATORIO;CUMPRIR DETERMINAÇÃO ANTERIOR
47763-06.2012.4.01.3300;378335;9431;31/01/2013 18:21:11;185;INTIMACAO NOTIFICACAO VISTA ORDENADA AUTOR OUTROS;
47763-06.2012.4.01.3300;378334;9431;30/01/2013 19:00:05;153;DEVOLVIDOS C DECISAO OUTROS ESPECIFICAR;
47763-06.2012.4.01.3300;378333;9431;30/01/2013 17:52:00;137;CONCLUSOS PARA DECISAO;
47763-06.2012.4.01.3300;378332;9431;29/01/2013 16:15:48;170;INICIAL AUTUADA;
47763-06.2012.4.01.3300;378331;9431;29/01/2013 16:15:43;159;DILIGENCIA ORDENADA DEFERIDA;
47763-06.2012.4.01.3300;378330;9431;29/01/2013 16:15:41;218;RECEBIDOS PELO DIRETOR SECRETARIA PARA ATO ORDINATORIO;
47763-06.2012.4.01.3300;378329;9431;29/01/2013 16:15:37;218;RECEBIDOS EM SECRETARIA;
47763-06.2012.4.01.3300;378328;9431;11/01/2013 16:10:52;2;DISTRIBUICAO AUTOMATICA;
47792-56.2012.4.01.3300;378380;9432;06/06/2019 15:36:42;256;GESTAO DOCUMENTAL PROCESSO ELIMINADO FISICAMENTE;PROCESSOS ELIMINADOS FISICAMENTE NO DIA 03062019
47792-56.2012.4.01.3300;378379;9432;10/04/2019 17:04:05;256;GESTAO DOCUMENTAL INCLUIDO EM EDITAL DE ELIMINACAO;
47792-56.2012.4.01.3300;378378;9432;09/07/2013 11:33:40;123;BAIXA ARQUIVADOS;
47792-56.2012.4.01.3300;378377;9432;09/07/2013 11:33:33;222;REMESSA ORDENADA ARQUIVO;
47792-56.2012.4.01.3300;378376;9432;09/07/2013 11:32:48;243;TRANSITO EM JULGADO EM;DATA01072013
47792-56.2012.4.01.3300;378375;9432;14/05/2013 14:23:47;185;INTIMACAO NOTIFICACAO VISTA ORDENADA AUTOR OUTROS;
47792-56.2012.4.01.3300;378374;9432;14/05/2013 14:23:44;184;INTIMACAO NOTIFICACAO POR OFICIAL MANDADO DEVOLVIDO CUMPRIDO;
47792-56.2012.4.01.3300;378373;9432;29/04/2013 19:01:44;184;INTIMACAO NOTIFICACAO POR OFICIAL MANDADO REMETIDO CENTRAL;
47792-56.2012.4.01.3300;378372;9432;29/04/2013 19:01:41;218;RECEBIDOS PELO DIRETOR SECRETARIA PARA ATO ORDINATORIO;
47792-56.2012.4.01.3300;378371;9432;29/04/2013 19:01:37;184;INTIMACAO NOTIFICACAO POR OFICIAL MANDADO EXPEDIDO;
47792-56.2012.4.01.3300;378370;9432;29/04/2013 19:01:34;184;INTIMACAO NOTIFICACAO POR OFICIAL AGUARDANDO EXPEDICAO MANDADO;
47792-56.2012.4.01.3300;378369;9432;25/04/2013 16:49:41;156;DEVOLVIDOS C SENTENCA S EXAME DO MERITO FALTA DE PRESSUPOSTOS PROCESSUAIS;
47792-56.2012.4.01.3300;378368;9432;18/04/2013 14:23:09;137;CONCLUSOS PARA SENTENCA;
47792-56.2012.4.01.3300;378367;9432;03/04/2013 10:28:26;210;PETICAO OFICIO DOCUMENTO RECEBIDAO EM SECRETARIA;
47792-56.2012.4.01.3300;378366;9432;01/04/2013 10:56:25;185;INTIMACAO NOTIFICACAO VISTA ORDENADA AUTOR OUTROS;
47792-56.2012.4.01.3300;378365;9432;01/04/2013 10:56:20;184;INTIMACAO NOTIFICACAO POR OFICIAL MANDADO DEVOLVIDO CUMPRIDO;
47792-56.2012.4.01.3300;378364;9432;15/03/2013 14:27:25;184;INTIMACAO NOTIFICACAO POR OFICIAL MANDADO REMETIDO CENTRAL;
47792-56.2012.4.01.3300;378363;9432;15/03/2013 14:27:22;218;RECEBIDOS PELO DIRETOR SECRETARIA PARA ATO ORDINATORIO;
47792-56.2012.4.01.3300;378362;9432;15/03/2013 14:27:19;184;INTIMACAO NOTIFICACAO POR OFICIAL MANDADO EXPEDIDO;
47792-56.2012.4.01.3300;378361;9432;15/03/2013 14:27:16;184;INTIMACAO NOTIFICACAO POR OFICIAL AGUARDANDO EXPEDICAO MANDADO;
47792-56.2012.4.01.3300;378360;9432;15/03/2013 14:27:14;185;INTIMACAO NOTIFICACAO VISTA ORDENADA AUTOR OUTROS;
47792-56.2012.4.01.3300;378359;9432;15/03/2013 14:27:06;154;DEVOLVIDOS C DESPACHO;
47792-56.2012.4.01.3300;378358;9432;08/03/2013 15:13:00;137;CONCLUSOS PARA DESPACHO;
47792-56.2012.4.01.3300;378357;9432;14/02/2013 16:38:56;170;INICIAL AUTUADA;
47792-56.2012.4.01.3300;378356;9432;14/02/2013 16:38:52;218;RECEBIDOS EM SECRETARIA;
47792-56.2012.4.01.3300;378355;9432;23/01/2013 13:42:47;2;DISTRIBUICAO AUTOMATICA;
47793-41.2012.4.01.3300;378399;9433;18/10/2019 13:55:58;256;GESTAO DOCUMENTAL PROCESSO ELIMINADO FISICAMENTE;PROCESSO ELIMINADO FISICAMENTE NO DIA 17102019
47793-41.2012.4.01.3300;378398;9433;27/08/2019 11:26:07;256;GESTAO DOCUMENTAL INCLUIDO EM EDITAL DE ELIMINACAO;
47793-41.2012.4.01.3300;378397;9433;21/11/2013 15:33:15;123;BAIXA ARQUIVADOS;
47793-41.2012.4.01.3300;378396;9433;21/11/2013 15:33:11;222;REMESSA ORDENADA ARQUIVO;
47793-41.2012.4.01.3300;378395;9433;21/11/2013 15:33:08;212;PRAZO CERTIFICADO TRANSCURSO IN ALBIS;
47793-41.2012.4.01.3300;378394;9433;07/10/2013 18:00:00;182;INTIMACAO NOTIFICACAO PELA SECRETARIA REALIZADA CERTIFICADA SENTENCA;DATA13092013
47793-41.2012.4.01.3300;378393;9433;16/09/2013 11:33:08;185;INTIMACAO NOTIFICACAO VISTA ORDENADA AUTOR OUTROS;
47793-41.2012.4.01.3300;378392;9433;12/09/2013 11:33:00;156;DEVOLVIDOS C SENTENCA S EXAME DO MERITO FALTA DE PRESSUPOSTOS PROCESSUAIS;
47793-41.2012.4.01.3300;378391;9433;29/07/2013 14:57:27;137;CONCLUSOS PARA DECISAO;
47793-41.2012.4.01.3300;378390;9433;29/07/2013 14:57:25;210;PETICAO OFICIO DOCUMENTO RECEBIDAO EM SECRETARIA;
47793-41.2012.4.01.3300;378389;9433;18/06/2013 12:51:58;185;INTIMACAO NOTIFICACAO VISTA ORDENADA AUTOR OUTROS;
47793-41.2012.4.01.3300;378388;9433;17/06/2013 16:19:43;182;INTIMACAO NOTIFICACAO PELA SECRETARIA REALIZADA CERTIFICADA DECISAO;
47793-41.2012.4.01.3300;378387;9433;08/05/2013 11:19:38;185;INTIMACAO NOTIFICACAO VISTA ORDENADA AUTOR OUTROS;
47793-41.2012.4.01.3300;378386;9433;07/05/2013 11:19:30;153;DEVOLVIDOS C DECISAO OUTROS ESPECIFICAR;
47793-41.2012.4.01.3300;378385;9433;03/05/2013 13:32:55;137;CONCLUSOS PARA DECISAO;
47793-41.2012.4.01.3300;378384;9433;30/04/2013 15:39:51;170;INICIAL AUTUADA;
47793-41.2012.4.01.3300;378383;9433;30/04/2013 15:39:41;218;RECEBIDOS PELO DIRETOR SECRETARIA PARA ATO ORDINATORIO;
47793-41.2012.4.01.3300;378382;9433;22/02/2013 12:50:43;218;RECEBIDOS EM SECRETARIA;
47793-41.2012.4.01.3300;378381;9433;23/01/2013 13:41:08;2;DISTRIBUICAO AUTOMATICA;
47794-26.2012.4.01.3300;378424;9434;06/06/2019 18:50:56;256;GESTAO DOCUMENTAL PROCESSO ELIMINADO FISICAMENTE;PROCESSOS ELIMINADOS FISICAMENTE NO DIA 03062019
47794-26.2012.4.01.3300;378423;9434;10/04/2019 20:09:50;256;GESTAO DOCUMENTAL INCLUIDO EM EDITAL DE ELIMINACAO;
47794-26.2012.4.01.3300;378422;9434;07/10/2013 11:35:58;123;BAIXA ARQUIVADOS;
47794-26.2012.4.01.3300;378421;9434;07/10/2013 11:35:54;222;REMESSA ORDENADA ARQUIVO;
47794-26.2012.4.01.3300;378420;9434;07/10/2013 11:35:43;212;PRAZO CERTIFICADO TRANSCURSO IN ALBIS;TRANSITO EM JULGADO
47794-26.2012.4.01.3300;378419;9434;17/09/2013 10:23:17;185;INTIMACAO NOTIFICACAO VISTA ORDENADA AUTOR OUTROS;PZ 2609 GUIA 60978
47794-26.2012.4.01.3300;378418;9434;17/09/2013 10:23:02;182;INTIMACAO NOTIFICACAO PELA SECRETARIA REALIZADA CERTIFICADA SENTENCA;DATA27082013
47794-26.2012.4.01.3300;378417;9434;20/08/2013 12:53:07;185;INTIMACAO NOTIFICACAO VISTA ORDENADA AUTOR OUTROS;PZ 2609
47794-26.2012.4.01.3300;378416;9434;20/08/2013 12:52:59;218;RECEBIDOS PELO DIRETOR SECRETARIA PARA ATO ORDINATORIO;
47794-26.2012.4.01.3300;378415;9434;19/06/2013 13:24:51;185;INTIMACAO NOTIFICACAO VISTA ORDENADA AUTOR OUTROS;
47794-26.2012.4.01.3300;378414;9434;19/06/2013 13:24:20;156;DEVOLVIDOS C SENTENCA S EXAME DO MERITO FALTA DE PRESSUPOSTOS PROCESSUAIS;REGISTRO EM LOTE NO ECVD por meio de idêntica sentença proferida no processo nº 478185420124013300
47794-26.2012.4.01.3300;378413;9434;11/06/2013 11:01:42;137;CONCLUSOS PARA DECISAO;
47794-26.2012.4.01.3300;378412;9434;10/06/2013 11:04:59;210;PETICAO OFICIO DOCUMENTO RECEBIDAO EM SECRETARIA;GUIA 40601
47794-26.2012.4.01.3300;378411;9434;10/06/2013 10:59:57;184;INTIMACAO NOTIFICACAO POR OFICIAL MANDADO DEVOLVIDO CUMPRIDO;
47794-26.2012.4.01.3300;378410;9434;22/03/2013 12:52:47;184;INTIMACAO NOTIFICACAO POR OFICIAL MANDADO REMETIDO CENTRAL;CORE CDA GUIA 16471
47794-26.2012.4.01.3300;378409;9434;22/03/2013 12:52:43;184;INTIMACAO NOTIFICACAO POR OFICIAL MANDADO EXPEDIDO;
47794-26.2012.4.01.3300;378408;9434;22/03/2013 12:52:39;184;INTIMACAO NOTIFICACAO POR OFICIAL AGUARDANDO EXPEDICAO MANDADO;
47794-26.2012.4.01.3300;378407;9434;07/03/2013 17:41:00;185;INTIMACAO NOTIFICACAO VISTA ORDENADA AUTOR OUTROS;
47794-26.2012.4.01.3300;378406;9434;07/03/2013 16:43:00;153;DEVOLVIDOS C DECISAO OUTROS ESPECIFICAR;
47794-26.2012.4.01.3300;378405;9434;07/03/2013 13:32:00;137;CONCLUSOS PARA DECISAO;
47794-26.2012.4.01.3300;378404;9434;05/03/2013 14:22:22;170;INICIAL AUTUADA;
47794-26.2012.4.01.3300;378403;9434;05/03/2013 14:22:19;159;DILIGENCIA ORDENADA DEFERIDA;
47794-26.2012.4.01.3300;378402;9434;05/03/2013 14:22:15;218;RECEBIDOS PELO DIRETOR SECRETARIA PARA ATO ORDINATORIO;
47794-26.2012.4.01.3300;378401;9434;21/02/2013 19:24:29;218;RECEBIDOS EM SECRETARIA;PAUTUAR
47794-26.2012.4.01.3300;378400;9434;23/01/2013 13:38:18;2;DISTRIBUICAO AUTOMATICA;
47796-93.2012.4.01.3300;378450;9435;06/06/2019 15:36:42;256;GESTAO DOCUMENTAL PROCESSO ELIMINADO FISICAMENTE;PROCESSOS ELIMINADOS FISICAMENTE NO DIA 03062019
47796-93.2012.4.01.3300;378449;9435;10/04/2019 17:04:05;256;GESTAO DOCUMENTAL INCLUIDO EM EDITAL DE ELIMINACAO;
47796-93.2012.4.01.3300;378448;9435;09/07/2013 11:33:40;123;BAIXA ARQUIVADOS;
47796-93.2012.4.01.3300;378447;9435;09/07/2013 11:33:33;222;REMESSA ORDENADA ARQUIVO;
47796-93.2012.4.01.3300;378446;9435;09/07/2013 11:31:42;243;TRANSITO EM JULGADO EM;DATA01072013
47796-93.2012.4.01.3300;378445;9435;14/05/2013 14:23:47;185;INTIMACAO NOTIFICACAO VISTA ORDENADA AUTOR OUTROS;
47796-93.2012.4.01.3300;378444;9435;14/05/2013 14:23:44;184;INTIMACAO NOTIFICACAO POR OFICIAL MANDADO DEVOLVIDO CUMPRIDO;
47796-93.2012.4.01.3300;378443;9435;29/04/2013 19:01:44;184;INTIMACAO NOTIFICACAO POR OFICIAL MANDADO REMETIDO CENTRAL;
47796-93.2012.4.01.3300;378442;9435;29/04/2013 19:01:41;218;RECEBIDOS PELO DIRETOR SECRETARIA PARA ATO ORDINATORIO;
47796-93.2012.4.01.3300;378441;9435;29/04/2013 19:01:37;184;INTIMACAO NOTIFICACAO POR OFICIAL MANDADO EXPEDIDO;
47796-93.2012.4.01.3300;378440;9435;29/04/2013 19:01:34;184;INTIMACAO NOTIFICACAO POR OFICIAL AGUARDANDO EXPEDICAO MANDADO;
47796-93.2012.4.01.3300;378439;9435;25/04/2013 16:49:41;156;DEVOLVIDOS C SENTENCA S EXAME DO MERITO FALTA DE PRESSUPOSTOS PROCESSUAIS;
47796-93.2012.4.01.3300;378438;9435;18/04/2013 14:23:09;137;CONCLUSOS PARA SENTENCA;
47796-93.2012.4.01.3300;378437;9435;03/04/2013 10:28:26;210;PETICAO OFICIO DOCUMENTO RECEBIDAO EM SECRETARIA;
47796-93.2012.4.01.3300;378436;9435;01/04/2013 10:56:25;185;INTIMACAO NOTIFICACAO VISTA ORDENADA AUTOR OUTROS;
47796-93.2012.4.01.3300;378435;9435;01/04/2013 10:56:20;184;INTIMACAO NOTIFICACAO POR OFICIAL MANDADO DEVOLVIDO CUMPRIDO;
47796-93.2012.4.01.3300;378434;9435;15/03/2013 14:27:25;184;INTIMACAO NOTIFICACAO POR OFICIAL MANDADO REMETIDO CENTRAL;
47796-93.2012.4.01.3300;378433;9435;15/03/2013 14:27:22;218;RECEBIDOS PELO DIRETOR SECRETARIA PARA ATO ORDINATORIO;
47796-93.2012.4.01.3300;378432;9435;15/03/2013 14:27:19;184;INTIMACAO NOTIFICACAO POR OFICIAL MANDADO EXPEDIDO;
47796-93.2012.4.01.3300;378431;9435;15/03/2013 14:27:16;184;INTIMACAO NOTIFICACAO POR OFICIAL AGUARDANDO EXPEDICAO MANDADO;
47796-93.2012.4.01.3300;378430;9435;15/03/2013 14:27:14;185;INTIMACAO NOTIFICACAO VISTA ORDENADA AUTOR OUTROS;
47796-93.2012.4.01.3300;378429;9435;15/03/2013 14:27:06;154;DEVOLVIDOS C DESPACHO;
47796-93.2012.4.01.3300;378428;9435;08/03/2013 15:13:00;137;CONCLUSOS PARA DESPACHO;
47796-93.2012.4.01.3300;378427;9435;14/02/2013 16:38:56;170;INICIAL AUTUADA;
47796-93.2012.4.01.3300;378426;9435;14/02/2013 16:38:52;218;RECEBIDOS EM SECRETARIA;
47796-93.2012.4.01.3300;378425;9435;23/01/2013 13:37:01;2;DISTRIBUICAO AUTOMATICA;
47797-78.2012.4.01.3300;378475;9436;06/06/2019 18:50:56;256;GESTAO DOCUMENTAL PROCESSO ELIMINADO FISICAMENTE;PROCESSOS ELIMINADOS FISICAMENTE NO DIA 03062019
47797-78.2012.4.01.3300;378474;9436;10/04/2019 20:09:50;256;GESTAO DOCUMENTAL INCLUIDO EM EDITAL DE ELIMINACAO;
47797-78.2012.4.01.3300;378473;9436;07/10/2013 14:06:14;123;BAIXA ARQUIVADOS;
47797-78.2012.4.01.3300;378472;9436;07/10/2013 14:06:11;222;REMESSA ORDENADA ARQUIVO;
47797-78.2012.4.01.3300;378471;9436;07/10/2013 14:05:59;212;PRAZO CERTIFICADO TRANSCURSO IN ALBIS;TRANSITO EM JULGADO
47797-78.2012.4.01.3300;378470;9436;17/09/2013 10:16:34;185;INTIMACAO NOTIFICACAO VISTA ORDENADA AUTOR OUTROS;PZ 2609 GUIA 69111
47797-78.2012.4.01.3300;378469;9436;17/09/2013 10:14:51;182;INTIMACAO NOTIFICACAO PELA SECRETARIA REALIZADA CERTIFICADA SENTENCA;DATA27082013
47797-78.2012.4.01.3300;378468;9436;21/08/2013 10:57:00;185;INTIMACAO NOTIFICACAO VISTA ORDENADA AUTOR OUTROS;PZ 2609
47797-78.2012.4.01.3300;378467;9436;21/08/2013 10:56:54;218;RECEBIDOS PELO DIRETOR SECRETARIA PARA ATO ORDINATORIO;
47797-78.2012.4.01.3300;378466;9436;21/06/2013 11:37:41;185;INTIMACAO NOTIFICACAO VISTA ORDENADA AUTOR OUTROS;
47797-78.2012.4.01.3300;378465;9436;19/06/2013 11:37:24;156;DEVOLVIDOS C SENTENCA S EXAME DO MERITO FALTA DE PRESSUPOSTOS PROCESSUAIS;REGISTRO EM LOTE NO ECVD por meio de idêntica sentença proferida no processo nº 478185420124013300
47797-78.2012.4.01.3300;378464;9436;12/06/2013 10:16:28;137;CONCLUSOS PARA DECISAO;
47797-78.2012.4.01.3300;378463;9436;10/06/2013 11:10:38;210;PETICAO OFICIO DOCUMENTO RECEBIDAO EM SECRETARIA;
47797-78.2012.4.01.3300;378462;9436;10/06/2013 11:06:21;184;INTIMACAO NOTIFICACAO POR OFICIAL MANDADO DEVOLVIDO CUMPRIDO;
47797-78.2012.4.01.3300;378461;9436;22/03/2013 12:52:47;184;INTIMACAO NOTIFICACAO POR OFICIAL MANDADO REMETIDO CENTRAL;CORE CDA GUIA 16471
47797-78.2012.4.01.3300;378460;9436;22/03/2013 12:52:43;184;INTIMACAO NOTIFICACAO POR OFICIAL MANDADO EXPEDIDO;
47797-78.2012.4.01.3300;378459;9436;22/03/2013 12:52:39;184;INTIMACAO NOTIFICACAO POR OFICIAL AGUARDANDO EXPEDICAO MANDADO;
47797-78.2012.4.01.3300;378458;9436;07/03/2013 17:41:00;185;INTIMACAO NOTIFICACAO VISTA ORDENADA AUTOR OUTROS;
47797-78.2012.4.01.3300;378457;9436;07/03/2013 16:43:00;153;DEVOLVIDOS C DECISAO OUTROS ESPECIFICAR;
47797-78.2012.4.01.3300;378456;9436;07/03/2013 13:32:00;137;CONCLUSOS PARA DECISAO;
47797-78.2012.4.01.3300;378455;9436;05/03/2013 14:22:22;170;INICIAL AUTUADA;
47797-78.2012.4.01.3300;378454;9436;05/03/2013 14:22:19;159;DILIGENCIA ORDENADA DEFERIDA;
47797-78.2012.4.01.3300;378453;9436;05/03/2013 14:22:15;218;RECEBIDOS PELO DIRETOR SECRETARIA PARA ATO ORDINATORIO;
47797-78.2012.4.01.3300;378452;9436;21/02/2013 19:24:29;218;RECEBIDOS EM SECRETARIA;PAUTUAR
47797-78.2012.4.01.3300;378451;9436;23/01/2013 13:35:40;2;DISTRIBUICAO AUTOMATICA;
47798-63.2012.4.01.3300;378499;9437;06/06/2019 19:35:02;256;GESTAO DOCUMENTAL PROCESSO ELIMINADO FISICAMENTE;PROCESSOS ELIMINADOS FISICAMENTE NO DIA 03062019
47798-63.2012.4.01.3300;378498;9437;10/04/2019 20:30:00;256;GESTAO DOCUMENTAL INCLUIDO EM EDITAL DE ELIMINACAO;
47798-63.2012.4.01.3300;378497;9437;21/11/2013 14:27:18;123;BAIXA ARQUIVADOS;
47798-63.2012.4.01.3300;378496;9437;21/11/2013 14:27:14;222;REMESSA ORDENADA ARQUIVO;
47798-63.2012.4.01.3300;378495;9437;21/11/2013 14:27:10;212;PRAZO CERTIFICADO TRANSCURSO IN ALBIS;
47798-63.2012.4.01.3300;378494;9437;21/11/2013 14:23:30;124;BAIXA CANCELADA RESTAURADA MOVIMENTACAO PROCESSUAL;
47798-63.2012.4.01.3300;378493;9437;21/11/2013 13:18:04;123;BAIXA ARQUIVADOS;
47798-63.2012.4.01.3300;378492;9437;21/11/2013 13:17:55;222;REMESSA ORDENADA ARQUIVO;
47798-63.2012.4.01.3300;378491;9437;21/11/2013 13:17:46;218;RECEBIDOS PELO DIRETOR SECRETARIA PARA ATO ORDINATORIO;
47798-63.2012.4.01.3300;378490;9437;21/11/2013 13:17:40;212;PRAZO CERTIFICADO TRANSCURSO IN ALBIS;
47798-63.2012.4.01.3300;378489;9437;07/10/2013 18:00:00;182;INTIMACAO NOTIFICACAO PELA SECRETARIA REALIZADA CERTIFICADA SENTENCA;DATA13092013
47798-63.2012.4.01.3300;378488;9437;10/09/2013 19:39:57;185;INTIMACAO NOTIFICACAO VISTA ORDENADA AUTOR OUTROS;
47798-63.2012.4.01.3300;378487;9437;09/09/2013 19:00:00;156;DEVOLVIDOS C SENTENCA S EXAME DO MERITO FALTA DE PRESSUPOSTOS PROCESSUAIS;REG CVD DESPONIVEL SITE TRF
47798-63.2012.4.01.3300;378486;9437;29/07/2013 15:21:30;137;CONCLUSOS PARA DECISAO;
47798-63.2012.4.01.3300;378485;9437;29/07/2013 15:21:28;210;PETICAO OFICIO DOCUMENTO RECEBIDAO EM SECRETARIA;
47798-63.2012.4.01.3300;378484;9437;18/06/2013 12:51:58;185;INTIMACAO NOTIFICACAO VISTA ORDENADA AUTOR OUTROS;
47798-63.2012.4.01.3300;378483;9437;17/06/2013 16:19:43;182;INTIMACAO NOTIFICACAO PELA SECRETARIA REALIZADA CERTIFICADA DECISAO;
47798-63.2012.4.01.3300;378482;9437;08/05/2013 11:19:38;185;INTIMACAO NOTIFICACAO VISTA ORDENADA AUTOR OUTROS;
47798-63.2012.4.01.3300;378481;9437;07/05/2013 11:19:30;153;DEVOLVIDOS C DECISAO OUTROS ESPECIFICAR;
47798-63.2012.4.01.3300;378480;9437;03/05/2013 13:32:55;137;CONCLUSOS PARA DECISAO;
47798-63.2012.4.01.3300;378479;9437;30/04/2013 15:39:51;170;INICIAL AUTUADA;
47798-63.2012.4.01.3300;378478;9437;30/04/2013 15:39:41;218;RECEBIDOS PELO DIRETOR SECRETARIA PARA ATO ORDINATORIO;
47798-63.2012.4.01.3300;378477;9437;22/02/2013 12:50:43;218;RECEBIDOS EM SECRETARIA;
47798-63.2012.4.01.3300;378476;9437;23/01/2013 13:30:27;2;DISTRIBUICAO AUTOMATICA;
47799-48.2012.4.01.3300;378525;9438;06/06/2019 16:18:30;256;GESTAO DOCUMENTAL PROCESSO ELIMINADO FISICAMENTE;PROCESSOS ELIMINADOS FISICAMENTE NO DIA 03062019
47799-48.2012.4.01.3300;378524;9438;10/04/2019 18:03:36;256;GESTAO DOCUMENTAL INCLUIDO EM EDITAL DE ELIMINACAO;
47799-48.2012.4.01.3300;378523;9438;11/07/2013 11:46:41;123;BAIXA ARQUIVADOS;
47799-48.2012.4.01.3300;378522;9438;11/07/2013 11:46:35;222;REMESSA ORDENADA ARQUIVO;
47799-48.2012.4.01.3300;378521;9438;10/07/2013 15:18:09;243;TRANSITO EM JULGADO EM;DATA01072013
47799-48.2012.4.01.3300;378520;9438;14/05/2013 14:16:39;185;INTIMACAO NOTIFICACAO VISTA ORDENADA AUTOR OUTROS;
47799-48.2012.4.01.3300;378519;9438;14/05/2013 14:16:36;184;INTIMACAO NOTIFICACAO POR OFICIAL MANDADO DEVOLVIDO CUMPRIDO;
47799-48.2012.4.01.3300;378518;9438;30/04/2013 13:53:35;184;INTIMACAO NOTIFICACAO POR OFICIAL MANDADO REMETIDO CENTRAL;
47799-48.2012.4.01.3300;378517;9438;30/04/2013 13:53:32;218;RECEBIDOS PELO DIRETOR SECRETARIA PARA ATO ORDINATORIO;
47799-48.2012.4.01.3300;378516;9438;30/04/2013 13:53:28;184;INTIMACAO NOTIFICACAO POR OFICIAL MANDADO EXPEDIDO;
47799-48.2012.4.01.3300;378515;9438;30/04/2013 13:53:25;184;INTIMACAO NOTIFICACAO POR OFICIAL AGUARDANDO EXPEDICAO MANDADO;
47799-48.2012.4.01.3300;378514;9438;26/04/2013 18:53:17;156;DEVOLVIDOS C SENTENCA S EXAME DO MERITO FALTA DE PRESSUPOSTOS PROCESSUAIS;Sentença registrada eCVD
47799-48.2012.4.01.3300;378513;9438;18/04/2013 14:16:34;137;CONCLUSOS PARA SENTENCA;
47799-48.2012.4.01.3300;378512;9438;03/04/2013 10:28:26;210;PETICAO OFICIO DOCUMENTO RECEBIDAO EM SECRETARIA;
47799-48.2012.4.01.3300;378511;9438;01/04/2013 10:56:25;185;INTIMACAO NOTIFICACAO VISTA ORDENADA AUTOR OUTROS;
47799-48.2012.4.01.3300;378510;9438;01/04/2013 10:56:20;184;INTIMACAO NOTIFICACAO POR OFICIAL MANDADO DEVOLVIDO CUMPRIDO;
47799-48.2012.4.01.3300;378509;9438;15/03/2013 14:27:25;184;INTIMACAO NOTIFICACAO POR OFICIAL MANDADO REMETIDO CENTRAL;
47799-48.2012.4.01.3300;378508;9438;15/03/2013 14:27:22;218;RECEBIDOS PELO DIRETOR SECRETARIA PARA ATO ORDINATORIO;
47799-48.2012.4.01.3300;378507;9438;15/03/2013 14:27:19;184;INTIMACAO NOTIFICACAO POR OFICIAL MANDADO EXPEDIDO;
47799-48.2012.4.01.3300;378506;9438;15/03/2013 14:27:16;184;INTIMACAO NOTIFICACAO POR OFICIAL AGUARDANDO EXPEDICAO MANDADO;
47799-48.2012.4.01.3300;378505;9438;15/03/2013 14:27:14;185;INTIMACAO NOTIFICACAO VISTA ORDENADA AUTOR OUTROS;
47799-48.2012.4.01.3300;378504;9438;15/03/2013 14:27:06;154;DEVOLVIDOS C DESPACHO;
47799-48.2012.4.01.3300;378503;9438;08/03/2013 15:13:00;137;CONCLUSOS PARA DESPACHO;
47799-48.2012.4.01.3300;378502;9438;14/02/2013 16:38:56;170;INICIAL AUTUADA;
47799-48.2012.4.01.3300;378501;9438;14/02/2013 16:38:52;218;RECEBIDOS EM SECRETARIA;
47799-48.2012.4.01.3300;378500;9438;23/01/2013 13:24:45;2;DISTRIBUICAO AUTOMATICA;
47800-33.2012.4.01.3300;378549;9439;06/06/2019 19:29:37;256;GESTAO DOCUMENTAL PROCESSO ELIMINADO FISICAMENTE;PROCESSOS ELIMINADOS FISICAMENTE NO DIA 03062019
47800-33.2012.4.01.3300;378548;9439;10/04/2019 20:28:04;256;GESTAO DOCUMENTAL INCLUIDO EM EDITAL DE ELIMINACAO;
47800-33.2012.4.01.3300;378547;9439;21/11/2013 14:27:18;123;BAIXA ARQUIVADOS;
47800-33.2012.4.01.3300;378546;9439;21/11/2013 14:27:14;222;REMESSA ORDENADA ARQUIVO;
47800-33.2012.4.01.3300;378545;9439;21/11/2013 14:27:10;212;PRAZO CERTIFICADO TRANSCURSO IN ALBIS;
47800-33.2012.4.01.3300;378544;9439;21/11/2013 14:23:30;124;BAIXA CANCELADA RESTAURADA MOVIMENTACAO PROCESSUAL;
47800-33.2012.4.01.3300;378543;9439;21/11/2013 13:18:04;123;BAIXA ARQUIVADOS;
47800-33.2012.4.01.3300;378542;9439;21/11/2013 13:17:55;222;REMESSA ORDENADA ARQUIVO;
47800-33.2012.4.01.3300;378541;9439;21/11/2013 13:17:46;218;RECEBIDOS PELO DIRETOR SECRETARIA PARA ATO ORDINATORIO;
47800-33.2012.4.01.3300;378540;9439;21/11/2013 13:17:40;212;PRAZO CERTIFICADO TRANSCURSO IN ALBIS;
47800-33.2012.4.01.3300;378539;9439;07/10/2013 18:00:00;182;INTIMACAO NOTIFICACAO PELA SECRETARIA REALIZADA CERTIFICADA SENTENCA;DATA13092013
47800-33.2012.4.01.3300;378538;9439;10/09/2013 19:39:57;185;INTIMACAO NOTIFICACAO VISTA ORDENADA AUTOR OUTROS;
47800-33.2012.4.01.3300;378537;9439;09/09/2013 19:00:00;156;DEVOLVIDOS C SENTENCA S EXAME DO MERITO FALTA DE PRESSUPOSTOS PROCESSUAIS;REG CVD DESPONIVEL SITE TRF
47800-33.2012.4.01.3300;378536;9439;29/07/2013 15:21:30;137;CONCLUSOS PARA DECISAO;
47800-33.2012.4.01.3300;378535;9439;29/07/2013 15:21:28;210;PETICAO OFICIO DOCUMENTO RECEBIDAO EM SECRETARIA;
47800-33.2012.4.01.3300;378534;9439;18/06/2013 12:48:51;185;INTIMACAO NOTIFICACAO VISTA ORDENADA AUTOR OUTROS;
47800-33.2012.4.01.3300;378533;9439;17/06/2013 16:15:45;182;INTIMACAO NOTIFICACAO PELA SECRETARIA REALIZADA CERTIFICADA DECISAO;
47800-33.2012.4.01.3300;378532;9439;08/05/2013 11:16:32;185;INTIMACAO NOTIFICACAO VISTA ORDENADA AUTOR OUTROS;
47800-33.2012.4.01.3300;378531;9439;07/05/2013 11:16:23;153;DEVOLVIDOS C DECISAO OUTROS ESPECIFICAR;
47800-33.2012.4.01.3300;378530;9439;03/05/2013 13:32:55;137;CONCLUSOS PARA DECISAO;
47800-33.2012.4.01.3300;378529;9439;30/04/2013 15:39:51;170;INICIAL AUTUADA;
47800-33.2012.4.01.3300;378528;9439;30/04/2013 15:39:41;218;RECEBIDOS PELO DIRETOR SECRETARIA PARA ATO ORDINATORIO;
47800-33.2012.4.01.3300;378527;9439;22/02/2013 12:50:43;218;RECEBIDOS EM SECRETARIA;
47800-33.2012.4.01.3300;378526;9439;23/01/2013 13:49:37;2;DISTRIBUICAO AUTOMATICA;
47801-18.2012.4.01.3300;378568;9440;18/10/2019 13:55:58;256;GESTAO DOCUMENTAL PROCESSO ELIMINADO FISICAMENTE;PROCESSO ELIMINADO FISICAMENTE NO DIA 17102019
47801-18.2012.4.01.3300;378567;9440;27/08/2019 11:26:07;256;GESTAO DOCUMENTAL INCLUIDO EM EDITAL DE ELIMINACAO;
47801-18.2012.4.01.3300;378566;9440;21/11/2013 15:33:15;123;BAIXA ARQUIVADOS;
47801-18.2012.4.01.3300;378565;9440;21/11/2013 15:33:11;222;REMESSA ORDENADA ARQUIVO;
47801-18.2012.4.01.3300;378564;9440;21/11/2013 15:33:08;212;PRAZO CERTIFICADO TRANSCURSO IN ALBIS;
47801-18.2012.4.01.3300;378563;9440;07/10/2013 18:00:00;182;INTIMACAO NOTIFICACAO PELA SECRETARIA REALIZADA CERTIFICADA SENTENCA;DATA13092013
47801-18.2012.4.01.3300;378562;9440;16/09/2013 11:33:08;185;INTIMACAO NOTIFICACAO VISTA ORDENADA AUTOR OUTROS;
47801-18.2012.4.01.3300;378561;9440;12/09/2013 11:33:00;156;DEVOLVIDOS C SENTENCA S EXAME DO MERITO FALTA DE PRESSUPOSTOS PROCESSUAIS;
47801-18.2012.4.01.3300;378560;9440;29/07/2013 14:57:27;137;CONCLUSOS PARA DECISAO;
47801-18.2012.4.01.3300;378559;9440;29/07/2013 14:57:25;210;PETICAO OFICIO DOCUMENTO RECEBIDAO EM SECRETARIA;
47801-18.2012.4.01.3300;378558;9440;18/06/2013 12:51:58;185;INTIMACAO NOTIFICACAO VISTA ORDENADA AUTOR OUTROS;
47801-18.2012.4.01.3300;378557;9440;17/06/2013 16:19:43;182;INTIMACAO NOTIFICACAO PELA SECRETARIA REALIZADA CERTIFICADA DECISAO;
47801-18.2012.4.01.3300;378556;9440;08/05/2013 11:19:38;185;INTIMACAO NOTIFICACAO VISTA ORDENADA AUTOR OUTROS;
47801-18.2012.4.01.3300;378555;9440;07/05/2013 11:19:30;153;DEVOLVIDOS C DECISAO OUTROS ESPECIFICAR;
47801-18.2012.4.01.3300;378554;9440;03/05/2013 13:32:55;137;CONCLUSOS PARA DECISAO;
47801-18.2012.4.01.3300;378553;9440;30/04/2013 15:39:51;170;INICIAL AUTUADA;
47801-18.2012.4.01.3300;378552;9440;30/04/2013 15:39:41;218;RECEBIDOS PELO DIRETOR SECRETARIA PARA ATO ORDINATORIO;
47801-18.2012.4.01.3300;378551;9440;22/02/2013 12:50:43;218;RECEBIDOS EM SECRETARIA;
47801-18.2012.4.01.3300;378550;9440;23/01/2013 14:54:11;2;DISTRIBUICAO AUTOMATICA;
47802-03.2012.4.01.3300;378594;9441;06/06/2019 15:36:42;256;GESTAO DOCUMENTAL PROCESSO ELIMINADO FISICAMENTE;PROCESSOS ELIMINADOS FISICAMENTE NO DIA 03062019
47802-03.2012.4.01.3300;378593;9441;10/04/2019 17:04:05;256;GESTAO DOCUMENTAL INCLUIDO EM EDITAL DE ELIMINACAO;
47802-03.2012.4.01.3300;378592;9441;09/07/2013 11:33:40;123;BAIXA ARQUIVADOS;
47802-03.2012.4.01.3300;378591;9441;09/07/2013 11:33:33;222;REMESSA ORDENADA ARQUIVO;
47802-03.2012.4.01.3300;378590;9441;09/07/2013 11:32:14;243;TRANSITO EM JULGADO EM;DATA01072013
47802-03.2012.4.01.3300;378589;9441;14/05/2013 14:23:47;185;INTIMACAO NOTIFICACAO VISTA ORDENADA AUTOR OUTROS;
47802-03.2012.4.01.3300;378588;9441;14/05/2013 14:23:44;184;INTIMACAO NOTIFICACAO POR OFICIAL MANDADO DEVOLVIDO CUMPRIDO;
47802-03.2012.4.01.3300;378587;9441;29/04/2013 19:01:44;184;INTIMACAO NOTIFICACAO POR OFICIAL MANDADO REMETIDO CENTRAL;
47802-03.2012.4.01.3300;378586;9441;29/04/2013 19:01:41;218;RECEBIDOS PELO DIRETOR SECRETARIA PARA ATO ORDINATORIO;
47802-03.2012.4.01.3300;378585;9441;29/04/2013 19:01:37;184;INTIMACAO NOTIFICACAO POR OFICIAL MANDADO EXPEDIDO;
47802-03.2012.4.01.3300;378584;9441;29/04/2013 19:01:34;184;INTIMACAO NOTIFICACAO POR OFICIAL AGUARDANDO EXPEDICAO MANDADO;
47802-03.2012.4.01.3300;378583;9441;25/04/2013 16:49:41;156;DEVOLVIDOS C SENTENCA S EXAME DO MERITO FALTA DE PRESSUPOSTOS PROCESSUAIS;
47802-03.2012.4.01.3300;378582;9441;18/04/2013 14:23:09;137;CONCLUSOS PARA SENTENCA;
47802-03.2012.4.01.3300;378581;9441;03/04/2013 10:28:26;210;PETICAO OFICIO DOCUMENTO RECEBIDAO EM SECRETARIA;
47802-03.2012.4.01.3300;378580;9441;01/04/2013 10:56:25;185;INTIMACAO NOTIFICACAO VISTA ORDENADA AUTOR OUTROS;
47802-03.2012.4.01.3300;378579;9441;01/04/2013 10:56:20;184;INTIMACAO NOTIFICACAO POR OFICIAL MANDADO DEVOLVIDO CUMPRIDO;
47802-03.2012.4.01.3300;378578;9441;15/03/2013 14:27:25;184;INTIMACAO NOTIFICACAO POR OFICIAL MANDADO REMETIDO CENTRAL;
47802-03.2012.4.01.3300;378577;9441;15/03/2013 14:27:22;218;RECEBIDOS PELO DIRETOR SECRETARIA PARA ATO ORDINATORIO;
47802-03.2012.4.01.3300;378576;9441;15/03/2013 14:27:19;184;INTIMACAO NOTIFICACAO POR OFICIAL MANDADO EXPEDIDO;
47802-03.2012.4.01.3300;378575;9441;15/03/2013 14:27:16;184;INTIMACAO NOTIFICACAO POR OFICIAL AGUARDANDO EXPEDICAO MANDADO;
47802-03.2012.4.01.3300;378574;9441;15/03/2013 14:27:14;185;INTIMACAO NOTIFICACAO VISTA ORDENADA AUTOR OUTROS;
47802-03.2012.4.01.3300;378573;9441;15/03/2013 14:27:06;154;DEVOLVIDOS C DESPACHO;
47802-03.2012.4.01.3300;378572;9441;08/03/2013 15:13:00;137;CONCLUSOS PARA DESPACHO;
47802-03.2012.4.01.3300;378571;9441;14/02/2013 16:38:56;170;INICIAL AUTUADA;
47802-03.2012.4.01.3300;378570;9441;14/02/2013 16:38:52;218;RECEBIDOS EM SECRETARIA;
47802-03.2012.4.01.3300;378569;9441;23/01/2013 14:56:25;2;DISTRIBUICAO AUTOMATICA;
47814-17.2012.4.01.3300;378615;9442;06/06/2019 19:35:18;256;GESTAO DOCUMENTAL PROCESSO ELIMINADO FISICAMENTE;PROCESSOS ELIMINADOS FISICAMENTE NO DIA 03062019
47814-17.2012.4.01.3300;378614;9442;10/04/2019 20:30:15;256;GESTAO DOCUMENTAL INCLUIDO EM EDITAL DE ELIMINACAO;
47814-17.2012.4.01.3300;378613;9442;21/11/2013 15:24:52;123;BAIXA ARQUIVADOS;
47814-17.2012.4.01.3300;378612;9442;21/11/2013 15:23:47;124;BAIXA CANCELADA RESTAURADA MOVIMENTACAO PROCESSUAL;
47814-17.2012.4.01.3300;378611;9442;20/11/2013 17:22:35;123;BAIXA ARQUIVADOS;
47814-17.2012.4.01.3300;378610;9442;20/11/2013 17:22:26;222;REMESSA ORDENADA ARQUIVO;
47814-17.2012.4.01.3300;378609;9442;20/11/2013 17:22:18;218;RECEBIDOS PELO DIRETOR SECRETARIA PARA ATO ORDINATORIO;
47814-17.2012.4.01.3300;378608;9442;20/11/2013 17:22:09;212;PRAZO CERTIFICADO TRANSCURSO IN ALBIS;
47814-17.2012.4.01.3300;378607;9442;07/10/2013 18:00:00;182;INTIMACAO NOTIFICACAO PELA SECRETARIA REALIZADA CERTIFICADA SENTENCA;DATA13092013
47814-17.2012.4.01.3300;378606;9442;10/09/2013 19:13:35;185;INTIMACAO NOTIFICACAO VISTA ORDENADA AUTOR OUTROS;
47814-17.2012.4.01.3300;378605;9442;09/09/2013 19:00:00;156;DEVOLVIDOS C SENTENCA S EXAME DO MERITO FALTA DE PRESSUPOSTOS PROCESSUAIS;REG NO CVD DISPONIVEL PARA CONSULTA SITE TRF
47814-17.2012.4.01.3300;378604;9442;29/07/2013 15:21:30;137;CONCLUSOS PARA DECISAO;
47814-17.2012.4.01.3300;378603;9442;29/07/2013 15:21:28;210;PETICAO OFICIO DOCUMENTO RECEBIDAO EM SECRETARIA;
47814-17.2012.4.01.3300;378602;9442;18/06/2013 12:27:01;185;INTIMACAO NOTIFICACAO VISTA ORDENADA AUTOR OUTROS;2ª
47814-17.2012.4.01.3300;378601;9442;02/05/2013 14:04:16;185;INTIMACAO NOTIFICACAO VISTA ORDENADA AUTOR OUTROS;
47814-17.2012.4.01.3300;378600;9442;30/04/2013 00:00:00;153;DEVOLVIDOS C DECISAO OUTROS ESPECIFICAR;
47814-17.2012.4.01.3300;378599;9442;26/04/2013 13:59:27;137;CONCLUSOS PARA DECISAO;
47814-17.2012.4.01.3300;378598;9442;17/04/2013 12:13:05;170;INICIAL AUTUADA;
47814-17.2012.4.01.3300;378597;9442;17/04/2013 12:13:00;218;RECEBIDOS PELO DIRETOR SECRETARIA PARA ATO ORDINATORIO;
47814-17.2012.4.01.3300;378596;9442;30/01/2013 16:03:08;218;RECEBIDOS EM SECRETARIA;
47814-17.2012.4.01.3300;378595;9442;11/01/2013 17:35:31;2;DISTRIBUICAO AUTOMATICA;
47815-02.2012.4.01.3300;378641;9443;06/06/2019 16:12:49;256;GESTAO DOCUMENTAL PROCESSO ELIMINADO FISICAMENTE;PROCESSOS ELIMINADOS FISICAMENTE NO DIA 03062019
47815-02.2012.4.01.3300;378640;9443;10/04/2019 17:54:30;256;GESTAO DOCUMENTAL INCLUIDO EM EDITAL DE ELIMINACAO;
47815-02.2012.4.01.3300;378639;9443;11/07/2013 11:46:41;123;BAIXA ARQUIVADOS;
47815-02.2012.4.01.3300;378638;9443;11/07/2013 11:46:35;222;REMESSA ORDENADA ARQUIVO;
47815-02.2012.4.01.3300;378637;9443;10/07/2013 15:02:44;243;TRANSITO EM JULGADO EM;DATA01072013
47815-02.2012.4.01.3300;378636;9443;14/05/2013 14:32:29;185;INTIMACAO NOTIFICACAO VISTA ORDENADA AUTOR OUTROS;
47815-02.2012.4.01.3300;378635;9443;14/05/2013 14:32:24;184;INTIMACAO NOTIFICACAO POR OFICIAL MANDADO DEVOLVIDO CUMPRIDO;
47815-02.2012.4.01.3300;378634;9443;30/04/2013 13:58:38;184;INTIMACAO NOTIFICACAO POR OFICIAL MANDADO REMETIDO CENTRAL;
47815-02.2012.4.01.3300;378633;9443;30/04/2013 13:58:35;218;RECEBIDOS PELO DIRETOR SECRETARIA PARA ATO ORDINATORIO;
47815-02.2012.4.01.3300;378632;9443;30/04/2013 13:58:31;184;INTIMACAO NOTIFICACAO POR OFICIAL MANDADO EXPEDIDO;
47815-02.2012.4.01.3300;378631;9443;30/04/2013 13:58:28;184;INTIMACAO NOTIFICACAO POR OFICIAL AGUARDANDO EXPEDICAO MANDADO;
47815-02.2012.4.01.3300;378630;9443;26/04/2013 18:53:17;156;DEVOLVIDOS C SENTENCA S EXAME DO MERITO FALTA DE PRESSUPOSTOS PROCESSUAIS;Sentença registrada eCVD
47815-02.2012.4.01.3300;378629;9443;18/04/2013 14:12:12;137;CONCLUSOS PARA SENTENCA;
47815-02.2012.4.01.3300;378628;9443;03/04/2013 10:28:26;210;PETICAO OFICIO DOCUMENTO RECEBIDAO EM SECRETARIA;
47815-02.2012.4.01.3300;378627;9443;01/04/2013 11:32:58;185;INTIMACAO NOTIFICACAO VISTA ORDENADA AUTOR OUTROS;
47815-02.2012.4.01.3300;378626;9443;01/04/2013 11:32:55;184;INTIMACAO NOTIFICACAO POR OFICIAL MANDADO DEVOLVIDO CUMPRIDO;
47815-02.2012.4.01.3300;378625;9443;15/03/2013 14:23:32;184;INTIMACAO NOTIFICACAO POR OFICIAL MANDADO REMETIDO CENTRAL;
47815-02.2012.4.01.3300;378624;9443;15/03/2013 14:23:30;218;RECEBIDOS PELO DIRETOR SECRETARIA PARA ATO ORDINATORIO;
47815-02.2012.4.01.3300;378623;9443;15/03/2013 14:23:26;184;INTIMACAO NOTIFICACAO POR OFICIAL MANDADO EXPEDIDO;
47815-02.2012.4.01.3300;378622;9443;15/03/2013 14:23:23;184;INTIMACAO NOTIFICACAO POR OFICIAL AGUARDANDO EXPEDICAO MANDADO;
47815-02.2012.4.01.3300;378621;9443;15/03/2013 14:23:20;185;INTIMACAO NOTIFICACAO VISTA ORDENADA AUTOR OUTROS;
47815-02.2012.4.01.3300;378620;9443;15/03/2013 14:23:11;154;DEVOLVIDOS C DESPACHO;
47815-02.2012.4.01.3300;378619;9443;08/03/2013 15:13:00;137;CONCLUSOS PARA DESPACHO;
47815-02.2012.4.01.3300;378618;9443;29/01/2013 18:06:52;170;INICIAL AUTUADA;
47815-02.2012.4.01.3300;378617;9443;29/01/2013 18:06:46;218;RECEBIDOS EM SECRETARIA;
47815-02.2012.4.01.3300;378616;9443;11/01/2013 17:32:39;2;DISTRIBUICAO AUTOMATICA;
47816-84.2012.4.01.3300;378667;9444;06/06/2019 15:36:42;256;GESTAO DOCUMENTAL PROCESSO ELIMINADO FISICAMENTE;PROCESSOS ELIMINADOS FISICAMENTE NO DIA 03062019
47816-84.2012.4.01.3300;378666;9444;10/04/2019 17:04:06;256;GESTAO DOCUMENTAL INCLUIDO EM EDITAL DE ELIMINACAO;
47816-84.2012.4.01.3300;378665;9444;09/07/2013 11:33:40;123;BAIXA ARQUIVADOS;
47816-84.2012.4.01.3300;378664;9444;09/07/2013 11:33:33;222;REMESSA ORDENADA ARQUIVO;
47816-84.2012.4.01.3300;378663;9444;09/07/2013 11:24:27;243;TRANSITO EM JULGADO EM;DATA01072013
47816-84.2012.4.01.3300;378662;9444;14/05/2013 13:57:28;185;INTIMACAO NOTIFICACAO VISTA ORDENADA AUTOR OUTROS;
47816-84.2012.4.01.3300;378661;9444;14/05/2013 13:57:24;184;INTIMACAO NOTIFICACAO POR OFICIAL MANDADO DEVOLVIDO CUMPRIDO;
47816-84.2012.4.01.3300;378660;9444;29/04/2013 19:08:02;184;INTIMACAO NOTIFICACAO POR OFICIAL MANDADO REMETIDO CENTRAL;
47816-84.2012.4.01.3300;378659;9444;29/04/2013 19:07:59;218;RECEBIDOS PELO DIRETOR SECRETARIA PARA ATO ORDINATORIO;
47816-84.2012.4.01.3300;378658;9444;29/04/2013 19:07:56;184;INTIMACAO NOTIFICACAO POR OFICIAL MANDADO EXPEDIDO;
47816-84.2012.4.01.3300;378657;9444;29/04/2013 19:07:53;184;INTIMACAO NOTIFICACAO POR OFICIAL AGUARDANDO EXPEDICAO MANDADO;
47816-84.2012.4.01.3300;378656;9444;25/04/2013 16:49:41;156;DEVOLVIDOS C SENTENCA S EXAME DO MERITO FALTA DE PRESSUPOSTOS PROCESSUAIS;
47816-84.2012.4.01.3300;378655;9444;18/04/2013 14:19:15;137;CONCLUSOS PARA SENTENCA;
47816-84.2012.4.01.3300;378654;9444;03/04/2013 10:28:26;210;PETICAO OFICIO DOCUMENTO RECEBIDAO EM SECRETARIA;
47816-84.2012.4.01.3300;378653;9444;01/04/2013 11:32:58;185;INTIMACAO NOTIFICACAO VISTA ORDENADA AUTOR OUTROS;
47816-84.2012.4.01.3300;378652;9444;01/04/2013 11:32:55;184;INTIMACAO NOTIFICACAO POR OFICIAL MANDADO DEVOLVIDO CUMPRIDO;
47816-84.2012.4.01.3300;378651;9444;15/03/2013 14:23:32;184;INTIMACAO NOTIFICACAO POR OFICIAL MANDADO REMETIDO CENTRAL;
47816-84.2012.4.01.3300;378650;9444;15/03/2013 14:23:30;218;RECEBIDOS PELO DIRETOR SECRETARIA PARA ATO ORDINATORIO;
47816-84.2012.4.01.3300;378649;9444;15/03/2013 14:23:26;184;INTIMACAO NOTIFICACAO POR OFICIAL MANDADO EXPEDIDO;
47816-84.2012.4.01.3300;378648;9444;15/03/2013 14:23:23;184;INTIMACAO NOTIFICACAO POR OFICIAL AGUARDANDO EXPEDICAO MANDADO;
47816-84.2012.4.01.3300;378647;9444;15/03/2013 14:23:20;185;INTIMACAO NOTIFICACAO VISTA ORDENADA AUTOR OUTROS;
47816-84.2012.4.01.3300;378646;9444;15/03/2013 14:23:11;154;DEVOLVIDOS C DESPACHO;
47816-84.2012.4.01.3300;378645;9444;08/03/2013 15:13:00;137;CONCLUSOS PARA DESPACHO;
47816-84.2012.4.01.3300;378644;9444;29/01/2013 18:06:52;170;INICIAL AUTUADA;
47816-84.2012.4.01.3300;378643;9444;29/01/2013 18:06:46;218;RECEBIDOS EM SECRETARIA;
47816-84.2012.4.01.3300;378642;9444;11/01/2013 17:28:14;2;DISTRIBUICAO AUTOMATICA;
47817-69.2012.4.01.3300;378693;9445;06/06/2019 16:18:30;256;GESTAO DOCUMENTAL PROCESSO ELIMINADO FISICAMENTE;PROCESSOS ELIMINADOS FISICAMENTE NO DIA 03062019
47817-69.2012.4.01.3300;378692;9445;10/04/2019 18:03:36;256;GESTAO DOCUMENTAL INCLUIDO EM EDITAL DE ELIMINACAO;
47817-69.2012.4.01.3300;378691;9445;11/07/2013 11:46:41;123;BAIXA ARQUIVADOS;
47817-69.2012.4.01.3300;378690;9445;11/07/2013 11:46:35;222;REMESSA ORDENADA ARQUIVO;
47817-69.2012.4.01.3300;378689;9445;10/07/2013 15:19:22;243;TRANSITO EM JULGADO EM;DATA01072013
47817-69.2012.4.01.3300;378688;9445;14/05/2013 14:16:39;185;INTIMACAO NOTIFICACAO VISTA ORDENADA AUTOR OUTROS;
47817-69.2012.4.01.3300;378687;9445;14/05/2013 14:16:36;184;INTIMACAO NOTIFICACAO POR OFICIAL MANDADO DEVOLVIDO CUMPRIDO;
47817-69.2012.4.01.3300;378686;9445;30/04/2013 13:53:35;184;INTIMACAO NOTIFICACAO POR OFICIAL MANDADO REMETIDO CENTRAL;
47817-69.2012.4.01.3300;378685;9445;30/04/2013 13:53:32;218;RECEBIDOS PELO DIRETOR SECRETARIA PARA ATO ORDINATORIO;
47817-69.2012.4.01.3300;378684;9445;30/04/2013 13:53:28;184;INTIMACAO NOTIFICACAO POR OFICIAL MANDADO EXPEDIDO;
47817-69.2012.4.01.3300;378683;9445;30/04/2013 13:53:25;184;INTIMACAO NOTIFICACAO POR OFICIAL AGUARDANDO EXPEDICAO MANDADO;
47817-69.2012.4.01.3300;378682;9445;26/04/2013 18:53:17;156;DEVOLVIDOS C SENTENCA S EXAME DO MERITO FALTA DE PRESSUPOSTOS PROCESSUAIS;Sentença registrada eCVD
47817-69.2012.4.01.3300;378681;9445;18/04/2013 14:12:12;137;CONCLUSOS PARA SENTENCA;
47817-69.2012.4.01.3300;378680;9445;03/04/2013 10:28:26;210;PETICAO OFICIO DOCUMENTO RECEBIDAO EM SECRETARIA;
47817-69.2012.4.01.3300;378679;9445;01/04/2013 11:32:58;185;INTIMACAO NOTIFICACAO VISTA ORDENADA AUTOR OUTROS;
47817-69.2012.4.01.3300;378678;9445;01/04/2013 11:32:55;184;INTIMACAO NOTIFICACAO POR OFICIAL MANDADO DEVOLVIDO CUMPRIDO;
47817-69.2012.4.01.3300;378677;9445;15/03/2013 14:23:32;184;INTIMACAO NOTIFICACAO POR OFICIAL MANDADO REMETIDO CENTRAL;
47817-69.2012.4.01.3300;378676;9445;15/03/2013 14:23:30;218;RECEBIDOS PELO DIRETOR SECRETARIA PARA ATO ORDINATORIO;
47817-69.2012.4.01.3300;378675;9445;15/03/2013 14:23:26;184;INTIMACAO NOTIFICACAO POR OFICIAL MANDADO EXPEDIDO;
47817-69.2012.4.01.3300;378674;9445;15/03/2013 14:23:23;184;INTIMACAO NOTIFICACAO POR OFICIAL AGUARDANDO EXPEDICAO MANDADO;
47817-69.2012.4.01.3300;378673;9445;15/03/2013 14:23:20;185;INTIMACAO NOTIFICACAO VISTA ORDENADA AUTOR OUTROS;
47817-69.2012.4.01.3300;378672;9445;15/03/2013 14:23:11;154;DEVOLVIDOS C DESPACHO;
47817-69.2012.4.01.3300;378671;9445;08/03/2013 15:13:00;137;CONCLUSOS PARA DESPACHO;
47817-69.2012.4.01.3300;378670;9445;29/01/2013 18:06:52;170;INICIAL AUTUADA;
47817-69.2012.4.01.3300;378669;9445;29/01/2013 18:06:46;218;RECEBIDOS EM SECRETARIA;
47817-69.2012.4.01.3300;378668;9445;11/01/2013 17:23:21;2;DISTRIBUICAO AUTOMATICA;
47818-54.2012.4.01.3300;378720;9446;06/06/2019 18:50:56;256;GESTAO DOCUMENTAL PROCESSO ELIMINADO FISICAMENTE;PROCESSOS ELIMINADOS FISICAMENTE NO DIA 03062019
47818-54.2012.4.01.3300;378719;9446;10/04/2019 20:09:50;256;GESTAO DOCUMENTAL INCLUIDO EM EDITAL DE ELIMINACAO;
47818-54.2012.4.01.3300;378718;9446;07/10/2013 11:35:58;123;BAIXA ARQUIVADOS;
47818-54.2012.4.01.3300;378717;9446;07/10/2013 11:35:54;222;REMESSA ORDENADA ARQUIVO;
47818-54.2012.4.01.3300;378716;9446;07/10/2013 11:35:43;212;PRAZO CERTIFICADO TRANSCURSO IN ALBIS;TRANSITO EM JULGADO
47818-54.2012.4.01.3300;378715;9446;17/09/2013 10:23:17;185;INTIMACAO NOTIFICACAO VISTA ORDENADA AUTOR OUTROS;PZ 2609 GUIA 60978
47818-54.2012.4.01.3300;378714;9446;17/09/2013 10:23:02;182;INTIMACAO NOTIFICACAO PELA SECRETARIA REALIZADA CERTIFICADA SENTENCA;DATA27082013
47818-54.2012.4.01.3300;378713;9446;20/08/2013 12:53:07;185;INTIMACAO NOTIFICACAO VISTA ORDENADA AUTOR OUTROS;PZ 2609
47818-54.2012.4.01.3300;378712;9446;20/08/2013 12:52:59;218;RECEBIDOS PELO DIRETOR SECRETARIA PARA ATO ORDINATORIO;
47818-54.2012.4.01.3300;378711;9446;19/06/2013 13:06:47;185;INTIMACAO NOTIFICACAO VISTA ORDENADA AUTOR OUTROS;
47818-54.2012.4.01.3300;378710;9446;19/06/2013 12:44:28;156;DEVOLVIDOS C SENTENCA S EXAME DO MERITO FALTA DE PRESSUPOSTOS PROCESSUAIS;REGISTRO EM LOTE NO ECVD por meio de idêntica sentença proferida no processo nº 478185420124013300
47818-54.2012.4.01.3300;378709;9446;11/06/2013 11:04:12;137;CONCLUSOS PARA DECISAO;
47818-54.2012.4.01.3300;378708;9446;07/06/2013 21:00:00;210;PETICAO OFICIO DOCUMENTO RECEBIDAO EM SECRETARIA;GUIA 41054
47818-54.2012.4.01.3300;378707;9446;07/06/2013 20:00:00;184;INTIMACAO NOTIFICACAO POR OFICIAL MANDADO DEVOLVIDO CUMPRIDO;
47818-54.2012.4.01.3300;378706;9446;05/04/2013 11:35:31;184;INTIMACAO NOTIFICACAO POR OFICIAL MANDADO REMETIDO CENTRAL;GUIA 22666
47818-54.2012.4.01.3300;378705;9446;05/04/2013 11:35:25;184;INTIMACAO NOTIFICACAO POR OFICIAL MANDADO EXPEDIDO;
47818-54.2012.4.01.3300;378704;9446;05/04/2013 11:35:22;184;INTIMACAO NOTIFICACAO POR OFICIAL AGUARDANDO EXPEDICAO MANDADO;
47818-54.2012.4.01.3300;378703;9446;05/04/2013 11:35:00;218;RECEBIDOS PELO DIRETOR SECRETARIA PARA ATO ORDINATORIO;2ª CUMPRIR DETERMINAÇÃO ANTERIOR
47818-54.2012.4.01.3300;378702;9446;04/04/2013 15:29:22;218;RECEBIDOS PELO DIRETOR SECRETARIA PARA ATO ORDINATORIO;CUMPRIR DETERMINAÇÃO ANTERIOR
47818-54.2012.4.01.3300;378701;9446;31/01/2013 18:21:11;185;INTIMACAO NOTIFICACAO VISTA ORDENADA AUTOR OUTROS;
47818-54.2012.4.01.3300;378700;9446;30/01/2013 19:00:05;153;DEVOLVIDOS C DECISAO OUTROS ESPECIFICAR;
47818-54.2012.4.01.3300;378699;9446;30/01/2013 17:52:00;137;CONCLUSOS PARA DECISAO;
47818-54.2012.4.01.3300;378698;9446;29/01/2013 16:15:48;170;INICIAL AUTUADA;
47818-54.2012.4.01.3300;378697;9446;29/01/2013 16:15:43;159;DILIGENCIA ORDENADA DEFERIDA;
47818-54.2012.4.01.3300;378696;9446;29/01/2013 16:15:41;218;RECEBIDOS PELO DIRETOR SECRETARIA PARA ATO ORDINATORIO;
47818-54.2012.4.01.3300;378695;9446;29/01/2013 16:15:37;218;RECEBIDOS EM SECRETARIA;
47818-54.2012.4.01.3300;378694;9446;11/01/2013 17:18:33;2;DISTRIBUICAO AUTOMATICA;
47819-39.2012.4.01.3300;378744;9447;06/06/2019 19:29:44;256;GESTAO DOCUMENTAL PROCESSO ELIMINADO FISICAMENTE;PROCESSOS ELIMINADOS FISICAMENTE NO DIA 03062019
47819-39.2012.4.01.3300;378743;9447;10/04/2019 20:28:11;256;GESTAO DOCUMENTAL INCLUIDO EM EDITAL DE ELIMINACAO;
47819-39.2012.4.01.3300;378742;9447;21/11/2013 14:13:55;123;BAIXA ARQUIVADOS;
47819-39.2012.4.01.3300;378741;9447;21/11/2013 14:13:52;222;REMESSA ORDENADA ARQUIVO;
47819-39.2012.4.01.3300;378740;9447;21/11/2013 14:13:49;212;PRAZO CERTIFICADO TRANSCURSO IN ALBIS;
47819-39.2012.4.01.3300;378739;9447;21/11/2013 14:11:50;124;BAIXA CANCELADA RESTAURADA MOVIMENTACAO PROCESSUAL;
47819-39.2012.4.01.3300;378738;9447;21/11/2013 13:05:41;123;BAIXA ARQUIVADOS;
47819-39.2012.4.01.3300;378737;9447;21/11/2013 13:05:34;222;REMESSA ORDENADA ARQUIVO;
47819-39.2012.4.01.3300;378736;9447;21/11/2013 13:05:27;218;RECEBIDOS PELO DIRETOR SECRETARIA PARA ATO ORDINATORIO;
47819-39.2012.4.01.3300;378735;9447;21/11/2013 13:04:56;212;PRAZO CERTIFICADO TRANSCURSO IN ALBIS;
47819-39.2012.4.01.3300;378734;9447;07/10/2013 18:00:00;182;INTIMACAO NOTIFICACAO PELA SECRETARIA REALIZADA CERTIFICADA SENTENCA;DATA13092013
47819-39.2012.4.01.3300;378733;9447;16/09/2013 11:41:06;185;INTIMACAO NOTIFICACAO VISTA ORDENADA AUTOR OUTROS;
47819-39.2012.4.01.3300;378732;9447;12/09/2013 11:40:46;156;DEVOLVIDOS C SENTENCA S EXAME DO MERITO FALTA DE PRESSUPOSTOS PROCESSUAIS;
47819-39.2012.4.01.3300;378731;9447;29/07/2013 14:57:27;137;CONCLUSOS PARA DECISAO;
47819-39.2012.4.01.3300;378730;9447;29/07/2013 14:57:25;210;PETICAO OFICIO DOCUMENTO RECEBIDAO EM SECRETARIA;
47819-39.2012.4.01.3300;378729;9447;18/06/2013 12:50:28;185;INTIMACAO NOTIFICACAO VISTA ORDENADA AUTOR OUTROS;
47819-39.2012.4.01.3300;378728;9447;17/06/2013 16:17:54;182;INTIMACAO NOTIFICACAO PELA SECRETARIA REALIZADA CERTIFICADA DECISAO;
47819-39.2012.4.01.3300;378727;9447;08/05/2013 10:30:40;185;INTIMACAO NOTIFICACAO VISTA ORDENADA AUTOR OUTROS;
47819-39.2012.4.01.3300;378726;9447;06/05/2013 10:30:22;153;DEVOLVIDOS C DECISAO OUTROS ESPECIFICAR;
47819-39.2012.4.01.3300;378725;9447;03/05/2013 15:40:36;137;CONCLUSOS PARA DECISAO;
47819-39.2012.4.01.3300;378724;9447;18/04/2013 09:49:20;170;INICIAL AUTUADA;
47819-39.2012.4.01.3300;378723;9447;18/04/2013 09:49:10;218;RECEBIDOS PELO DIRETOR SECRETARIA PARA ATO ORDINATORIO;
47819-39.2012.4.01.3300;378722;9447;29/01/2013 15:34:41;218;RECEBIDOS EM SECRETARIA;
47819-39.2012.4.01.3300;378721;9447;11/01/2013 17:14:36;2;DISTRIBUICAO AUTOMATICA;
47821-09.2012.4.01.3300;378763;9448;18/10/2019 13:55:58;256;GESTAO DOCUMENTAL PROCESSO ELIMINADO FISICAMENTE;PROCESSO ELIMINADO FISICAMENTE NO DIA 17102019
47821-09.2012.4.01.3300;378762;9448;27/08/2019 11:26:07;256;GESTAO DOCUMENTAL INCLUIDO EM EDITAL DE ELIMINACAO;
47821-09.2012.4.01.3300;378761;9448;21/11/2013 15:33:15;123;BAIXA ARQUIVADOS;
47821-09.2012.4.01.3300;378760;9448;21/11/2013 15:33:11;222;REMESSA ORDENADA ARQUIVO;
47821-09.2012.4.01.3300;378759;9448;21/11/2013 15:33:08;212;PRAZO CERTIFICADO TRANSCURSO IN ALBIS;
47821-09.2012.4.01.3300;378758;9448;07/10/2013 18:00:00;182;INTIMACAO NOTIFICACAO PELA SECRETARIA REALIZADA CERTIFICADA SENTENCA;DATA13092013
47821-09.2012.4.01.3300;378757;9448;16/09/2013 11:33:08;185;INTIMACAO NOTIFICACAO VISTA ORDENADA AUTOR OUTROS;
47821-09.2012.4.01.3300;378756;9448;12/09/2013 11:33:00;156;DEVOLVIDOS C SENTENCA S EXAME DO MERITO FALTA DE PRESSUPOSTOS PROCESSUAIS;
47821-09.2012.4.01.3300;378755;9448;29/07/2013 14:57:27;137;CONCLUSOS PARA DECISAO;
47821-09.2012.4.01.3300;378754;9448;29/07/2013 14:57:25;210;PETICAO OFICIO DOCUMENTO RECEBIDAO EM SECRETARIA;
47821-09.2012.4.01.3300;378753;9448;18/06/2013 12:50:28;185;INTIMACAO NOTIFICACAO VISTA ORDENADA AUTOR OUTROS;
47821-09.2012.4.01.3300;378752;9448;17/06/2013 16:17:54;182;INTIMACAO NOTIFICACAO PELA SECRETARIA REALIZADA CERTIFICADA DECISAO;
47821-09.2012.4.01.3300;378751;9448;08/05/2013 10:30:40;185;INTIMACAO NOTIFICACAO VISTA ORDENADA AUTOR OUTROS;
47821-09.2012.4.01.3300;378750;9448;06/05/2013 10:30:22;153;DEVOLVIDOS C DECISAO OUTROS ESPECIFICAR;
47821-09.2012.4.01.3300;378749;9448;03/05/2013 15:47:39;137;CONCLUSOS PARA DECISAO;
47821-09.2012.4.01.3300;378748;9448;18/04/2013 09:49:20;170;INICIAL AUTUADA;
47821-09.2012.4.01.3300;378747;9448;18/04/2013 09:49:10;218;RECEBIDOS PELO DIRETOR SECRETARIA PARA ATO ORDINATORIO;
47821-09.2012.4.01.3300;378746;9448;29/01/2013 15:34:41;218;RECEBIDOS EM SECRETARIA;
47821-09.2012.4.01.3300;378745;9448;11/01/2013 17:06:35;2;DISTRIBUICAO AUTOMATICA;
48006-47.2012.4.01.3300;378789;9449;06/06/2019 15:36:44;256;GESTAO DOCUMENTAL PROCESSO ELIMINADO FISICAMENTE;PROCESSOS ELIMINADOS FISICAMENTE NO DIA 03062019
48006-47.2012.4.01.3300;378788;9449;10/04/2019 17:04:06;256;GESTAO DOCUMENTAL INCLUIDO EM EDITAL DE ELIMINACAO;
48006-47.2012.4.01.3300;378787;9449;09/07/2013 11:33:40;123;BAIXA ARQUIVADOS;
48006-47.2012.4.01.3300;378786;9449;09/07/2013 11:33:33;222;REMESSA ORDENADA ARQUIVO;
48006-47.2012.4.01.3300;378785;9449;09/07/2013 11:31:06;243;TRANSITO EM JULGADO EM;DATA01072013
48006-47.2012.4.01.3300;378784;9449;14/05/2013 14:23:47;185;INTIMACAO NOTIFICACAO VISTA ORDENADA AUTOR OUTROS;
48006-47.2012.4.01.3300;378783;9449;14/05/2013 14:23:44;184;INTIMACAO NOTIFICACAO POR OFICIAL MANDADO DEVOLVIDO CUMPRIDO;
48006-47.2012.4.01.3300;378782;9449;29/04/2013 19:01:44;184;INTIMACAO NOTIFICACAO POR OFICIAL MANDADO REMETIDO CENTRAL;
48006-47.2012.4.01.3300;378781;9449;29/04/2013 19:01:41;218;RECEBIDOS PELO DIRETOR SECRETARIA PARA ATO ORDINATORIO;
48006-47.2012.4.01.3300;378780;9449;29/04/2013 19:01:37;184;INTIMACAO NOTIFICACAO POR OFICIAL MANDADO EXPEDIDO;
48006-47.2012.4.01.3300;378779;9449;29/04/2013 19:01:34;184;INTIMACAO NOTIFICACAO POR OFICIAL AGUARDANDO EXPEDICAO MANDADO;
48006-47.2012.4.01.3300;378778;9449;25/04/2013 16:49:41;156;DEVOLVIDOS C SENTENCA S EXAME DO MERITO FALTA DE PRESSUPOSTOS PROCESSUAIS;
48006-47.2012.4.01.3300;378777;9449;18/04/2013 14:23:09;137;CONCLUSOS PARA SENTENCA;
48006-47.2012.4.01.3300;378776;9449;03/04/2013 10:28:26;210;PETICAO OFICIO DOCUMENTO RECEBIDAO EM SECRETARIA;
48006-47.2012.4.01.3300;378775;9449;01/04/2013 11:32:58;185;INTIMACAO NOTIFICACAO VISTA ORDENADA AUTOR OUTROS;
48006-47.2012.4.01.3300;378774;9449;01/04/2013 11:32:55;184;INTIMACAO NOTIFICACAO POR OFICIAL MANDADO DEVOLVIDO CUMPRIDO;
48006-47.2012.4.01.3300;378773;9449;15/03/2013 14:23:32;184;INTIMACAO NOTIFICACAO POR OFICIAL MANDADO REMETIDO CENTRAL;
48006-47.2012.4.01.3300;378772;9449;15/03/2013 14:23:30;218;RECEBIDOS PELO DIRETOR SECRETARIA PARA ATO ORDINATORIO;
48006-47.2012.4.01.3300;378771;9449;15/03/2013 14:23:26;184;INTIMACAO NOTIFICACAO POR OFICIAL MANDADO EXPEDIDO;
48006-47.2012.4.01.3300;378770;9449;15/03/2013 14:23:23;184;INTIMACAO NOTIFICACAO POR OFICIAL AGUARDANDO EXPEDICAO MANDADO;
48006-47.2012.4.01.3300;378769;9449;15/03/2013 14:23:20;185;INTIMACAO NOTIFICACAO VISTA ORDENADA AUTOR OUTROS;
48006-47.2012.4.01.3300;378768;9449;15/03/2013 14:23:11;154;DEVOLVIDOS C DESPACHO;
48006-47.2012.4.01.3300;378767;9449;08/03/2013 15:13:00;137;CONCLUSOS PARA DESPACHO;
48006-47.2012.4.01.3300;378766;9449;29/01/2013 18:06:52;170;INICIAL AUTUADA;
48006-47.2012.4.01.3300;378765;9449;29/01/2013 18:06:46;218;RECEBIDOS EM SECRETARIA;
48006-47.2012.4.01.3300;378764;9449;11/01/2013 15:59:38;2;DISTRIBUICAO AUTOMATICA;
48007-32.2012.4.01.3300;378816;9450;06/06/2019 19:18:56;256;GESTAO DOCUMENTAL PROCESSO ELIMINADO FISICAMENTE;PROCESSOS ELIMINADOS FISICAMENTE NO DIA 03062019
48007-32.2012.4.01.3300;378815;9450;10/04/2019 20:23:04;256;GESTAO DOCUMENTAL INCLUIDO EM EDITAL DE ELIMINACAO;
48007-32.2012.4.01.3300;378814;9450;18/10/2013 17:34:49;123;BAIXA ARQUIVADOS;
48007-32.2012.4.01.3300;378813;9450;18/10/2013 17:34:45;222;REMESSA ORDENADA ARQUIVO;
48007-32.2012.4.01.3300;378812;9450;08/10/2013 16:58:56;212;PRAZO CERTIFICADO TRANSCURSO IN ALBIS;
48007-32.2012.4.01.3300;378811;9450;17/09/2013 11:15:46;185;INTIMACAO NOTIFICACAO VISTA ORDENADA AUTOR OUTROS;PZ 2609 GUIA 69136
48007-32.2012.4.01.3300;378810;9450;17/09/2013 11:09:33;182;INTIMACAO NOTIFICACAO PELA SECRETARIA REALIZADA CERTIFICADA SENTENCA;DATA27082013
48007-32.2012.4.01.3300;378809;9450;21/08/2013 11:14:24;185;INTIMACAO NOTIFICACAO VISTA ORDENADA AUTOR OUTROS;PZ 2609
48007-32.2012.4.01.3300;378808;9450;21/08/2013 11:14:19;218;RECEBIDOS PELO DIRETOR SECRETARIA PARA ATO ORDINATORIO;
48007-32.2012.4.01.3300;378807;9450;21/06/2013 11:34:14;185;INTIMACAO NOTIFICACAO VISTA ORDENADA AUTOR OUTROS;
48007-32.2012.4.01.3300;378806;9450;19/06/2013 11:34:00;156;DEVOLVIDOS C SENTENCA S EXAME DO MERITO FALTA DE PRESSUPOSTOS PROCESSUAIS;REGISTRO EM LOTE NO ECVD por meio de idêntica sentença proferida no processo nº 478185420124013300
48007-32.2012.4.01.3300;378805;9450;12/06/2013 10:13:54;137;CONCLUSOS PARA DECISAO;
48007-32.2012.4.01.3300;378804;9450;07/06/2013 17:00:00;210;PETICAO OFICIO DOCUMENTO RECEBIDAO EM SECRETARIA;GUIA 41057
48007-32.2012.4.01.3300;378803;9450;07/06/2013 16:00:00;184;INTIMACAO NOTIFICACAO POR OFICIAL MANDADO DEVOLVIDO CUMPRIDO;
48007-32.2012.4.01.3300;378802;9450;05/04/2013 11:35:31;184;INTIMACAO NOTIFICACAO POR OFICIAL MANDADO REMETIDO CENTRAL;GUIA 22666
48007-32.2012.4.01.3300;378801;9450;05/04/2013 11:35:25;184;INTIMACAO NOTIFICACAO POR OFICIAL MANDADO EXPEDIDO;
48007-32.2012.4.01.3300;378800;9450;05/04/2013 11:35:22;184;INTIMACAO NOTIFICACAO POR OFICIAL AGUARDANDO EXPEDICAO MANDADO;
48007-32.2012.4.01.3300;378799;9450;05/04/2013 11:35:00;218;RECEBIDOS PELO DIRETOR SECRETARIA PARA ATO ORDINATORIO;2ª CUMPRIR DETERMINAÇÃO ANTERIOR
48007-32.2012.4.01.3300;378798;9450;04/04/2013 15:29:22;218;RECEBIDOS PELO DIRETOR SECRETARIA PARA ATO ORDINATORIO;CUMPRIR DETERMINAÇÃO ANTERIOR
48007-32.2012.4.01.3300;378797;9450;31/01/2013 18:21:11;185;INTIMACAO NOTIFICACAO VISTA ORDENADA AUTOR OUTROS;
48007-32.2012.4.01.3300;378796;9450;30/01/2013 19:00:05;153;DEVOLVIDOS C DECISAO OUTROS ESPECIFICAR;
48007-32.2012.4.01.3300;378795;9450;30/01/2013 17:52:00;137;CONCLUSOS PARA DECISAO;
48007-32.2012.4.01.3300;378794;9450;29/01/2013 16:15:48;170;INICIAL AUTUADA;
48007-32.2012.4.01.3300;378793;9450;29/01/2013 16:15:43;159;DILIGENCIA ORDENADA DEFERIDA;
48007-32.2012.4.01.3300;378792;9450;29/01/2013 16:15:41;218;RECEBIDOS PELO DIRETOR SECRETARIA PARA ATO ORDINATORIO;
48007-32.2012.4.01.3300;378791;9450;29/01/2013 16:15:37;218;RECEBIDOS EM SECRETARIA;
48007-32.2012.4.01.3300;378790;9450;11/01/2013 15:42:43;2;DISTRIBUICAO AUTOMATICA;
48008-17.2012.4.01.3300;378842;9451;06/06/2019 15:36:44;256;GESTAO DOCUMENTAL PROCESSO ELIMINADO FISICAMENTE;PROCESSOS ELIMINADOS FISICAMENTE NO DIA 03062019
48008-17.2012.4.01.3300;378841;9451;10/04/2019 17:04:06;256;GESTAO DOCUMENTAL INCLUIDO EM EDITAL DE ELIMINACAO;
48008-17.2012.4.01.3300;378840;9451;09/07/2013 11:33:40;123;BAIXA ARQUIVADOS;
48008-17.2012.4.01.3300;378839;9451;09/07/2013 11:33:33;222;REMESSA ORDENADA ARQUIVO;
48008-17.2012.4.01.3300;378838;9451;09/07/2013 11:33:23;243;TRANSITO EM JULGADO EM;DATA01072013
48008-17.2012.4.01.3300;378837;9451;14/05/2013 14:23:47;185;INTIMACAO NOTIFICACAO VISTA ORDENADA AUTOR OUTROS;
48008-17.2012.4.01.3300;378836;9451;14/05/2013 14:23:44;184;INTIMACAO NOTIFICACAO POR OFICIAL MANDADO DEVOLVIDO CUMPRIDO;
48008-17.2012.4.01.3300;378835;9451;29/04/2013 19:01:44;184;INTIMACAO NOTIFICACAO POR OFICIAL MANDADO REMETIDO CENTRAL;
48008-17.2012.4.01.3300;378834;9451;29/04/2013 19:01:41;218;RECEBIDOS PELO DIRETOR SECRETARIA PARA ATO ORDINATORIO;
48008-17.2012.4.01.3300;378833;9451;29/04/2013 19:01:37;184;INTIMACAO NOTIFICACAO POR OFICIAL MANDADO EXPEDIDO;
48008-17.2012.4.01.3300;378832;9451;29/04/2013 19:01:34;184;INTIMACAO NOTIFICACAO POR OFICIAL AGUARDANDO EXPEDICAO MANDADO;
48008-17.2012.4.01.3300;378831;9451;25/04/2013 16:49:41;156;DEVOLVIDOS C SENTENCA S EXAME DO MERITO FALTA DE PRESSUPOSTOS PROCESSUAIS;
48008-17.2012.4.01.3300;378830;9451;18/04/2013 14:23:09;137;CONCLUSOS PARA SENTENCA;
48008-17.2012.4.01.3300;378829;9451;03/04/2013 10:28:26;210;PETICAO OFICIO DOCUMENTO RECEBIDAO EM SECRETARIA;
48008-17.2012.4.01.3300;378828;9451;01/04/2013 11:32:58;185;INTIMACAO NOTIFICACAO VISTA ORDENADA AUTOR OUTROS;
48008-17.2012.4.01.3300;378827;9451;01/04/2013 11:32:55;184;INTIMACAO NOTIFICACAO POR OFICIAL MANDADO DEVOLVIDO CUMPRIDO;
48008-17.2012.4.01.3300;378826;9451;15/03/2013 14:23:32;184;INTIMACAO NOTIFICACAO POR OFICIAL MANDADO REMETIDO CENTRAL;
48008-17.2012.4.01.3300;378825;9451;15/03/2013 14:23:30;218;RECEBIDOS PELO DIRETOR SECRETARIA PARA ATO ORDINATORIO;
48008-17.2012.4.01.3300;378824;9451;15/03/2013 14:23:26;184;INTIMACAO NOTIFICACAO POR OFICIAL MANDADO EXPEDIDO;
48008-17.2012.4.01.3300;378823;9451;15/03/2013 14:23:23;184;INTIMACAO NOTIFICACAO POR OFICIAL AGUARDANDO EXPEDICAO MANDADO;
48008-17.2012.4.01.3300;378822;9451;15/03/2013 14:23:20;185;INTIMACAO NOTIFICACAO VISTA ORDENADA AUTOR OUTROS;
48008-17.2012.4.01.3300;378821;9451;15/03/2013 14:23:11;154;DEVOLVIDOS C DESPACHO;
48008-17.2012.4.01.3300;378820;9451;08/03/2013 15:13:00;137;CONCLUSOS PARA DESPACHO;
48008-17.2012.4.01.3300;378819;9451;29/01/2013 18:06:52;170;INICIAL AUTUADA;
48008-17.2012.4.01.3300;378818;9451;29/01/2013 18:06:46;218;RECEBIDOS EM SECRETARIA;
48008-17.2012.4.01.3300;378817;9451;11/01/2013 15:35:55;2;DISTRIBUICAO AUTOMATICA;
48009-02.2012.4.01.3300;378869;9452;06/06/2019 19:18:56;256;GESTAO DOCUMENTAL PROCESSO ELIMINADO FISICAMENTE;PROCESSOS ELIMINADOS FISICAMENTE NO DIA 03062019
48009-02.2012.4.01.3300;378868;9452;10/04/2019 20:23:04;256;GESTAO DOCUMENTAL INCLUIDO EM EDITAL DE ELIMINACAO;
48009-02.2012.4.01.3300;378867;9452;18/10/2013 17:34:49;123;BAIXA ARQUIVADOS;
48009-02.2012.4.01.3300;378866;9452;18/10/2013 17:34:45;222;REMESSA ORDENADA ARQUIVO;
48009-02.2012.4.01.3300;378865;9452;08/10/2013 16:58:56;212;PRAZO CERTIFICADO TRANSCURSO IN ALBIS;
48009-02.2012.4.01.3300;378864;9452;17/09/2013 11:15:46;185;INTIMACAO NOTIFICACAO VISTA ORDENADA AUTOR OUTROS;PZ 2609 GUIA 69136
48009-02.2012.4.01.3300;378863;9452;17/09/2013 11:09:33;182;INTIMACAO NOTIFICACAO PELA SECRETARIA REALIZADA CERTIFICADA SENTENCA;DATA27082013
48009-02.2012.4.01.3300;378862;9452;21/08/2013 11:14:24;185;INTIMACAO NOTIFICACAO VISTA ORDENADA AUTOR OUTROS;PZ 2609
48009-02.2012.4.01.3300;378861;9452;21/08/2013 11:14:19;218;RECEBIDOS PELO DIRETOR SECRETARIA PARA ATO ORDINATORIO;
48009-02.2012.4.01.3300;378860;9452;21/06/2013 11:34:14;185;INTIMACAO NOTIFICACAO VISTA ORDENADA AUTOR OUTROS;
48009-02.2012.4.01.3300;378859;9452;19/06/2013 11:34:00;156;DEVOLVIDOS C SENTENCA S EXAME DO MERITO FALTA DE PRESSUPOSTOS PROCESSUAIS;REGISTRO EM LOTE NO ECVD por meio de idêntica sentença proferida no processo nº 478185420124013300
48009-02.2012.4.01.3300;378858;9452;12/06/2013 10:13:54;137;CONCLUSOS PARA DECISAO;
48009-02.2012.4.01.3300;378857;9452;07/06/2013 17:00:00;210;PETICAO OFICIO DOCUMENTO RECEBIDAO EM SECRETARIA;GUIA 41057
48009-02.2012.4.01.3300;378856;9452;07/06/2013 16:00:00;184;INTIMACAO NOTIFICACAO POR OFICIAL MANDADO DEVOLVIDO CUMPRIDO;
48009-02.2012.4.01.3300;378855;9452;05/04/2013 11:35:31;184;INTIMACAO NOTIFICACAO POR OFICIAL MANDADO REMETIDO CENTRAL;GUIA 22666
48009-02.2012.4.01.3300;378854;9452;05/04/2013 11:35:25;184;INTIMACAO NOTIFICACAO POR OFICIAL MANDADO EXPEDIDO;
48009-02.2012.4.01.3300;378853;9452;05/04/2013 11:35:22;184;INTIMACAO NOTIFICACAO POR OFICIAL AGUARDANDO EXPEDICAO MANDADO;
48009-02.2012.4.01.3300;378852;9452;05/04/2013 11:35:00;218;RECEBIDOS PELO DIRETOR SECRETARIA PARA ATO ORDINATORIO;2ª CUMPRIR DETERMINAÇÃO ANTERIOR
48009-02.2012.4.01.3300;378851;9452;04/04/2013 15:29:22;218;RECEBIDOS PELO DIRETOR SECRETARIA PARA ATO ORDINATORIO;CUMPRIR DETERMINAÇÃO ANTERIOR
48009-02.2012.4.01.3300;378850;9452;31/01/2013 18:21:11;185;INTIMACAO NOTIFICACAO VISTA ORDENADA AUTOR OUTROS;
48009-02.2012.4.01.3300;378849;9452;30/01/2013 19:00:05;153;DEVOLVIDOS C DECISAO OUTROS ESPECIFICAR;
48009-02.2012.4.01.3300;378848;9452;30/01/2013 17:52:00;137;CONCLUSOS PARA DECISAO;
48009-02.2012.4.01.3300;378847;9452;29/01/2013 16:15:48;170;INICIAL AUTUADA;
48009-02.2012.4.01.3300;378846;9452;29/01/2013 16:15:43;159;DILIGENCIA ORDENADA DEFERIDA;
48009-02.2012.4.01.3300;378845;9452;29/01/2013 16:15:41;218;RECEBIDOS PELO DIRETOR SECRETARIA PARA ATO ORDINATORIO;
48009-02.2012.4.01.3300;378844;9452;29/01/2013 16:15:37;218;RECEBIDOS EM SECRETARIA;
48009-02.2012.4.01.3300;378843;9452;11/01/2013 15:22:26;2;DISTRIBUICAO AUTOMATICA;
48010-84.2012.4.01.3300;378896;9453;06/06/2019 18:50:57;256;GESTAO DOCUMENTAL PROCESSO ELIMINADO FISICAMENTE;PROCESSOS ELIMINADOS FISICAMENTE NO DIA 03062019
48010-84.2012.4.01.3300;378895;9453;10/04/2019 20:09:51;256;GESTAO DOCUMENTAL INCLUIDO EM EDITAL DE ELIMINACAO;
48010-84.2012.4.01.3300;378894;9453;07/10/2013 11:35:58;123;BAIXA ARQUIVADOS;
48010-84.2012.4.01.3300;378893;9453;07/10/2013 11:35:54;222;REMESSA ORDENADA ARQUIVO;
48010-84.2012.4.01.3300;378892;9453;07/10/2013 11:35:43;212;PRAZO CERTIFICADO TRANSCURSO IN ALBIS;TRANSITO EM JULGADO
48010-84.2012.4.01.3300;378891;9453;17/09/2013 10:23:17;185;INTIMACAO NOTIFICACAO VISTA ORDENADA AUTOR OUTROS;PZ 2609 GUIA 60978
48010-84.2012.4.01.3300;378890;9453;17/09/2013 10:23:02;182;INTIMACAO NOTIFICACAO PELA SECRETARIA REALIZADA CERTIFICADA SENTENCA;DATA27082013
48010-84.2012.4.01.3300;378889;9453;20/08/2013 12:53:07;185;INTIMACAO NOTIFICACAO VISTA ORDENADA AUTOR OUTROS;PZ 2609
48010-84.2012.4.01.3300;378888;9453;20/08/2013 12:52:59;218;RECEBIDOS PELO DIRETOR SECRETARIA PARA ATO ORDINATORIO;
48010-84.2012.4.01.3300;378887;9453;19/06/2013 13:06:47;185;INTIMACAO NOTIFICACAO VISTA ORDENADA AUTOR OUTROS;
48010-84.2012.4.01.3300;378886;9453;19/06/2013 12:44:28;156;DEVOLVIDOS C SENTENCA S EXAME DO MERITO FALTA DE PRESSUPOSTOS PROCESSUAIS;REGISTRO EM LOTE NO ECVD por meio de idêntica sentença proferida no processo nº 478185420124013300
48010-84.2012.4.01.3300;378885;9453;11/06/2013 11:04:12;137;CONCLUSOS PARA DECISAO;
48010-84.2012.4.01.3300;378884;9453;07/06/2013 21:00:00;210;PETICAO OFICIO DOCUMENTO RECEBIDAO EM SECRETARIA;GUIA 41054
48010-84.2012.4.01.3300;378883;9453;07/06/2013 20:00:00;184;INTIMACAO NOTIFICACAO POR OFICIAL MANDADO DEVOLVIDO CUMPRIDO;
48010-84.2012.4.01.3300;378882;9453;05/04/2013 11:35:31;184;INTIMACAO NOTIFICACAO POR OFICIAL MANDADO REMETIDO CENTRAL;GUIA 22666
48010-84.2012.4.01.3300;378881;9453;05/04/2013 11:35:25;184;INTIMACAO NOTIFICACAO POR OFICIAL MANDADO EXPEDIDO;
48010-84.2012.4.01.3300;378880;9453;05/04/2013 11:35:22;184;INTIMACAO NOTIFICACAO POR OFICIAL AGUARDANDO EXPEDICAO MANDADO;
48010-84.2012.4.01.3300;378879;9453;05/04/2013 11:35:00;218;RECEBIDOS PELO DIRETOR SECRETARIA PARA ATO ORDINATORIO;2ª CUMPRIR DETERMINAÇÃO ANTERIOR
48010-84.2012.4.01.3300;378878;9453;04/04/2013 15:29:22;218;RECEBIDOS PELO DIRETOR SECRETARIA PARA ATO ORDINATORIO;CUMPRIR DETERMINAÇÃO ANTERIOR
48010-84.2012.4.01.3300;378877;9453;31/01/2013 18:21:11;185;INTIMACAO NOTIFICACAO VISTA ORDENADA AUTOR OUTROS;
48010-84.2012.4.01.3300;378876;9453;30/01/2013 19:00:05;153;DEVOLVIDOS C DECISAO OUTROS ESPECIFICAR;
48010-84.2012.4.01.3300;378875;9453;30/01/2013 17:52:00;137;CONCLUSOS PARA DECISAO;
48010-84.2012.4.01.3300;378874;9453;29/01/2013 16:15:48;170;INICIAL AUTUADA;
48010-84.2012.4.01.3300;378873;9453;29/01/2013 16:15:43;159;DILIGENCIA ORDENADA DEFERIDA;
48010-84.2012.4.01.3300;378872;9453;29/01/2013 16:15:41;218;RECEBIDOS PELO DIRETOR SECRETARIA PARA ATO ORDINATORIO;
48010-84.2012.4.01.3300;378871;9453;29/01/2013 16:15:37;218;RECEBIDOS EM SECRETARIA;
48010-84.2012.4.01.3300;378870;9453;11/01/2013 15:11:35;2;DISTRIBUICAO AUTOMATICA;
48011-69.2012.4.01.3300;378915;9454;18/10/2019 13:55:59;256;GESTAO DOCUMENTAL PROCESSO ELIMINADO FISICAMENTE;PROCESSO ELIMINADO FISICAMENTE NO DIA 17102019
48011-69.2012.4.01.3300;378914;9454;27/08/2019 11:26:08;256;GESTAO DOCUMENTAL INCLUIDO EM EDITAL DE ELIMINACAO;
48011-69.2012.4.01.3300;378913;9454;21/11/2013 15:33:15;123;BAIXA ARQUIVADOS;
48011-69.2012.4.01.3300;378912;9454;21/11/2013 15:33:11;222;REMESSA ORDENADA ARQUIVO;
48011-69.2012.4.01.3300;378911;9454;21/11/2013 15:33:08;212;PRAZO CERTIFICADO TRANSCURSO IN ALBIS;
48011-69.2012.4.01.3300;378910;9454;07/10/2013 18:00:00;182;INTIMACAO NOTIFICACAO PELA SECRETARIA REALIZADA CERTIFICADA SENTENCA;DATA13092013
48011-69.2012.4.01.3300;378909;9454;16/09/2013 11:33:08;185;INTIMACAO NOTIFICACAO VISTA ORDENADA AUTOR OUTROS;
48011-69.2012.4.01.3300;378908;9454;12/09/2013 11:33:00;156;DEVOLVIDOS C SENTENCA S EXAME DO MERITO FALTA DE PRESSUPOSTOS PROCESSUAIS;
48011-69.2012.4.01.3300;378907;9454;29/07/2013 14:57:27;137;CONCLUSOS PARA DECISAO;
48011-69.2012.4.01.3300;378906;9454;29/07/2013 14:57:25;210;PETICAO OFICIO DOCUMENTO RECEBIDAO EM SECRETARIA;
48011-69.2012.4.01.3300;378905;9454;18/06/2013 12:48:51;185;INTIMACAO NOTIFICACAO VISTA ORDENADA AUTOR OUTROS;
48011-69.2012.4.01.3300;378904;9454;17/06/2013 16:15:45;182;INTIMACAO NOTIFICACAO PELA SECRETARIA REALIZADA CERTIFICADA DECISAO;
48011-69.2012.4.01.3300;378903;9454;08/05/2013 11:16:32;185;INTIMACAO NOTIFICACAO VISTA ORDENADA AUTOR OUTROS;
48011-69.2012.4.01.3300;378902;9454;07/05/2013 11:16:23;153;DEVOLVIDOS C DECISAO OUTROS ESPECIFICAR;
48011-69.2012.4.01.3300;378901;9454;03/05/2013 15:40:36;137;CONCLUSOS PARA DECISAO;
48011-69.2012.4.01.3300;378900;9454;18/04/2013 09:49:20;170;INICIAL AUTUADA;
48011-69.2012.4.01.3300;378899;9454;18/04/2013 09:49:10;218;RECEBIDOS PELO DIRETOR SECRETARIA PARA ATO ORDINATORIO;
48011-69.2012.4.01.3300;378898;9454;29/01/2013 15:34:41;218;RECEBIDOS EM SECRETARIA;
48011-69.2012.4.01.3300;378897;9454;11/01/2013 15:53:57;2;DISTRIBUICAO AUTOMATICA;
48333-89.2012.4.01.3300;378939;9455;06/06/2019 19:35:04;256;GESTAO DOCUMENTAL PROCESSO ELIMINADO FISICAMENTE;PROCESSOS ELIMINADOS FISICAMENTE NO DIA 03062019
48333-89.2012.4.01.3300;378938;9455;10/04/2019 20:30:01;256;GESTAO DOCUMENTAL INCLUIDO EM EDITAL DE ELIMINACAO;
48333-89.2012.4.01.3300;378937;9455;21/11/2013 14:43:39;123;BAIXA ARQUIVADOS;
48333-89.2012.4.01.3300;378936;9455;21/11/2013 14:43:36;222;REMESSA ORDENADA ARQUIVO;
48333-89.2012.4.01.3300;378935;9455;21/11/2013 14:43:31;212;PRAZO CERTIFICADO TRANSCURSO IN ALBIS;
48333-89.2012.4.01.3300;378934;9455;21/11/2013 14:42:34;124;BAIXA CANCELADA RESTAURADA MOVIMENTACAO PROCESSUAL;
48333-89.2012.4.01.3300;378933;9455;21/11/2013 13:26:52;123;BAIXA ARQUIVADOS;
48333-89.2012.4.01.3300;378932;9455;21/11/2013 13:26:46;222;REMESSA ORDENADA ARQUIVO;
48333-89.2012.4.01.3300;378931;9455;21/11/2013 13:26:39;218;RECEBIDOS PELO DIRETOR SECRETARIA PARA ATO ORDINATORIO;
48333-89.2012.4.01.3300;378930;9455;21/11/2013 13:26:34;212;PRAZO CERTIFICADO TRANSCURSO IN ALBIS;
48333-89.2012.4.01.3300;378929;9455;07/10/2013 18:00:00;182;INTIMACAO NOTIFICACAO PELA SECRETARIA REALIZADA CERTIFICADA SENTENCA;DATA13092013
48333-89.2012.4.01.3300;378928;9455;16/09/2013 11:29:28;185;INTIMACAO NOTIFICACAO VISTA ORDENADA AUTOR OUTROS;
48333-89.2012.4.01.3300;378927;9455;12/09/2013 11:29:04;156;DEVOLVIDOS C SENTENCA S EXAME DO MERITO FALTA DE PRESSUPOSTOS PROCESSUAIS;
48333-89.2012.4.01.3300;378926;9455;29/07/2013 14:57:27;137;CONCLUSOS PARA DECISAO;
48333-89.2012.4.01.3300;378925;9455;29/07/2013 14:57:25;210;PETICAO OFICIO DOCUMENTO RECEBIDAO EM SECRETARIA;
48333-89.2012.4.01.3300;378924;9455;18/06/2013 12:45:23;185;INTIMACAO NOTIFICACAO VISTA ORDENADA AUTOR OUTROS;
48333-89.2012.4.01.3300;378923;9455;17/06/2013 15:57:37;182;INTIMACAO NOTIFICACAO PELA SECRETARIA REALIZADA CERTIFICADA DECISAO;
48333-89.2012.4.01.3300;378922;9455;13/06/2013 15:20:54;185;INTIMACAO NOTIFICACAO VISTA ORDENADA AUTOR OUTROS;
48333-89.2012.4.01.3300;378921;9455;27/05/2013 17:03:27;153;DEVOLVIDOS C DECISAO OUTROS ESPECIFICAR;
48333-89.2012.4.01.3300;378920;9455;22/05/2013 13:38:58;137;CONCLUSOS PARA DECISAO;
48333-89.2012.4.01.3300;378919;9455;13/05/2013 12:31:17;170;INICIAL AUTUADA;
48333-89.2012.4.01.3300;378918;9455;13/05/2013 12:31:14;218;RECEBIDOS PELO DIRETOR SECRETARIA PARA ATO ORDINATORIO;
48333-89.2012.4.01.3300;378917;9455;14/03/2013 15:27:56;218;RECEBIDOS EM SECRETARIA;
48333-89.2012.4.01.3300;378916;9455;27/02/2013 13:56:43;2;DISTRIBUICAO AUTOMATICA;
4662-61.1985.4.01.3300;378941;9456;20/12/2012 00:00:03;123;BAIXA ARQUIVADOS;DATA EFETIVA DA BAIXA 21061985
4662-61.1985.4.01.3300;378940;9456;17/04/1985 00:00:01;1;CADASTRAMENTO DE PROCESSOS ANTIGOS;CADASTRO DE PROCESSOS ANTIGOS
35661-73.2017.4.01.3300;378975;9457;07/12/2020 06:33:59;257;PROCESSO MIGRADO PARA O PJe;MIGRAÇÃO PJE
35661-73.2017.4.01.3300;378974;9457;03/12/2020 13:27:50;222;MIGRAÇÃO PJe ORDENADA;
35661-73.2017.4.01.3300;378973;9457;23/01/2020 13:48:45;201;MANDADO REMETIDO CENTRAL CITACAO PENHORA E AVALIACAO;
35661-73.2017.4.01.3300;378972;9457;07/01/2020 17:03:40;197;MANDADO EXPEDIDO CITACAO PENHORA E AVALIACAO;
35661-73.2017.4.01.3300;378971;9457;18/11/2019 17:35:43;198;MANDADO ORDENADA EXPEDICAO AGUARDANDO ATO CITACAO PENHORA E AVALIACAO;
35661-73.2017.4.01.3300;378970;9457;23/10/2019 17:12:40;210;PETICAO OFICIO DOCUMENTO JUNTADOO;
35661-73.2017.4.01.3300;378969;9457;23/10/2019 17:12:37;218;RECEBIDOS EM SECRETARIA;
35661-73.2017.4.01.3300;378968;9457;02/10/2019 11:26:42;126;CARGA RETIRADOS ADVOGADO AUTOR;ADVGBA00030421 FRANCIMARY DE DEUS TELEFONE32411087 DATA DEVOLUÇÃO23102019
35661-73.2017.4.01.3300;378967;9457;05/09/2019 13:06:59;185;INTIMACAO NOTIFICACAO VISTA ORDENADA AUTOR OUTROS;
35661-73.2017.4.01.3300;378966;9457;03/09/2019 13:05:02;154;DEVOLVIDOS C DESPACHO;
35661-73.2017.4.01.3300;378965;9457;03/09/2019 13:04:51;137;CONCLUSOS PARA DESPACHO;
35661-73.2017.4.01.3300;378964;9457;29/05/2019 15:05:11;220;RECURSO APELACAO INTERPOSTA AUTOR;
35661-73.2017.4.01.3300;378963;9457;29/05/2019 15:05:04;218;RECEBIDOS EM SECRETARIA;
35661-73.2017.4.01.3300;378962;9457;08/05/2019 09:11:49;126;CARGA RETIRADOS ADVOGADO AUTOR;ADVGBA00030421 FRANCIMARY DE DEUS TELEFONE32411087 DATA DEVOLUÇÃO29052019
35661-73.2017.4.01.3300;378961;9457;29/03/2019 19:51:39;185;INTIMACAO NOTIFICACAO VISTA ORDENADA AUTOR OUTROS;
35661-73.2017.4.01.3300;378960;9457;29/03/2019 19:51:13;153;DEVOLVIDOS C DECISAO OUTROS ESPECIFICAR;
35661-73.2017.4.01.3300;378959;9457;29/03/2019 19:51:07;137;CONCLUSOS PARA DECISAO;
35661-73.2017.4.01.3300;378958;9457;10/12/2018 13:45:23;198;MANDADO ORDENADA EXPEDICAO AGUARDANDO ATO CITACAO PENHORA E AVALIACAO;
35661-73.2017.4.01.3300;378957;9457;10/12/2018 13:45:20;218;RECEBIDOS PELO DIRETOR SECRETARIA PARA ATO ORDINATORIO;
35661-73.2017.4.01.3300;378956;9457;30/05/2018 15:53:23;210;PETICAO OFICIO DOCUMENTO JUNTADOO;
35661-73.2017.4.01.3300;378955;9457;30/05/2018 15:53:21;218;RECEBIDOS EM SECRETARIA;
35661-73.2017.4.01.3300;378954;9457;17/05/2018 08:36:45;126;CARGA RETIRADOS ADVOGADO AUTOR;ADVGBA00030421 FRANCIMARY DE DEUS TELEFONE32411087 DATA DEVOLUÇÃO08062018
35661-73.2017.4.01.3300;378953;9457;19/03/2018 19:08:50;185;INTIMACAO NOTIFICACAO VISTA ORDENADA AUTOR OUTROS;
35661-73.2017.4.01.3300;378952;9457;15/03/2018 18:11:32;154;DEVOLVIDOS C DESPACHO;
35661-73.2017.4.01.3300;378951;9457;15/03/2018 13:25:47;137;CONCLUSOS PARA DESPACHO;
35661-73.2017.4.01.3300;378950;9457;18/01/2018 15:44:58;197;MANDADO EXPEDIDO CITACAO PENHORA E AVALIACAO;
35661-73.2017.4.01.3300;378949;9457;05/12/2017 20:01:48;198;MANDADO ORDENADA EXPEDICAO AGUARDANDO ATO CITACAO PENHORA E AVALIACAO;
35661-73.2017.4.01.3300;378948;9457;24/11/2017 17:22:42;159;DILIGENCIA ORDENADA DEFERIDA;
35661-73.2017.4.01.3300;378947;9457;17/11/2017 16:01:30;153;DEVOLVIDOS C DECISAO OUTROS ESPECIFICAR;
35661-73.2017.4.01.3300;378946;9457;17/11/2017 13:10:44;137;CONCLUSOS PARA DECISAO;
35661-73.2017.4.01.3300;378945;9457;18/10/2017 14:36:45;218;RECEBIDOS EM SECRETARIA;
35661-73.2017.4.01.3300;378944;9457;18/10/2017 11:20:45;223;REMETIDOS VARA PELA DISTRIBUICAO;SETAUTESECLABA
35661-73.2017.4.01.3300;378943;9457;18/10/2017 11:20:41;170;INICIAL AUTUADA;
35661-73.2017.4.01.3300;378942;9457;17/10/2017 14:33:03;2;DISTRIBUICAO AUTOMATICA;
35662-58.2017.4.01.3300;379013;9458;04/01/2021 14:36:55;257;PROCESSO MIGRADO PARA O PJe;MIGRAÇÃO PJE
35662-58.2017.4.01.3300;379012;9458;21/12/2020 09:28:20;222;MIGRAÇÃO PJe ORDENADA;
35662-58.2017.4.01.3300;379011;9458;14/12/2020 11:58:25;220;RECURSO APELACAO INTERPOSTA AUTOR;DEVOLVIDO EM SECRETARIA 25112020
35662-58.2017.4.01.3300;379010;9458;14/12/2020 11:58:15;218;RECEBIDOS EM SECRETARIA;
35662-58.2017.4.01.3300;379009;9458;29/10/2020 13:29:42;126;CARGA RETIRADOS ADVOGADO AUTOR;ADVGBA00056884 LARISSA SANTOS LEITE ALVES TELEFONE986273387 DATA DEVOLUÇÃO15122020
35662-58.2017.4.01.3300;379008;9458;29/10/2020 13:26:11;210;PETICAO OFICIO DOCUMENTO JUNTADOO;procuração
35662-58.2017.4.01.3300;379007;9458;26/06/2020 14:00:02;185;INTIMACAO NOTIFICACAO VISTA ORDENADA AUTOR OUTROS;
35662-58.2017.4.01.3300;379006;9458;26/06/2020 13:58:48;156;DEVOLVIDOS C SENTENCA S EXAME DO MERITO FALTA DE PRESSUPOSTOS PROCESSUAIS;sentenca proferida em 21042020
35662-58.2017.4.01.3300;379005;9458;16/03/2020 08:13:30;137;CONCLUSOS PARA DECISAO;
35662-58.2017.4.01.3300;379004;9458;07/11/2019 16:22:21;210;PETICAO OFICIO DOCUMENTO JUNTADOO;
35662-58.2017.4.01.3300;379003;9458;07/11/2019 16:22:18;218;RECEBIDOS EM SECRETARIA;
35662-58.2017.4.01.3300;379002;9458;02/10/2019 12:41:16;126;CARGA RETIRADOS ADVOGADO AUTOR;ADVGBA00030421 FRANCIMARY DE DEUS TELEFONE32411087 DATA DEVOLUÇÃO23102019
35662-58.2017.4.01.3300;379001;9458;05/09/2019 14:11:47;185;INTIMACAO NOTIFICACAO VISTA ORDENADA AUTOR OUTROS;
35662-58.2017.4.01.3300;379000;9458;04/09/2019 14:11:27;154;DEVOLVIDOS C DESPACHO;7
35662-58.2017.4.01.3300;378999;9458;04/09/2019 14:11:19;137;CONCLUSOS PARA DESPACHO;
35662-58.2017.4.01.3300;378998;9458;29/05/2019 15:05:11;220;RECURSO APELACAO INTERPOSTA AUTOR;
35662-58.2017.4.01.3300;378997;9458;29/05/2019 15:05:04;218;RECEBIDOS EM SECRETARIA;
35662-58.2017.4.01.3300;378996;9458;08/05/2019 08:54:52;126;CARGA RETIRADOS ADVOGADO AUTOR;ADVGBA00030421 FRANCIMARY DE DEUS TELEFONE32411087 DATA DEVOLUÇÃO19062019
35662-58.2017.4.01.3300;378995;9458;19/03/2019 18:18:03;185;INTIMACAO NOTIFICACAO VISTA ORDENADA AUTOR OUTROS;
35662-58.2017.4.01.3300;378994;9458;19/03/2019 18:17:34;153;DEVOLVIDOS C DECISAO OUTROS ESPECIFICAR;Extingue parcialmente a execução anuidade de 2012
35662-58.2017.4.01.3300;378993;9458;18/03/2019 18:36:26;137;CONCLUSOS PARA DECISAO;
35662-58.2017.4.01.3300;378992;9458;10/12/2018 13:45:23;198;MANDADO ORDENADA EXPEDICAO AGUARDANDO ATO CITACAO PENHORA E AVALIACAO;
35662-58.2017.4.01.3300;378991;9458;10/12/2018 13:45:20;218;RECEBIDOS PELO DIRETOR SECRETARIA PARA ATO ORDINATORIO;
35662-58.2017.4.01.3300;378990;9458;30/05/2018 15:53:23;210;PETICAO OFICIO DOCUMENTO JUNTADOO;
35662-58.2017.4.01.3300;378989;9458;30/05/2018 15:53:21;218;RECEBIDOS EM SECRETARIA;
35662-58.2017.4.01.3300;378988;9458;17/05/2018 08:36:45;126;CARGA RETIRADOS ADVOGADO AUTOR;ADVGBA00030421 FRANCIMARY DE DEUS TELEFONE32411087 DATA DEVOLUÇÃO08062018
35662-58.2017.4.01.3300;378987;9458;19/03/2018 19:08:50;185;INTIMACAO NOTIFICACAO VISTA ORDENADA AUTOR OUTROS;
35662-58.2017.4.01.3300;378986;9458;15/03/2018 18:11:32;154;DEVOLVIDOS C DESPACHO;
35662-58.2017.4.01.3300;378985;9458;15/03/2018 13:25:47;137;CONCLUSOS PARA DESPACHO;
35662-58.2017.4.01.3300;378984;9458;18/01/2018 15:44:58;197;MANDADO EXPEDIDO CITACAO PENHORA E AVALIACAO;
35662-58.2017.4.01.3300;378983;9458;05/12/2017 20:01:48;198;MANDADO ORDENADA EXPEDICAO AGUARDANDO ATO CITACAO PENHORA E AVALIACAO;
35662-58.2017.4.01.3300;378982;9458;24/11/2017 17:22:42;159;DILIGENCIA ORDENADA DEFERIDA;
35662-58.2017.4.01.3300;378981;9458;17/11/2017 16:01:30;153;DEVOLVIDOS C DECISAO OUTROS ESPECIFICAR;
35662-58.2017.4.01.3300;378980;9458;17/11/2017 13:10:44;137;CONCLUSOS PARA DECISAO;
35662-58.2017.4.01.3300;378979;9458;18/10/2017 14:36:45;218;RECEBIDOS EM SECRETARIA;
35662-58.2017.4.01.3300;378978;9458;18/10/2017 11:20:45;223;REMETIDOS VARA PELA DISTRIBUICAO;SETAUTESECLABA
35662-58.2017.4.01.3300;378977;9458;18/10/2017 11:20:41;170;INICIAL AUTUADA;
35662-58.2017.4.01.3300;378976;9458;17/10/2017 13:13:11;2;DISTRIBUICAO AUTOMATICA;
2496-64.2019.4.01.3300;379033;9459;22/04/2022 12:18:33;256;AUTOS ENCAMINHADOS PARA ELIMINAÇÃO APÓS A DIGITALIZAÇÃO;
2496-64.2019.4.01.3300;379032;9459;27/08/2021 13:42:58;257;PROCESSO MIGRADO PARA O PJe;MIGRAÇÃO PJE
2496-64.2019.4.01.3300;379031;9459;27/08/2021 08:52:02;222;MIGRAÇÃO PJe ORDENADA;
2496-64.2019.4.01.3300;379030;9459;01/07/2020 12:41:00;238;SUSPENSAO PROCESSO CIVEL ORDENADA OUTROS ESPECIFICAR;
2496-64.2019.4.01.3300;379029;9459;01/07/2020 11:32:00;153;DEVOLVIDOS C DECISAO OUTROS ESPECIFICAR;mviment retroativa a junho 2020
2496-64.2019.4.01.3300;379028;9459;01/07/2020 10:27:00;137;CONCLUSOS PARA DESPACHO;mviment retroativa a junho 2020
2496-64.2019.4.01.3300;379027;9459;30/06/2020 17:25:31;238;SUSPENSAO PROCESSO CIVEL ORDENADA OUTROS ESPECIFICAR;
2496-64.2019.4.01.3300;379026;9459;30/06/2020 17:21:00;153;DEVOLVIDOS C DECISAO OUTROS ESPECIFICAR;
2496-64.2019.4.01.3300;379025;9459;12/06/2020 11:10:00;137;CONCLUSOS PARA DESPACHO;
2496-64.2019.4.01.3300;379024;9459;25/09/2019 15:35:22;159;DILIGENCIA ORDENADA DEFERIDA;
2496-64.2019.4.01.3300;379023;9459;25/09/2019 15:35:18;218;RECEBIDOS PELO DIRETOR SECRETARIA PARA ATO ORDINATORIO;
2496-64.2019.4.01.3300;379022;9459;25/09/2019 15:35:12;212;PRAZO CERTIFICADO TRANSCURSO IN ALBIS;
2496-64.2019.4.01.3300;379021;9459;29/05/2019 17:00:57;194;MANDADO DEVOLVIDO CUMPRIDO EM PARTE CITACAO PENHORA E AVALIACAO;
2496-64.2019.4.01.3300;379020;9459;10/04/2019 09:26:49;201;MANDADO REMETIDO CENTRAL CITACAO PENHORA E AVALIACAO;
2496-64.2019.4.01.3300;379019;9459;09/04/2019 09:26:45;197;MANDADO EXPEDIDO CITACAO PENHORA E AVALIACAO;
2496-64.2019.4.01.3300;379018;9459;27/02/2019 11:23:37;198;MANDADO ORDENADA EXPEDICAO AGUARDANDO ATO CITACAO PENHORA E AVALIACAO;
2496-64.2019.4.01.3300;379017;9459;26/02/2019 18:23:17;153;DEVOLVIDOS C DECISAO OUTROS ESPECIFICAR;cites
2496-64.2019.4.01.3300;379016;9459;26/02/2019 12:54:03;137;CONCLUSOS PARA DESPACHO;
2496-64.2019.4.01.3300;379015;9459;07/02/2019 12:18:00;218;RECEBIDOS EM SECRETARIA;
2496-64.2019.4.01.3300;379014;9459;07/02/2019 08:51:14;2;DISTRIBUICAO AUTOMATICA;
2497-49.2019.4.01.3300;379056;9460;06/07/2020 07:30:57;257;PROCESSO MIGRADO PARA O PJe;MIGRAÇÃO PJE
2497-49.2019.4.01.3300;379055;9460;19/01/2020 03:03:47;222;MIGRAÇÃO PJe ORDENADA;MIGRAÇÃO PJE REMESSSA AUTOMÁTICA TRF1 CONFORME SEI 00015531220194018000
2497-49.2019.4.01.3300;379054;9460;22/11/2019 14:55:19;223;REMETIDOS TRF S BAIXA;
2497-49.2019.4.01.3300;379053;9460;21/11/2019 14:44:46;222;REMESSA ORDENADA TRF;
2497-49.2019.4.01.3300;379052;9460;21/11/2019 14:44:36;154;DEVOLVIDOS C DESPACHO;
2497-49.2019.4.01.3300;379051;9460;21/11/2019 14:44:25;137;CONCLUSOS PARA DESPACHO;
2497-49.2019.4.01.3300;379050;9460;26/08/2019 15:40:04;220;RECURSO APELACAO INTERPOSTA AUTOR;
2497-49.2019.4.01.3300;379049;9460;26/08/2019 15:40:00;218;RECEBIDOS EM SECRETARIA;
2497-49.2019.4.01.3300;379048;9460;07/08/2019 11:22:36;126;CARGA RETIRADOS ADVOGADO AUTOR;ADVGBA00030421 FRANCIMARY DE DEUS TELEFONE32411087 DATA DEVOLUÇÃO19092019
2497-49.2019.4.01.3300;379047;9460;23/07/2019 13:05:06;185;INTIMACAO NOTIFICACAO VISTA ORDENADA AUTOR OUTROS;
2497-49.2019.4.01.3300;379046;9460;22/07/2019 19:00:00;156;DEVOLVIDOS C SENTENCA S EXAME DO MERITO FALTA DE PRESSUPOSTOS PROCESSUAIS;
2497-49.2019.4.01.3300;379045;9460;08/07/2019 19:00:14;137;CONCLUSOS PARA DECISAO;
2497-49.2019.4.01.3300;379044;9460;08/07/2019 19:00:11;210;PETICAO OFICIO DOCUMENTO JUNTADOO;2ª
2497-49.2019.4.01.3300;379043;9460;29/05/2019 17:07:33;210;PETICAO OFICIO DOCUMENTO JUNTADOO;
2497-49.2019.4.01.3300;379042;9460;29/05/2019 17:07:31;218;RECEBIDOS EM SECRETARIA;
2497-49.2019.4.01.3300;379041;9460;08/05/2019 09:33:54;126;CARGA RETIRADOS ADVOGADO AUTOR;ADVGBA00030421 FRANCIMARY DE DEUS TELEFONE32411087 DATA DEVOLUÇÃO29052019
2497-49.2019.4.01.3300;379040;9460;14/03/2019 16:09:52;185;INTIMACAO NOTIFICACAO VISTA ORDENADA AUTOR OUTROS;
2497-49.2019.4.01.3300;379039;9460;07/03/2019 18:56:10;154;DEVOLVIDOS C DESPACHO;DEVOLVIDOS 28022019
2497-49.2019.4.01.3300;379038;9460;07/03/2019 13:40:05;137;CONCLUSOS PARA DESPACHO;CONCLUSO em 28022019
2497-49.2019.4.01.3300;379037;9460;07/02/2019 16:38:40;218;RECEBIDOS EM SECRETARIA;
2497-49.2019.4.01.3300;379036;9460;07/02/2019 15:26:45;223;REMETIDOS VARA PELA DISTRIBUICAO;SETAUTESECLABA
2497-49.2019.4.01.3300;379035;9460;07/02/2019 15:26:40;170;INICIAL AUTUADA;
2497-49.2019.4.01.3300;379034;9460;07/02/2019 09:01:20;2;DISTRIBUICAO AUTOMATICA;
2498-34.2019.4.01.3300;379082;9461;31/03/2022 09:16:11;256;AUTOS ENCAMINHADOS PARA ELIMINAÇÃO APÓS A DIGITALIZAÇÃO;
2498-34.2019.4.01.3300;379081;9461;30/03/2021 18:52:00;257;PROCESSO MIGRADO PARA O PJe;MIGRAÇÃO PJE
2498-34.2019.4.01.3300;379080;9461;30/03/2021 18:49:13;257;PROCESSO DIGITALIZADO PJe;
2498-34.2019.4.01.3300;379079;9461;30/03/2021 18:49:06;218;RECEBIDOS DIGITALIZACAO PJe;
2498-34.2019.4.01.3300;379078;9461;10/12/2020 09:35:07;223;REMETIDOS PARA DIGITALIZACAO PJe;
2498-34.2019.4.01.3300;379077;9461;10/12/2020 09:34:54;222;MIGRAÇÃO PJe ORDENADA;
2498-34.2019.4.01.3300;379076;9461;10/12/2020 09:34:34;218;RECEBIDOS PELO DIRETOR SECRETARIA PARA ATO ORDINATORIO;
2498-34.2019.4.01.3300;379075;9461;14/01/2020 13:11:30;159;DILIGENCIA ORDENADA DEFERIDA;
2498-34.2019.4.01.3300;379074;9461;09/01/2020 13:10:52;153;DEVOLVIDOS C DECISAO OUTROS ESPECIFICAR;
2498-34.2019.4.01.3300;379073;9461;29/11/2019 13:46:04;137;CONCLUSOS PARA DESPACHO;
2498-34.2019.4.01.3300;379072;9461;25/10/2019 12:37:42;212;PRAZO CERTIFICADO TRANSCURSO IN ALBIS;
2498-34.2019.4.01.3300;379071;9461;06/08/2019 10:23:08;132;CITACAO PELA IMPRENSA EDITAL AFIXADO;
2498-34.2019.4.01.3300;379070;9461;06/08/2019 10:22:33;132;CITACAO PELA IMPRENSA PUBLICADO EDITAL CERTIFICADA PUBLICACAO;PUBLICADO NO DJ DE 06082019
2498-34.2019.4.01.3300;379069;9461;02/08/2019 10:22:04;132;CITACAO PELA IMPRENSA EDITAL REMETIDO PUBLICACAO;
2498-34.2019.4.01.3300;379068;9461;31/07/2019 14:38:56;132;CITACAO PELA IMPRENSA EDITAL EXPEDIDO;
2498-34.2019.4.01.3300;379067;9461;04/07/2019 16:08:00;132;CITACAO PELA IMPRENSA ORDENADA PUBLICACAO EDITAL;
2498-34.2019.4.01.3300;379066;9461;03/07/2019 16:07:47;195;MANDADO DEVOLVIDO NAO CUMPRIDO CITACAO PENHORA E AVALIACAO;
2498-34.2019.4.01.3300;379065;9461;15/03/2019 18:13:17;201;MANDADO REMETIDO CENTRAL CITACAO PENHORA E AVALIACAO;
2498-34.2019.4.01.3300;379064;9461;14/03/2019 18:13:05;197;MANDADO EXPEDIDO CITACAO PENHORA E AVALIACAO;
2498-34.2019.4.01.3300;379063;9461;14/03/2019 18:12:30;198;MANDADO ORDENADA EXPEDICAO AGUARDANDO ATO CITACAO PENHORA E AVALIACAO;
2498-34.2019.4.01.3300;379062;9461;14/03/2019 18:12:22;154;DEVOLVIDOS C DESPACHO;
2498-34.2019.4.01.3300;379061;9461;14/03/2019 18:12:14;137;CONCLUSOS PARA DESPACHO;
2498-34.2019.4.01.3300;379060;9461;08/02/2019 16:31:19;218;RECEBIDOS EM SECRETARIA;
2498-34.2019.4.01.3300;379059;9461;08/02/2019 15:13:09;223;REMETIDOS VARA PELA DISTRIBUICAO;SETUATESECLABA
2498-34.2019.4.01.3300;379058;9461;08/02/2019 15:13:05;170;INICIAL AUTUADA;
2498-34.2019.4.01.3300;379057;9461;07/02/2019 09:11:44;2;DISTRIBUICAO AUTOMATICA;
2499-19.2019.4.01.3300;379105;9462;06/07/2020 07:00:56;257;PROCESSO MIGRADO PARA O PJe;MIGRAÇÃO PJE
2499-19.2019.4.01.3300;379104;9462;29/01/2020 03:05:48;222;MIGRAÇÃO PJe ORDENADA;MIGRAÇÃO PJE REMESSSA AUTOMÁTICA TRF1 CONFORME SEI 00015531220194018000
2499-19.2019.4.01.3300;379103;9462;22/11/2019 11:03:15;223;REMETIDOS TRF S BAIXA;
2499-19.2019.4.01.3300;379102;9462;21/11/2019 10:48:14;222;REMESSA ORDENADA TRF;
2499-19.2019.4.01.3300;379101;9462;21/11/2019 10:47:59;154;DEVOLVIDOS C DESPACHO;
2499-19.2019.4.01.3300;379100;9462;21/11/2019 10:47:53;137;CONCLUSOS PARA DESPACHO;
2499-19.2019.4.01.3300;379099;9462;26/08/2019 15:40:04;220;RECURSO APELACAO INTERPOSTA AUTOR;
2499-19.2019.4.01.3300;379098;9462;26/08/2019 15:40:00;218;RECEBIDOS EM SECRETARIA;
2499-19.2019.4.01.3300;379097;9462;07/08/2019 11:22:36;126;CARGA RETIRADOS ADVOGADO AUTOR;ADVGBA00030421 FRANCIMARY DE DEUS TELEFONE32411087 DATA DEVOLUÇÃO19092019
2499-19.2019.4.01.3300;379096;9462;23/07/2019 13:05:06;185;INTIMACAO NOTIFICACAO VISTA ORDENADA AUTOR OUTROS;
2499-19.2019.4.01.3300;379095;9462;22/07/2019 19:00:00;156;DEVOLVIDOS C SENTENCA S EXAME DO MERITO FALTA DE PRESSUPOSTOS PROCESSUAIS;
2499-19.2019.4.01.3300;379094;9462;08/07/2019 19:38:06;137;CONCLUSOS PARA DECISAO;
2499-19.2019.4.01.3300;379093;9462;08/07/2019 19:38:02;210;PETICAO OFICIO DOCUMENTO JUNTADOO;2ª
2499-19.2019.4.01.3300;379092;9462;29/05/2019 17:04:10;210;PETICAO OFICIO DOCUMENTO JUNTADOO;
2499-19.2019.4.01.3300;379091;9462;29/05/2019 17:04:07;218;RECEBIDOS EM SECRETARIA;
2499-19.2019.4.01.3300;379090;9462;08/05/2019 09:33:54;126;CARGA RETIRADOS ADVOGADO AUTOR;ADVGBA00030421 FRANCIMARY DE DEUS TELEFONE32411087 DATA DEVOLUÇÃO29052019
2499-19.2019.4.01.3300;379089;9462;14/03/2019 16:09:52;185;INTIMACAO NOTIFICACAO VISTA ORDENADA AUTOR OUTROS;
2499-19.2019.4.01.3300;379088;9462;07/03/2019 18:56:10;154;DEVOLVIDOS C DESPACHO;DEVOLVIDOS 28022019
2499-19.2019.4.01.3300;379087;9462;07/03/2019 13:40:05;137;CONCLUSOS PARA DESPACHO;CONCLUSO em 28022019
2499-19.2019.4.01.3300;379086;9462;07/02/2019 16:38:40;218;RECEBIDOS EM SECRETARIA;
2499-19.2019.4.01.3300;379085;9462;07/02/2019 15:26:45;223;REMETIDOS VARA PELA DISTRIBUICAO;SETAUTESECLABA
2499-19.2019.4.01.3300;379084;9462;07/02/2019 15:26:40;170;INICIAL AUTUADA;
2499-19.2019.4.01.3300;379083;9462;07/02/2019 09:18:27;2;DISTRIBUICAO AUTOMATICA;
2500-04.2019.4.01.3300;379132;9463;06/10/2022 13:46:07;256;AUTOS ENCAMINHADOS PARA ELIMINAÇÃO APÓS A DIGITALIZAÇÃO;
2500-04.2019.4.01.3300;379131;9463;31/12/2020 12:57:56;257;PROCESSO MIGRADO PARA O PJe;MIGRAÇÃO PJE
2500-04.2019.4.01.3300;379130;9463;17/12/2020 11:26:40;222;MIGRAÇÃO PJe ORDENADA;
2500-04.2019.4.01.3300;379129;9463;17/12/2020 11:26:32;128;BAIXA EXPEDIÇÃO DE CARTA PRECATÓRIA PARA FINS DE ORDENAR MIGRAÇÃO PJe;
2500-04.2019.4.01.3300;379128;9463;11/11/2020 10:35:45;210;PETICAO OFICIO DOCUMENTO JUNTADOO;
2500-04.2019.4.01.3300;379127;9463;14/10/2020 11:05:14;210;PETICAO OFICIO DOCUMENTO RECEBIDAO EM SECRETARIA;RECEBIDO EM 07102020
2500-04.2019.4.01.3300;379126;9463;14/10/2020 11:04:51;218;RECEBIDOS EM SECRETARIA;
2500-04.2019.4.01.3300;379125;9463;13/03/2020 11:41:04;126;CARGA RETIRADOS ADVOGADO AUTOR;ADVGBA00040912 RODRIGO LAUANDE PIMENTEL TELEFONE32354812 DATA DEVOLUÇÃO30042020 QTDE FOLHAS23
2500-04.2019.4.01.3300;379124;9463;10/03/2020 09:30:39;185;INTIMACAO NOTIFICACAO VISTA ORDENADA AUTOR OUTROS;
2500-04.2019.4.01.3300;379123;9463;10/03/2020 09:30:37;218;RECEBIDOS PELO DIRETOR SECRETARIA PARA ATO ORDINATORIO;
2500-04.2019.4.01.3300;379122;9463;09/03/2020 15:21:46;210;PETICAO OFICIO DOCUMENTO JUNTADOO;
2500-04.2019.4.01.3300;379121;9463;09/03/2020 15:17:49;210;PETICAO OFICIO DOCUMENTO RECEBIDAO EM SECRETARIA;
2500-04.2019.4.01.3300;379120;9463;02/03/2020 12:10:28;128;CARTA PRECATORIA JUNTADA COMUNICACAO RECEBIMENTO PELO JUIZO DEPRECADO;
2500-04.2019.4.01.3300;379119;9463;12/02/2020 13:45:30;128;CARTA PRECATORIA EXPEDIDA;151 DATA DEVOLUÇÃO12052020
2500-04.2019.4.01.3300;379118;9463;21/10/2019 12:51:46;128;CARTA PRECATORIA ORDENADA EXPEDICAO AGUARDANDO ATO;
2500-04.2019.4.01.3300;379117;9463;21/10/2019 12:51:26;195;MANDADO DEVOLVIDO NAO CUMPRIDO CITACAO PENHORA E AVALIACAO;
2500-04.2019.4.01.3300;379116;9463;19/08/2019 17:06:24;159;DILIGENCIA CUMPRIDA;CERTIDÃO EXARADA MANDADO NA CEMAN FOI REDISTRIBUÍDO PARA OUTRA ZONA
2500-04.2019.4.01.3300;379115;9463;03/05/2019 09:44:39;197;MANDADO EXPEDIDO CITACAO PENHORA E AVALIACAO;
2500-04.2019.4.01.3300;379114;9463;03/05/2019 09:44:27;218;RECEBIDOS PELO DIRETOR SECRETARIA PARA ATO ORDINATORIO;
2500-04.2019.4.01.3300;379113;9463;03/05/2019 09:43:28;153;DEVOLVIDOS C DECISAO OUTROS ESPECIFICAR;
2500-04.2019.4.01.3300;379112;9463;03/05/2019 09:42:50;137;CONCLUSOS PARA DECISAO;
2500-04.2019.4.01.3300;379111;9463;03/05/2019 00:09:46;201;MANDADO REMETIDO CENTRAL CITACAO PENHORA E AVALIACAO;
2500-04.2019.4.01.3300;379110;9463;07/03/2019 09:42:31;140;CUSTAS RECOLHIMENTO REALIZADO COMPROVADO;CUSTAS CALCULADAS EM 21022019
2500-04.2019.4.01.3300;379109;9463;07/02/2019 16:38:39;218;RECEBIDOS EM SECRETARIA;
2500-04.2019.4.01.3300;379108;9463;07/02/2019 15:36:34;223;REMETIDOS VARA PELA DISTRIBUICAO;SETAUTESECLABA
2500-04.2019.4.01.3300;379107;9463;07/02/2019 15:36:29;170;INICIAL AUTUADA;
2500-04.2019.4.01.3300;379106;9463;07/02/2019 09:23:12;2;DISTRIBUICAO AUTOMATICA;
2501-86.2019.4.01.3300;379151;9464;09/05/2022 14:44:35;256;AUTOS ENCAMINHADOS PARA ELIMINAÇÃO APÓS A DIGITALIZAÇÃO;
2501-86.2019.4.01.3300;379150;9464;26/01/2021 20:04:03;257;PROCESSO MIGRADO PARA O PJe;MIGRAÇÃO PJE
2501-86.2019.4.01.3300;379149;9464;26/01/2021 11:00:28;222;MIGRAÇÃO PJe ORDENADA;
2501-86.2019.4.01.3300;379148;9464;29/07/2020 11:53:38;132;CITACAO PELA IMPRENSA ORDENADA PUBLICACAO EDITAL;
2501-86.2019.4.01.3300;379147;9464;29/07/2020 11:53:19;218;RECEBIDOS PELO DIRETOR SECRETARIA PARA ATO ORDINATORIO;
2501-86.2019.4.01.3300;379146;9464;29/10/2019 15:42:01;210;PETICAO OFICIO DOCUMENTO JUNTADOO;
2501-86.2019.4.01.3300;379145;9464;29/10/2019 15:41:59;210;PETICAO OFICIO DOCUMENTO RECEBIDAO EM SECRETARIA;
2501-86.2019.4.01.3300;379144;9464;29/10/2019 15:41:58;218;RECEBIDOS EM SECRETARIA;
2501-86.2019.4.01.3300;379143;9464;02/10/2019 09:39:36;126;CARGA RETIRADOS ADVOGADO AUTOR;ADVGBA00030421 FRANCIMARY DE DEUS TELEFONE32411087 DATA DEVOLUÇÃO22102019
2501-86.2019.4.01.3300;379142;9464;11/09/2019 14:59:11;185;INTIMACAO NOTIFICACAO VISTA ORDENADA AUTOR OUTROS;
2501-86.2019.4.01.3300;379141;9464;11/09/2019 14:59:07;218;RECEBIDOS PELO DIRETOR SECRETARIA PARA ATO ORDINATORIO;
2501-86.2019.4.01.3300;379140;9464;29/04/2019 09:50:46;195;MANDADO DEVOLVIDO NAO CUMPRIDO CITACAO PENHORA E AVALIACAO;
2501-86.2019.4.01.3300;379139;9464;10/04/2019 09:26:49;201;MANDADO REMETIDO CENTRAL CITACAO PENHORA E AVALIACAO;
2501-86.2019.4.01.3300;379138;9464;09/04/2019 09:26:45;197;MANDADO EXPEDIDO CITACAO PENHORA E AVALIACAO;
2501-86.2019.4.01.3300;379137;9464;27/02/2019 11:23:37;198;MANDADO ORDENADA EXPEDICAO AGUARDANDO ATO CITACAO PENHORA E AVALIACAO;
2501-86.2019.4.01.3300;379136;9464;26/02/2019 18:23:17;153;DEVOLVIDOS C DECISAO OUTROS ESPECIFICAR;cites
2501-86.2019.4.01.3300;379135;9464;26/02/2019 12:54:03;137;CONCLUSOS PARA DESPACHO;
2501-86.2019.4.01.3300;379134;9464;07/02/2019 12:18:00;218;RECEBIDOS EM SECRETARIA;
2501-86.2019.4.01.3300;379133;9464;07/02/2019 09:28:36;2;DISTRIBUICAO AUTOMATICA;
2502-71.2019.4.01.3300;379176;9465;13/10/2022 09:38:52;256;AUTOS ENCAMINHADOS PARA ELIMINAÇÃO APÓS A DIGITALIZAÇÃO;
2502-71.2019.4.01.3300;379175;9465;30/03/2021 19:09:57;257;PROCESSO MIGRADO PARA O PJe;MIGRAÇÃO PJE
2502-71.2019.4.01.3300;379174;9465;30/03/2021 19:03:29;257;PROCESSO DIGITALIZADO PJe;
2502-71.2019.4.01.3300;379173;9465;30/03/2021 19:03:19;218;RECEBIDOS DIGITALIZACAO PJe;
2502-71.2019.4.01.3300;379172;9465;10/12/2020 11:42:47;223;REMETIDOS PARA DIGITALIZACAO PJe;
2502-71.2019.4.01.3300;379171;9465;10/12/2020 11:42:40;222;MIGRAÇÃO PJe ORDENADA;
2502-71.2019.4.01.3300;379170;9465;10/12/2020 11:42:33;218;RECEBIDOS PELO DIRETOR SECRETARIA PARA ATO ORDINATORIO;
2502-71.2019.4.01.3300;379169;9465;24/10/2019 13:13:17;159;DILIGENCIA ORDENADA DEFERIDA;
2502-71.2019.4.01.3300;379168;9465;24/10/2019 13:12:57;153;DEVOLVIDOS C DECISAO OUTROS ESPECIFICAR;
2502-71.2019.4.01.3300;379167;9465;24/10/2019 13:12:37;137;CONCLUSOS PARA DECISAO;
2502-71.2019.4.01.3300;379166;9465;07/06/2019 11:55:33;210;PETICAO OFICIO DOCUMENTO JUNTADOO;
2502-71.2019.4.01.3300;379165;9465;07/06/2019 11:55:30;218;RECEBIDOS EM SECRETARIA;
2502-71.2019.4.01.3300;379164;9465;17/05/2019 13:08:29;126;CARGA RETIRADOS ADVOGADO AUTOR;ADVGBA00030421 FRANCIMARY DE DEUS TELEFONE32411087
2502-71.2019.4.01.3300;379163;9465;24/04/2019 16:41:38;185;INTIMACAO NOTIFICACAO VISTA ORDENADA AUTOR OUTROS;
2502-71.2019.4.01.3300;379162;9465;24/04/2019 16:41:33;218;RECEBIDOS PELO DIRETOR SECRETARIA PARA ATO ORDINATORIO;
2502-71.2019.4.01.3300;379161;9465;24/04/2019 16:41:28;194;MANDADO DEVOLVIDO CUMPRIDO EM PARTE CITACAO PENHORA E AVALIACAO;
2502-71.2019.4.01.3300;379160;9465;15/03/2019 18:13:17;201;MANDADO REMETIDO CENTRAL CITACAO PENHORA E AVALIACAO;
2502-71.2019.4.01.3300;379159;9465;14/03/2019 18:13:05;197;MANDADO EXPEDIDO CITACAO PENHORA E AVALIACAO;
2502-71.2019.4.01.3300;379158;9465;14/03/2019 18:12:30;198;MANDADO ORDENADA EXPEDICAO AGUARDANDO ATO CITACAO PENHORA E AVALIACAO;
2502-71.2019.4.01.3300;379157;9465;14/03/2019 18:12:22;154;DEVOLVIDOS C DESPACHO;
2502-71.2019.4.01.3300;379156;9465;14/03/2019 18:12:14;137;CONCLUSOS PARA DESPACHO;
2502-71.2019.4.01.3300;379155;9465;07/02/2019 16:12:43;218;RECEBIDOS EM SECRETARIA;
2502-71.2019.4.01.3300;379154;9465;07/02/2019 15:11:05;223;REMETIDOS VARA PELA DISTRIBUICAO;SETUATESECLABA
2502-71.2019.4.01.3300;379153;9465;07/02/2019 15:11:00;170;INICIAL AUTUADA;
2502-71.2019.4.01.3300;379152;9465;07/02/2019 09:33:13;2;DISTRIBUICAO AUTOMATICA;
2503-56.2019.4.01.3300;379199;9466;22/07/2020 01:39:59;257;PROCESSO MIGRADO PARA O PJe;MIGRAÇÃO PJE
2503-56.2019.4.01.3300;379198;9466;19/01/2020 03:03:49;222;MIGRAÇÃO PJe ORDENADA;MIGRAÇÃO PJE REMESSSA AUTOMÁTICA TRF1 CONFORME SEI 00015531220194018000
2503-56.2019.4.01.3300;379197;9466;21/11/2019 16:03:29;223;REMETIDOS TRF S BAIXA;
2503-56.2019.4.01.3300;379196;9466;20/11/2019 15:57:43;222;REMESSA ORDENADA TRF;
2503-56.2019.4.01.3300;379195;9466;20/11/2019 15:57:31;154;DEVOLVIDOS C DESPACHO;
2503-56.2019.4.01.3300;379194;9466;20/11/2019 15:57:25;137;CONCLUSOS PARA DESPACHO;
2503-56.2019.4.01.3300;379193;9466;26/08/2019 15:40:04;220;RECURSO APELACAO INTERPOSTA AUTOR;
2503-56.2019.4.01.3300;379192;9466;26/08/2019 15:40:00;218;RECEBIDOS EM SECRETARIA;
2503-56.2019.4.01.3300;379191;9466;07/08/2019 11:22:36;126;CARGA RETIRADOS ADVOGADO AUTOR;ADVGBA00030421 FRANCIMARY DE DEUS TELEFONE32411087 DATA DEVOLUÇÃO19092019
2503-56.2019.4.01.3300;379190;9466;23/07/2019 13:05:06;185;INTIMACAO NOTIFICACAO VISTA ORDENADA AUTOR OUTROS;
2503-56.2019.4.01.3300;379189;9466;22/07/2019 19:00:00;156;DEVOLVIDOS C SENTENCA S EXAME DO MERITO FALTA DE PRESSUPOSTOS PROCESSUAIS;
2503-56.2019.4.01.3300;379188;9466;08/07/2019 19:00:14;137;CONCLUSOS PARA DECISAO;
2503-56.2019.4.01.3300;379187;9466;08/07/2019 19:00:11;210;PETICAO OFICIO DOCUMENTO JUNTADOO;2ª
2503-56.2019.4.01.3300;379186;9466;29/05/2019 17:07:33;210;PETICAO OFICIO DOCUMENTO JUNTADOO;
2503-56.2019.4.01.3300;379185;9466;29/05/2019 17:07:31;218;RECEBIDOS EM SECRETARIA;
2503-56.2019.4.01.3300;379184;9466;08/05/2019 09:33:54;126;CARGA RETIRADOS ADVOGADO AUTOR;ADVGBA00030421 FRANCIMARY DE DEUS TELEFONE32411087 DATA DEVOLUÇÃO29052019
2503-56.2019.4.01.3300;379183;9466;14/03/2019 16:09:52;185;INTIMACAO NOTIFICACAO VISTA ORDENADA AUTOR OUTROS;
2503-56.2019.4.01.3300;379182;9466;07/03/2019 18:56:10;154;DEVOLVIDOS C DESPACHO;DEVOLVIDOS 28022019
2503-56.2019.4.01.3300;379181;9466;07/03/2019 13:40:05;137;CONCLUSOS PARA DESPACHO;CONCLUSO em 28022019
2503-56.2019.4.01.3300;379180;9466;07/02/2019 16:38:40;218;RECEBIDOS EM SECRETARIA;
2503-56.2019.4.01.3300;379179;9466;07/02/2019 15:26:45;223;REMETIDOS VARA PELA DISTRIBUICAO;SETAUTESECLABA
2503-56.2019.4.01.3300;379178;9466;07/02/2019 15:26:40;170;INICIAL AUTUADA;
2503-56.2019.4.01.3300;379177;9466;07/02/2019 09:36:51;2;DISTRIBUICAO AUTOMATICA;
2504-41.2019.4.01.3300;379232;9467;14/09/2022 11:25:24;256;AUTOS ENCAMINHADOS PARA ELIMINAÇÃO APÓS A DIGITALIZAÇÃO;
2504-41.2019.4.01.3300;379231;9467;31/12/2020 12:33:55;257;PROCESSO MIGRADO PARA O PJe;MIGRAÇÃO PJE
2504-41.2019.4.01.3300;379230;9467;17/12/2020 14:19:09;222;MIGRAÇÃO PJe ORDENADA;
2504-41.2019.4.01.3300;379229;9467;13/11/2020 09:36:41;210;PETICAO OFICIO DOCUMENTO JUNTADOO;
2504-41.2019.4.01.3300;379228;9467;06/11/2020 14:08:27;210;PETICAO OFICIO DOCUMENTO RECEBIDAO EM SECRETARIA;2ª
2504-41.2019.4.01.3300;379227;9467;06/11/2020 14:06:49;210;PETICAO OFICIO DOCUMENTO RECEBIDAO EM SECRETARIA;
2504-41.2019.4.01.3300;379226;9467;06/11/2020 14:06:43;218;RECEBIDOS EM SECRETARIA;
2504-41.2019.4.01.3300;379225;9467;06/10/2020 12:08:58;126;CARGA RETIRADOS DEFENSORIA PUBLICA;INTERESSADODPU DATA DEVOLUÇÃO14102020
2504-41.2019.4.01.3300;379224;9467;04/03/2020 14:09:24;238;SUSPENSAO PROCESSO CIVEL ORDENADA OUTROS ESPECIFICAR;
2504-41.2019.4.01.3300;379223;9467;04/03/2020 14:09:07;179;INTIMACAO NOTIFICACAO PELA IMPRENSA PUBLICADO EDITAL;
2504-41.2019.4.01.3300;379222;9467;03/03/2020 14:08:57;178;INTIMACAO NOTIFICACAO PELA IMPRENSA PUBLICACAO REMETIDA IMPRENSA EDITAL;
2504-41.2019.4.01.3300;379221;9467;03/03/2020 14:08:47;175;INTIMACAO NOTIFICACAO PELA IMPRENSA EDITAL EXPEDIDOAFIXADO;
2504-41.2019.4.01.3300;379220;9467;28/02/2020 16:50:01;176;INTIMACAO NOTIFICACAO PELA IMPRENSA ORDENADA PUBLICACAO EDITAL;
2504-41.2019.4.01.3300;379219;9467;07/02/2020 15:10:54;159;DILIGENCIA CUMPRIDA;
2504-41.2019.4.01.3300;379218;9467;23/10/2019 11:23:52;159;DILIGENCIA ORDENADA DEFERIDA;
2504-41.2019.4.01.3300;379217;9467;23/10/2019 11:23:45;212;PRAZO CERTIFICADO TRANSCURSO IN ALBIS;
2504-41.2019.4.01.3300;379216;9467;29/07/2019 10:13:52;238;SUSPENSAO PROCESSO CIVEL ORDENADA OUTROS ESPECIFICAR;
2504-41.2019.4.01.3300;379215;9467;29/07/2019 10:13:40;132;CITACAO PELA IMPRENSA PUBLICADO EDITAL CERTIFICADA PUBLICACAO;
2504-41.2019.4.01.3300;379214;9467;26/07/2019 10:13:13;132;CITACAO PELA IMPRENSA EDITAL REMETIDO PUBLICACAO;
2504-41.2019.4.01.3300;379213;9467;25/07/2019 10:13:04;132;CITACAO PELA IMPRENSA EDITAL AFIXADO;
2504-41.2019.4.01.3300;379212;9467;25/07/2019 10:12:56;132;CITACAO PELA IMPRENSA EDITAL EXPEDIDO;
2504-41.2019.4.01.3300;379211;9467;16/07/2019 15:12:18;132;CITACAO PELA IMPRENSA ORDENADA PUBLICACAO EDITAL;
2504-41.2019.4.01.3300;379210;9467;16/07/2019 15:12:16;195;MANDADO DEVOLVIDO NAO CUMPRIDO CITACAO PENHORA E AVALIACAO;
2504-41.2019.4.01.3300;379209;9467;03/05/2019 09:49:51;201;MANDADO REMETIDO CENTRAL CITACAO PENHORA E AVALIACAO;
2504-41.2019.4.01.3300;379208;9467;03/05/2019 09:49:37;197;MANDADO EXPEDIDO CITACAO PENHORA E AVALIACAO;
2504-41.2019.4.01.3300;379207;9467;03/05/2019 09:49:21;218;RECEBIDOS PELO DIRETOR SECRETARIA PARA ATO ORDINATORIO;
2504-41.2019.4.01.3300;379206;9467;03/05/2019 09:48:57;153;DEVOLVIDOS C DECISAO OUTROS ESPECIFICAR;
2504-41.2019.4.01.3300;379205;9467;03/05/2019 09:48:40;137;CONCLUSOS PARA DECISAO;
2504-41.2019.4.01.3300;379204;9467;07/03/2019 09:42:31;140;CUSTAS RECOLHIMENTO REALIZADO COMPROVADO;CUSTAS CALCULADAS EM 21022019
2504-41.2019.4.01.3300;379203;9467;07/02/2019 16:38:39;218;RECEBIDOS EM SECRETARIA;
2504-41.2019.4.01.3300;379202;9467;07/02/2019 15:36:34;223;REMETIDOS VARA PELA DISTRIBUICAO;SETAUTESECLABA
2504-41.2019.4.01.3300;379201;9467;07/02/2019 15:36:29;170;INICIAL AUTUADA;
2504-41.2019.4.01.3300;379200;9467;07/02/2019 09:39:05;2;DISTRIBUICAO AUTOMATICA;
2505-26.2019.4.01.3300;379262;9468;29/03/2022 08:25:35;256;AUTOS ENCAMINHADOS PARA ELIMINAÇÃO APÓS A DIGITALIZAÇÃO;
2505-26.2019.4.01.3300;379261;9468;07/04/2021 19:45:56;257;PROCESSO MIGRADO PARA O PJe;MIGRAÇÃO PJE
2505-26.2019.4.01.3300;379260;9468;03/04/2021 07:08:23;257;PROCESSO DIGITALIZADO PJe;
2505-26.2019.4.01.3300;379259;9468;03/04/2021 07:08:14;218;RECEBIDOS DIGITALIZACAO PJe;
2505-26.2019.4.01.3300;379258;9468;27/11/2020 14:32:42;223;REMETIDOS PARA DIGITALIZACAO PJe;
2505-26.2019.4.01.3300;379257;9468;27/11/2020 14:32:29;222;MIGRAÇÃO PJe ORDENADA;
2505-26.2019.4.01.3300;379256;9468;27/11/2020 14:32:16;218;RECEBIDOS PELO DIRETOR SECRETARIA PARA ATO ORDINATORIO;
2505-26.2019.4.01.3300;379255;9468;17/03/2020 13:45:45;159;DILIGENCIA ORDENADA DEFERIDA;
2505-26.2019.4.01.3300;379254;9468;11/03/2020 13:45:31;153;DEVOLVIDOS C DECISAO OUTROS ESPECIFICAR;
2505-26.2019.4.01.3300;379253;9468;11/03/2020 13:45:23;137;CONCLUSOS PARA DECISAO;
2505-26.2019.4.01.3300;379252;9468;26/08/2019 14:43:45;210;PETICAO OFICIO DOCUMENTO JUNTADOO;
2505-26.2019.4.01.3300;379251;9468;26/08/2019 14:43:42;218;RECEBIDOS EM SECRETARIA;
2505-26.2019.4.01.3300;379250;9468;07/08/2019 09:48:33;126;CARGA RETIRADOS ADVOGADO AUTOR;ADVGBA00030421 FRANCIMARY DE DEUS TELEFONE32411087 DATA DEVOLUÇÃO21082019
2505-26.2019.4.01.3300;379249;9468;15/07/2019 15:38:42;185;INTIMACAO NOTIFICACAO VISTA ORDENADA AUTOR OUTROS;
2505-26.2019.4.01.3300;379248;9468;15/07/2019 15:38:39;218;RECEBIDOS PELO DIRETOR SECRETARIA PARA ATO ORDINATORIO;
2505-26.2019.4.01.3300;379247;9468;12/07/2019 15:38:29;194;MANDADO DEVOLVIDO CUMPRIDO EM PARTE CITACAO PENHORA E AVALIACAO;
2505-26.2019.4.01.3300;379246;9468;14/05/2019 11:38:21;201;MANDADO REMETIDO CENTRAL CITACAO PENHORA E AVALIACAO;
2505-26.2019.4.01.3300;379245;9468;14/05/2019 11:38:13;198;MANDADO ORDENADA EXPEDICAO AGUARDANDO ATO CITACAO PENHORA E AVALIACAO;
2505-26.2019.4.01.3300;379244;9468;09/05/2019 13:49:29;218;RECEBIDOS PELO DIRETOR SECRETARIA PARA ATO ORDINATORIO;
2505-26.2019.4.01.3300;379243;9468;16/04/2019 14:01:12;132;CITACAO PELA IMPRENSA ORDENADA PUBLICACAO EDITAL;
2505-26.2019.4.01.3300;379242;9468;15/04/2019 14:01:02;195;MANDADO DEVOLVIDO NAO CUMPRIDO CITACAO PENHORA E AVALIACAO;
2505-26.2019.4.01.3300;379241;9468;15/03/2019 18:13:17;201;MANDADO REMETIDO CENTRAL CITACAO PENHORA E AVALIACAO;
2505-26.2019.4.01.3300;379240;9468;14/03/2019 18:13:05;197;MANDADO EXPEDIDO CITACAO PENHORA E AVALIACAO;
2505-26.2019.4.01.3300;379239;9468;14/03/2019 18:12:30;198;MANDADO ORDENADA EXPEDICAO AGUARDANDO ATO CITACAO PENHORA E AVALIACAO;
2505-26.2019.4.01.3300;379238;9468;14/03/2019 18:12:22;154;DEVOLVIDOS C DESPACHO;
2505-26.2019.4.01.3300;379237;9468;14/03/2019 18:12:14;137;CONCLUSOS PARA DESPACHO;
2505-26.2019.4.01.3300;379236;9468;07/02/2019 16:12:43;218;RECEBIDOS EM SECRETARIA;
2505-26.2019.4.01.3300;379235;9468;07/02/2019 15:11:05;223;REMETIDOS VARA PELA DISTRIBUICAO;SETUATESECLABA
2505-26.2019.4.01.3300;379234;9468;07/02/2019 15:11:00;170;INICIAL AUTUADA;
2505-26.2019.4.01.3300;379233;9468;07/02/2019 09:42:49;2;DISTRIBUICAO AUTOMATICA;
2506-11.2019.4.01.3300;379280;9469;24/11/2025 11:43:10;256;GESTAO DOCUMENTAL PROCESSO ELIMINADO FISICAMENTE;PROCESSO ELIMINADO FISICAMENTE NO DIA 19112025
2506-11.2019.4.01.3300;379279;9469;29/08/2025 12:26:46;256;GESTAO DOCUMENTAL INCLUIDO EM EDITAL DE ELIMINACAO;
2506-11.2019.4.01.3300;379278;9469;31/07/2019 09:51:43;123;BAIXA ARQUIVADOS;Nº PACOTEA38 P6
2506-11.2019.4.01.3300;379277;9469;30/07/2019 17:20:38;222;REMESSA ORDENADA ARQUIVO;
2506-11.2019.4.01.3300;379276;9469;30/07/2019 17:20:32;108;ARQUIVAMENTO ORDENADO DEFERIDO;
2506-11.2019.4.01.3300;379275;9469;30/07/2019 17:05:48;243;TRANSITO EM JULGADO EM;DATA24072019
2506-11.2019.4.01.3300;379274;9469;23/07/2019 15:39:00;155;DEVOLVIDOS C SENTENCA C EXAME DO MERITO EXTINTA EXECUCAO;SENTENÇA REGISTRADA NO ECVD
2506-11.2019.4.01.3300;379273;9469;11/07/2019 17:36:33;137;CONCLUSOS PARA DECISAO;
2506-11.2019.4.01.3300;379272;9469;09/07/2019 16:52:08;210;PETICAO OFICIO DOCUMENTO JUNTADOO;
2506-11.2019.4.01.3300;379271;9469;09/07/2019 16:52:02;210;PETICAO OFICIO DOCUMENTO RECEBIDAO EM SECRETARIA;
2506-11.2019.4.01.3300;379270;9469;17/06/2019 14:27:21;194;MANDADO DEVOLVIDO CUMPRIDO EM PARTE CITACAO PENHORA E AVALIACAO;
2506-11.2019.4.01.3300;379269;9469;09/04/2019 09:34:04;201;MANDADO REMETIDO CENTRAL CITACAO PENHORA E AVALIACAO;
2506-11.2019.4.01.3300;379268;9469;08/04/2019 09:34:00;197;MANDADO EXPEDIDO CITACAO PENHORA E AVALIACAO;
2506-11.2019.4.01.3300;379267;9469;27/02/2019 11:23:37;198;MANDADO ORDENADA EXPEDICAO AGUARDANDO ATO CITACAO PENHORA E AVALIACAO;
2506-11.2019.4.01.3300;379266;9469;26/02/2019 18:23:17;153;DEVOLVIDOS C DECISAO OUTROS ESPECIFICAR;cites
2506-11.2019.4.01.3300;379265;9469;26/02/2019 12:54:03;137;CONCLUSOS PARA DESPACHO;
2506-11.2019.4.01.3300;379264;9469;07/02/2019 12:18:00;218;RECEBIDOS EM SECRETARIA;
2506-11.2019.4.01.3300;379263;9469;07/02/2019 09:45:53;2;DISTRIBUICAO AUTOMATICA;
2513-03.2019.4.01.3300;379303;9470;22/07/2020 00:48:58;257;PROCESSO MIGRADO PARA O PJe;MIGRAÇÃO PJE
2513-03.2019.4.01.3300;379302;9470;31/01/2020 03:03:30;222;MIGRAÇÃO PJe ORDENADA;MIGRAÇÃO PJE REMESSSA AUTOMÁTICA TRF1 CONFORME SEI 00015531220194018000
2513-03.2019.4.01.3300;379301;9470;22/11/2019 11:03:15;223;REMETIDOS TRF S BAIXA;
2513-03.2019.4.01.3300;379300;9470;21/11/2019 10:48:14;222;REMESSA ORDENADA TRF;
2513-03.2019.4.01.3300;379299;9470;21/11/2019 10:47:59;154;DEVOLVIDOS C DESPACHO;
2513-03.2019.4.01.3300;379298;9470;21/11/2019 10:47:53;137;CONCLUSOS PARA DESPACHO;
2513-03.2019.4.01.3300;379297;9470;26/08/2019 15:40:04;220;RECURSO APELACAO INTERPOSTA AUTOR;
2513-03.2019.4.01.3300;379296;9470;26/08/2019 15:40:00;218;RECEBIDOS EM SECRETARIA;
2513-03.2019.4.01.3300;379295;9470;07/08/2019 11:22:36;126;CARGA RETIRADOS ADVOGADO AUTOR;ADVGBA00030421 FRANCIMARY DE DEUS TELEFONE32411087 DATA DEVOLUÇÃO19092019
2513-03.2019.4.01.3300;379294;9470;23/07/2019 13:05:06;185;INTIMACAO NOTIFICACAO VISTA ORDENADA AUTOR OUTROS;
2513-03.2019.4.01.3300;379293;9470;22/07/2019 19:00:00;156;DEVOLVIDOS C SENTENCA S EXAME DO MERITO FALTA DE PRESSUPOSTOS PROCESSUAIS;
2513-03.2019.4.01.3300;379292;9470;08/07/2019 19:38:06;137;CONCLUSOS PARA DECISAO;
2513-03.2019.4.01.3300;379291;9470;08/07/2019 19:38:02;210;PETICAO OFICIO DOCUMENTO JUNTADOO;2ª
2513-03.2019.4.01.3300;379290;9470;29/05/2019 17:04:10;210;PETICAO OFICIO DOCUMENTO JUNTADOO;
2513-03.2019.4.01.3300;379289;9470;29/05/2019 17:04:07;218;RECEBIDOS EM SECRETARIA;
2513-03.2019.4.01.3300;379288;9470;08/05/2019 09:33:54;126;CARGA RETIRADOS ADVOGADO AUTOR;ADVGBA00030421 FRANCIMARY DE DEUS TELEFONE32411087 DATA DEVOLUÇÃO29052019
2513-03.2019.4.01.3300;379287;9470;14/03/2019 16:09:52;185;INTIMACAO NOTIFICACAO VISTA ORDENADA AUTOR OUTROS;
2513-03.2019.4.01.3300;379286;9470;07/03/2019 18:56:10;154;DEVOLVIDOS C DESPACHO;DEVOLVIDOS 28022019
2513-03.2019.4.01.3300;379285;9470;07/03/2019 13:40:05;137;CONCLUSOS PARA DESPACHO;CONCLUSO em 28022019
2513-03.2019.4.01.3300;379284;9470;07/02/2019 16:38:40;218;RECEBIDOS EM SECRETARIA;
2513-03.2019.4.01.3300;379283;9470;07/02/2019 15:26:45;223;REMETIDOS VARA PELA DISTRIBUICAO;SETAUTESECLABA
2513-03.2019.4.01.3300;379282;9470;07/02/2019 15:26:40;170;INICIAL AUTUADA;
2513-03.2019.4.01.3300;379281;9470;07/02/2019 09:47:29;2;DISTRIBUICAO AUTOMATICA;
2514-85.2019.4.01.3300;379322;9471;24/11/2025 11:44:51;256;GESTAO DOCUMENTAL PROCESSO ELIMINADO FISICAMENTE;PROCESSO ELIMINADO FISICAMENTE NO DIA 19112025
2514-85.2019.4.01.3300;379321;9471;29/08/2025 12:27:40;256;GESTAO DOCUMENTAL INCLUIDO EM EDITAL DE ELIMINACAO;
2514-85.2019.4.01.3300;379320;9471;25/07/2019 15:36:48;123;BAIXA ARQUIVADOS;
2514-85.2019.4.01.3300;379319;9471;24/07/2019 11:41:47;243;TRANSITO EM JULGADO EM;DATA12072019
2514-85.2019.4.01.3300;379318;9471;15/07/2019 15:59:25;222;REMESSA ORDENADA ARQUIVO;
2514-85.2019.4.01.3300;379317;9471;12/07/2019 15:59:01;155;DEVOLVIDOS C SENTENCA C EXAME DO MERITO EXTINTA EXECUCAO;
2514-85.2019.4.01.3300;379316;9471;12/07/2019 15:35:07;137;CONCLUSOS PARA SENTENCA;
2514-85.2019.4.01.3300;379315;9471;10/07/2019 10:10:26;210;PETICAO OFICIO DOCUMENTO JUNTADOO;
2514-85.2019.4.01.3300;379314;9471;10/07/2019 10:10:24;194;MANDADO DEVOLVIDO CUMPRIDO EM PARTE CITACAO PENHORA E AVALIACAO;
2514-85.2019.4.01.3300;379313;9471;11/04/2019 09:16:49;201;MANDADO REMETIDO CENTRAL CITACAO PENHORA E AVALIACAO;
2514-85.2019.4.01.3300;379312;9471;04/04/2019 11:19:17;197;MANDADO EXPEDIDO CITACAO PENHORA E AVALIACAO;
2514-85.2019.4.01.3300;379311;9471;28/02/2019 11:53:24;198;MANDADO ORDENADA EXPEDICAO AGUARDANDO ATO CITACAO PENHORA E AVALIACAO;
2514-85.2019.4.01.3300;379310;9471;28/02/2019 08:11:41;136;CITACAO ORDENADA;
2514-85.2019.4.01.3300;379309;9471;27/02/2019 19:37:34;153;DEVOLVIDOS C DECISAO OUTROS ESPECIFICAR;
2514-85.2019.4.01.3300;379308;9471;27/02/2019 10:18:30;137;CONCLUSOS PARA DECISAO;
2514-85.2019.4.01.3300;379307;9471;22/02/2019 15:00:00;159;DILIGENCIA ORDENADA DEFERIDA;CONCLUIR AO MM JUIZ
2514-85.2019.4.01.3300;379306;9471;13/02/2019 17:02:15;140;CUSTAS RECOLHIMENTO REALIZADO COMPROVADO;
2514-85.2019.4.01.3300;379305;9471;07/02/2019 11:48:57;218;RECEBIDOS EM SECRETARIA;
2514-85.2019.4.01.3300;379304;9471;07/02/2019 09:55:59;2;DISTRIBUICAO AUTOMATICA;
2515-70.2019.4.01.3300;379332;9472;14/07/2021 19:39:57;257;PROCESSO MIGRADO PARA O PJe;MIGRAÇÃO PJE
2515-70.2019.4.01.3300;379331;9472;13/07/2021 12:53:51;222;MIGRAÇÃO PJe ORDENADA;
2515-70.2019.4.01.3300;379330;9472;18/09/2019 14:33:41;128;CARTA PRECATÓRIA JUNTADA;
2515-70.2019.4.01.3300;379329;9472;18/09/2019 14:32:53;128;CARTA PRECATORIA DEVOLVIDA PELO DEPRECADO;
2515-70.2019.4.01.3300;379328;9472;17/05/2019 13:21:48;128;CARTA PRECATORIA EXPEDIDA;DATA DEVOLUÇÃO17072019
2515-70.2019.4.01.3300;379327;9472;27/02/2019 11:26:33;128;CARTA PRECATORIA ORDENADA EXPEDICAO AGUARDANDO ATO;
2515-70.2019.4.01.3300;379326;9472;26/02/2019 18:23:17;153;DEVOLVIDOS C DECISAO OUTROS ESPECIFICAR;cites
2515-70.2019.4.01.3300;379325;9472;26/02/2019 12:54:03;137;CONCLUSOS PARA DESPACHO;
2515-70.2019.4.01.3300;379324;9472;07/02/2019 12:18:00;218;RECEBIDOS EM SECRETARIA;
2515-70.2019.4.01.3300;379323;9472;07/02/2019 10:06:59;2;DISTRIBUICAO AUTOMATICA;
2516-55.2019.4.01.3300;379357;9473;22/07/2020 00:31:04;257;PROCESSO MIGRADO PARA O PJe;MIGRAÇÃO PJE
2516-55.2019.4.01.3300;379356;9473;31/01/2020 03:05:14;222;MIGRAÇÃO PJe ORDENADA;MIGRAÇÃO PJE REMESSSA AUTOMÁTICA TRF1 CONFORME SEI 00015531220194018000
2516-55.2019.4.01.3300;379355;9473;22/11/2019 11:03:15;223;REMETIDOS TRF S BAIXA;
2516-55.2019.4.01.3300;379354;9473;21/11/2019 10:48:14;222;REMESSA ORDENADA TRF;
2516-55.2019.4.01.3300;379353;9473;21/11/2019 10:47:59;154;DEVOLVIDOS C DESPACHO;
2516-55.2019.4.01.3300;379352;9473;21/11/2019 10:47:53;137;CONCLUSOS PARA DESPACHO;
2516-55.2019.4.01.3300;379351;9473;26/08/2019 15:40:04;220;RECURSO APELACAO INTERPOSTA AUTOR;
2516-55.2019.4.01.3300;379350;9473;26/08/2019 15:40:00;218;RECEBIDOS EM SECRETARIA;
2516-55.2019.4.01.3300;379349;9473;07/08/2019 11:22:36;126;CARGA RETIRADOS ADVOGADO AUTOR;ADVGBA00030421 FRANCIMARY DE DEUS TELEFONE32411087 DATA DEVOLUÇÃO19092019
2516-55.2019.4.01.3300;379348;9473;23/07/2019 13:05:06;185;INTIMACAO NOTIFICACAO VISTA ORDENADA AUTOR OUTROS;
2516-55.2019.4.01.3300;379347;9473;22/07/2019 19:00:00;156;DEVOLVIDOS C SENTENCA S EXAME DO MERITO FALTA DE PRESSUPOSTOS PROCESSUAIS;
2516-55.2019.4.01.3300;379346;9473;08/07/2019 19:00:14;137;CONCLUSOS PARA DECISAO;
2516-55.2019.4.01.3300;379345;9473;08/07/2019 19:00:11;210;PETICAO OFICIO DOCUMENTO JUNTADOO;2ª
2516-55.2019.4.01.3300;379344;9473;29/05/2019 17:07:33;210;PETICAO OFICIO DOCUMENTO JUNTADOO;
2516-55.2019.4.01.3300;379343;9473;29/05/2019 17:07:31;218;RECEBIDOS EM SECRETARIA;
2516-55.2019.4.01.3300;379342;9473;08/05/2019 09:33:54;126;CARGA RETIRADOS ADVOGADO AUTOR;ADVGBA00030421 FRANCIMARY DE DEUS TELEFONE32411087 DATA DEVOLUÇÃO29052019
2516-55.2019.4.01.3300;379341;9473;14/03/2019 16:09:52;185;INTIMACAO NOTIFICACAO VISTA ORDENADA AUTOR OUTROS;
2516-55.2019.4.01.3300;379340;9473;07/03/2019 18:56:10;154;DEVOLVIDOS C DESPACHO;DEVOLVIDOS 28022019
2516-55.2019.4.01.3300;379339;9473;07/03/2019 13:40:05;137;CONCLUSOS PARA DESPACHO;CONCLUSO em 28022019
2516-55.2019.4.01.3300;379338;9473;08/02/2019 17:07:11;218;RECEBIDOS EM SECRETARIA;
2516-55.2019.4.01.3300;379337;9473;08/02/2019 15:36:02;223;REMETIDOS VARA PELA DISTRIBUICAO;SETUATESECLABA
2516-55.2019.4.01.3300;379336;9473;08/02/2019 15:35:54;170;INICIAL AUTUADA;
2516-55.2019.4.01.3300;379335;9473;08/02/2019 15:34:08;223;REMETIDOS VARA PELA DISTRIBUICAO;SETUATESECLABA
2516-55.2019.4.01.3300;379334;9473;08/02/2019 15:33:56;170;INICIAL AUTUADA;
2516-55.2019.4.01.3300;379333;9473;07/02/2019 10:11:23;2;DISTRIBUICAO AUTOMATICA;
2517-40.2019.4.01.3300;379378;9474;05/12/2019 16:39:32;123;BAIXA REMETIDOS OUTRO JUIZO TRIBUNAL POR INCOMPETENCIA ESPECIFICAR;SUBSEÇÃO JUDICIÁRIA DE GARANHUNS Nº PACOTEH12
2517-40.2019.4.01.3300;379377;9474;19/11/2019 17:32:38;222;REMESSA ORDENADA OUTRO JUIZO ESPECIFICAR;
2517-40.2019.4.01.3300;379376;9474;14/11/2019 16:31:53;210;PETICAO OFICIO DOCUMENTO JUNTADOO;
2517-40.2019.4.01.3300;379375;9474;29/10/2019 15:30:56;210;PETICAO OFICIO DOCUMENTO RECEBIDAO EM SECRETARIA;
2517-40.2019.4.01.3300;379374;9474;29/10/2019 15:30:49;218;RECEBIDOS EM SECRETARIA;
2517-40.2019.4.01.3300;379373;9474;24/09/2019 17:33:50;126;CARGA RETIRADOS ADVOGADO AUTOR;CARGA EM 25092019 ADVGBA00030421 FRANCIMARY DE DEUS TELEFONE32411087 DATA DEVOLUÇÃO16102019
2517-40.2019.4.01.3300;379372;9474;23/08/2019 16:16:31;185;INTIMACAO NOTIFICACAO VISTA ORDENADA AUTOR OUTROS;
2517-40.2019.4.01.3300;379371;9474;20/08/2019 18:00:00;153;DEVOLVIDOS C DECISAO OUTROS ESPECIFICAR;
2517-40.2019.4.01.3300;379370;9474;20/08/2019 11:30:21;137;CONCLUSOS PARA DECISAO;
2517-40.2019.4.01.3300;379369;9474;17/06/2019 16:19:24;128;CARTA PRECATORIA ORDENADA EXPEDICAO AGUARDANDO ATO;
2517-40.2019.4.01.3300;379368;9474;17/06/2019 16:19:21;195;MANDADO DEVOLVIDO NAO CUMPRIDO CITACAO PENHORA E AVALIACAO;
2517-40.2019.4.01.3300;379367;9474;03/05/2019 09:35:49;201;MANDADO REMETIDO CENTRAL CITACAO PENHORA E AVALIACAO;
2517-40.2019.4.01.3300;379366;9474;03/05/2019 09:35:39;197;MANDADO EXPEDIDO CITACAO PENHORA E AVALIACAO;
2517-40.2019.4.01.3300;379365;9474;03/05/2019 09:35:27;218;RECEBIDOS PELO DIRETOR SECRETARIA PARA ATO ORDINATORIO;
2517-40.2019.4.01.3300;379364;9474;03/05/2019 09:35:15;153;DEVOLVIDOS C DECISAO OUTROS ESPECIFICAR;
2517-40.2019.4.01.3300;379363;9474;03/05/2019 09:34:56;137;CONCLUSOS PARA DECISAO;
2517-40.2019.4.01.3300;379362;9474;07/03/2019 09:42:31;140;CUSTAS RECOLHIMENTO REALIZADO COMPROVADO;CUSTAS CALCULADAS EM 21022019
2517-40.2019.4.01.3300;379361;9474;08/02/2019 17:21:45;218;RECEBIDOS EM SECRETARIA;
2517-40.2019.4.01.3300;379360;9474;08/02/2019 15:21:23;223;REMETIDOS VARA PELA DISTRIBUICAO;SETUATESECLABA
2517-40.2019.4.01.3300;379359;9474;08/02/2019 15:21:16;170;INICIAL AUTUADA;
2517-40.2019.4.01.3300;379358;9474;07/02/2019 10:40:34;2;DISTRIBUICAO AUTOMATICA;
2519-10.2019.4.01.3300;379403;9475;28/03/2022 08:02:07;256;AUTOS ENCAMINHADOS PARA ELIMINAÇÃO APÓS A DIGITALIZAÇÃO;
2519-10.2019.4.01.3300;379402;9475;24/02/2021 00:22:08;257;PROCESSO MIGRADO PARA O PJe;MIGRAÇÃO PJE
2519-10.2019.4.01.3300;379401;9475;22/02/2021 13:44:12;257;PROCESSO DIGITALIZADO PJe;
2519-10.2019.4.01.3300;379400;9475;22/02/2021 13:44:02;218;RECEBIDOS DIGITALIZACAO PJe;
2519-10.2019.4.01.3300;379399;9475;12/11/2020 11:30:03;223;REMETIDOS PARA DIGITALIZACAO PJe;
2519-10.2019.4.01.3300;379398;9475;12/11/2020 11:26:12;222;MIGRAÇÃO PJe ORDENADA;
2519-10.2019.4.01.3300;379397;9475;12/11/2020 11:25:59;218;RECEBIDOS PELO DIRETOR SECRETARIA PARA ATO ORDINATORIO;
2519-10.2019.4.01.3300;379396;9475;13/02/2020 15:21:09;132;CITACAO PELA IMPRENSA ORDENADA PUBLICACAO EDITAL;
2519-10.2019.4.01.3300;379395;9475;13/02/2020 15:20:53;218;RECEBIDOS PELO DIRETOR SECRETARIA PARA ATO ORDINATORIO;
2519-10.2019.4.01.3300;379394;9475;12/11/2019 10:36:37;132;CITACAO PELA IMPRENSA ORDENADA PUBLICACAO EDITAL;
2519-10.2019.4.01.3300;379393;9475;11/11/2019 10:36:29;195;MANDADO DEVOLVIDO NAO CUMPRIDO CITACAO PENHORA E AVALIACAO;
2519-10.2019.4.01.3300;379392;9475;20/09/2019 15:04:05;201;MANDADO REMETIDO CENTRAL CITACAO PENHORA E AVALIACAO;
2519-10.2019.4.01.3300;379391;9475;20/09/2019 15:03:59;197;MANDADO EXPEDIDO CITACAO PENHORA E AVALIACAO;
2519-10.2019.4.01.3300;379390;9475;19/09/2019 13:28:18;218;RECEBIDOS PELO DIRETOR SECRETARIA PARA ATO ORDINATORIO;
2519-10.2019.4.01.3300;379389;9475;01/07/2019 08:59:59;132;CITACAO PELA IMPRENSA ORDENADA PUBLICACAO EDITAL;
2519-10.2019.4.01.3300;379388;9475;01/07/2019 08:59:29;195;MANDADO DEVOLVIDO NAO CUMPRIDO PENHORA E AVALIACAO;
2519-10.2019.4.01.3300;379387;9475;15/03/2019 18:13:17;201;MANDADO REMETIDO CENTRAL CITACAO PENHORA E AVALIACAO;
2519-10.2019.4.01.3300;379386;9475;14/03/2019 18:13:05;197;MANDADO EXPEDIDO CITACAO PENHORA E AVALIACAO;
2519-10.2019.4.01.3300;379385;9475;14/03/2019 18:12:30;198;MANDADO ORDENADA EXPEDICAO AGUARDANDO ATO CITACAO PENHORA E AVALIACAO;
2519-10.2019.4.01.3300;379384;9475;14/03/2019 18:12:22;154;DEVOLVIDOS C DESPACHO;
2519-10.2019.4.01.3300;379383;9475;14/03/2019 18:12:14;137;CONCLUSOS PARA DESPACHO;
2519-10.2019.4.01.3300;379382;9475;08/02/2019 16:31:19;218;RECEBIDOS EM SECRETARIA;
2519-10.2019.4.01.3300;379381;9475;08/02/2019 15:13:09;223;REMETIDOS VARA PELA DISTRIBUICAO;SETUATESECLABA
2519-10.2019.4.01.3300;379380;9475;08/02/2019 15:13:05;170;INICIAL AUTUADA;
2519-10.2019.4.01.3300;379379;9475;07/02/2019 11:23:50;2;DISTRIBUICAO AUTOMATICA;
2520-92.2019.4.01.3300;379428;9476;31/03/2022 09:16:11;256;AUTOS ENCAMINHADOS PARA ELIMINAÇÃO APÓS A DIGITALIZAÇÃO;
2520-92.2019.4.01.3300;379427;9476;30/03/2021 20:12:56;257;PROCESSO MIGRADO PARA O PJe;MIGRAÇÃO PJE
2520-92.2019.4.01.3300;379426;9476;30/03/2021 19:05:16;257;PROCESSO DIGITALIZADO PJe;
2520-92.2019.4.01.3300;379425;9476;30/03/2021 19:05:11;218;RECEBIDOS DIGITALIZACAO PJe;
2520-92.2019.4.01.3300;379424;9476;10/12/2020 09:35:07;223;REMETIDOS PARA DIGITALIZACAO PJe;
2520-92.2019.4.01.3300;379423;9476;10/12/2020 09:34:54;222;MIGRAÇÃO PJe ORDENADA;
2520-92.2019.4.01.3300;379422;9476;10/12/2020 09:34:34;218;RECEBIDOS PELO DIRETOR SECRETARIA PARA ATO ORDINATORIO;
2520-92.2019.4.01.3300;379421;9476;14/01/2020 12:36:25;159;DILIGENCIA ORDENADA DEFERIDA;
2520-92.2019.4.01.3300;379420;9476;09/01/2020 12:35:52;153;DEVOLVIDOS C DECISAO OUTROS ESPECIFICAR;
2520-92.2019.4.01.3300;379419;9476;17/12/2019 14:05:34;137;CONCLUSOS PARA DECISAO;
2520-92.2019.4.01.3300;379418;9476;24/07/2019 11:04:00;210;PETICAO OFICIO DOCUMENTO JUNTADOO;
2520-92.2019.4.01.3300;379417;9476;24/07/2019 11:03:57;218;RECEBIDOS EM SECRETARIA;
2520-92.2019.4.01.3300;379416;9476;09/07/2019 16:07:25;126;CARGA RETIRADOS ADVOGADO AUTOR;ADVGBA00030421 FRANCIMARY DE DEUS TELEFONE32411087 DATA DEVOLUÇÃO23072019
2520-92.2019.4.01.3300;379415;9476;04/07/2019 18:18:37;185;INTIMACAO NOTIFICACAO VISTA ORDENADA AUTOR OUTROS;
2520-92.2019.4.01.3300;379414;9476;04/07/2019 18:18:34;218;RECEBIDOS PELO DIRETOR SECRETARIA PARA ATO ORDINATORIO;
2520-92.2019.4.01.3300;379413;9476;04/07/2019 18:18:30;194;MANDADO DEVOLVIDO CUMPRIDO EM PARTE CITACAO PENHORA E AVALIACAO;
2520-92.2019.4.01.3300;379412;9476;15/03/2019 18:13:17;201;MANDADO REMETIDO CENTRAL CITACAO PENHORA E AVALIACAO;
2520-92.2019.4.01.3300;379411;9476;14/03/2019 18:13:05;197;MANDADO EXPEDIDO CITACAO PENHORA E AVALIACAO;
2520-92.2019.4.01.3300;379410;9476;14/03/2019 18:12:30;198;MANDADO ORDENADA EXPEDICAO AGUARDANDO ATO CITACAO PENHORA E AVALIACAO;
2520-92.2019.4.01.3300;379409;9476;14/03/2019 18:12:22;154;DEVOLVIDOS C DESPACHO;
2520-92.2019.4.01.3300;379408;9476;14/03/2019 18:12:14;137;CONCLUSOS PARA DESPACHO;
2520-92.2019.4.01.3300;379407;9476;08/02/2019 16:31:19;218;RECEBIDOS EM SECRETARIA;
2520-92.2019.4.01.3300;379406;9476;08/02/2019 15:13:09;223;REMETIDOS VARA PELA DISTRIBUICAO;SETUATESECLABA
2520-92.2019.4.01.3300;379405;9476;08/02/2019 15:13:05;170;INICIAL AUTUADA;
2520-92.2019.4.01.3300;379404;9476;07/02/2019 11:27:51;2;DISTRIBUICAO AUTOMATICA;
2521-77.2019.4.01.3300;379456;9477;27/09/2022 15:39:34;256;AUTOS ENCAMINHADOS PARA ELIMINAÇÃO APÓS A DIGITALIZAÇÃO;
2521-77.2019.4.01.3300;379455;9477;31/12/2020 14:13:01;257;PROCESSO MIGRADO PARA O PJe;MIGRAÇÃO PJE
2521-77.2019.4.01.3300;379454;9477;17/12/2020 08:50:25;222;MIGRAÇÃO PJe ORDENADA;
2521-77.2019.4.01.3300;379453;9477;29/10/2020 12:37:35;210;PETICAO OFICIO DOCUMENTO JUNTADOO;
2521-77.2019.4.01.3300;379452;9477;14/10/2020 09:37:50;210;PETICAO OFICIO DOCUMENTO RECEBIDAO EM SECRETARIA;RECEBIDO EM 07102020
2521-77.2019.4.01.3300;379451;9477;14/10/2020 09:37:47;218;RECEBIDOS EM SECRETARIA;
2521-77.2019.4.01.3300;379450;9477;13/03/2020 10:14:26;126;CARGA RETIRADOS ADVOGADO AUTOR;ADVGBA00040912 RODRIGO LAUANDE PIMENTEL TELEFONE32354812 DATA DEVOLUÇÃO30042020
2521-77.2019.4.01.3300;379449;9477;10/03/2020 12:28:07;185;INTIMACAO NOTIFICACAO VISTA ORDENADA AUTOR OUTROS;
2521-77.2019.4.01.3300;379448;9477;03/02/2020 15:46:49;159;DILIGENCIA CUMPRIDA;
2521-77.2019.4.01.3300;379447;9477;22/08/2019 10:25:54;159;DILIGENCIA ORDENADA DEFERIDA;
2521-77.2019.4.01.3300;379446;9477;22/08/2019 10:25:47;212;PRAZO CERTIFICADO TRANSCURSO IN ALBIS;
2521-77.2019.4.01.3300;379445;9477;28/06/2019 09:58:54;238;SUSPENSAO PROCESSO CIVEL ORDENADA OUTROS ESPECIFICAR;
2521-77.2019.4.01.3300;379444;9477;28/06/2019 09:58:41;132;CITACAO PELA IMPRENSA PUBLICADO EDITAL CERTIFICADA PUBLICACAO;
2521-77.2019.4.01.3300;379443;9477;27/06/2019 09:58:33;132;CITACAO PELA IMPRENSA EDITAL REMETIDO PUBLICACAO;
2521-77.2019.4.01.3300;379442;9477;21/06/2019 09:58:21;132;CITACAO PELA IMPRENSA EDITAL AFIXADO;
2521-77.2019.4.01.3300;379441;9477;21/06/2019 09:58:13;132;CITACAO PELA IMPRENSA EDITAL EXPEDIDO;
2521-77.2019.4.01.3300;379440;9477;13/06/2019 15:14:01;132;CITACAO PELA IMPRENSA ORDENADA PUBLICACAO EDITAL;
2521-77.2019.4.01.3300;379439;9477;13/06/2019 15:13:58;195;MANDADO DEVOLVIDO NAO CUMPRIDO CITACAO PENHORA E AVALIACAO;
2521-77.2019.4.01.3300;379438;9477;03/05/2019 09:44:39;197;MANDADO EXPEDIDO CITACAO PENHORA E AVALIACAO;
2521-77.2019.4.01.3300;379437;9477;03/05/2019 09:44:27;218;RECEBIDOS PELO DIRETOR SECRETARIA PARA ATO ORDINATORIO;
2521-77.2019.4.01.3300;379436;9477;03/05/2019 09:43:28;153;DEVOLVIDOS C DECISAO OUTROS ESPECIFICAR;
2521-77.2019.4.01.3300;379435;9477;03/05/2019 09:42:50;137;CONCLUSOS PARA DECISAO;
2521-77.2019.4.01.3300;379434;9477;03/05/2019 00:09:46;201;MANDADO REMETIDO CENTRAL CITACAO PENHORA E AVALIACAO;
2521-77.2019.4.01.3300;379433;9477;07/03/2019 09:42:31;140;CUSTAS RECOLHIMENTO REALIZADO COMPROVADO;CUSTAS CALCULADAS EM 21022019
2521-77.2019.4.01.3300;379432;9477;08/02/2019 17:21:45;218;RECEBIDOS EM SECRETARIA;
2521-77.2019.4.01.3300;379431;9477;08/02/2019 15:21:23;223;REMETIDOS VARA PELA DISTRIBUICAO;SETUATESECLABA
2521-77.2019.4.01.3300;379430;9477;08/02/2019 15:21:16;170;INICIAL AUTUADA;
2521-77.2019.4.01.3300;379429;9477;07/02/2019 11:31:46;2;DISTRIBUICAO AUTOMATICA;
2522-62.2019.4.01.3300;379481;9478;22/07/2020 02:00:57;257;PROCESSO MIGRADO PARA O PJe;MIGRAÇÃO PJE
2522-62.2019.4.01.3300;379480;9478;19/01/2020 03:03:46;222;MIGRAÇÃO PJe ORDENADA;MIGRAÇÃO PJE REMESSSA AUTOMÁTICA TRF1 CONFORME SEI 00015531220194018000
2522-62.2019.4.01.3300;379479;9478;22/11/2019 14:55:19;223;REMETIDOS TRF S BAIXA;
2522-62.2019.4.01.3300;379478;9478;21/11/2019 14:44:46;222;REMESSA ORDENADA TRF;
2522-62.2019.4.01.3300;379477;9478;21/11/2019 14:44:36;154;DEVOLVIDOS C DESPACHO;
2522-62.2019.4.01.3300;379476;9478;21/11/2019 14:44:25;137;CONCLUSOS PARA DESPACHO;
2522-62.2019.4.01.3300;379475;9478;26/08/2019 15:40:04;220;RECURSO APELACAO INTERPOSTA AUTOR;
2522-62.2019.4.01.3300;379474;9478;26/08/2019 15:40:00;218;RECEBIDOS EM SECRETARIA;
2522-62.2019.4.01.3300;379473;9478;07/08/2019 11:22:36;126;CARGA RETIRADOS ADVOGADO AUTOR;ADVGBA00030421 FRANCIMARY DE DEUS TELEFONE32411087 DATA DEVOLUÇÃO19092019
2522-62.2019.4.01.3300;379472;9478;23/07/2019 13:05:06;185;INTIMACAO NOTIFICACAO VISTA ORDENADA AUTOR OUTROS;
2522-62.2019.4.01.3300;379471;9478;22/07/2019 19:00:00;156;DEVOLVIDOS C SENTENCA S EXAME DO MERITO FALTA DE PRESSUPOSTOS PROCESSUAIS;
2522-62.2019.4.01.3300;379470;9478;08/07/2019 19:00:14;137;CONCLUSOS PARA DECISAO;
2522-62.2019.4.01.3300;379469;9478;08/07/2019 19:00:11;210;PETICAO OFICIO DOCUMENTO JUNTADOO;2ª
2522-62.2019.4.01.3300;379468;9478;29/05/2019 17:07:33;210;PETICAO OFICIO DOCUMENTO JUNTADOO;
2522-62.2019.4.01.3300;379467;9478;29/05/2019 17:07:31;218;RECEBIDOS EM SECRETARIA;
2522-62.2019.4.01.3300;379466;9478;08/05/2019 09:33:54;126;CARGA RETIRADOS ADVOGADO AUTOR;ADVGBA00030421 FRANCIMARY DE DEUS TELEFONE32411087 DATA DEVOLUÇÃO29052019
2522-62.2019.4.01.3300;379465;9478;14/03/2019 16:09:52;185;INTIMACAO NOTIFICACAO VISTA ORDENADA AUTOR OUTROS;
2522-62.2019.4.01.3300;379464;9478;07/03/2019 18:56:10;154;DEVOLVIDOS C DESPACHO;DEVOLVIDOS 28022019
2522-62.2019.4.01.3300;379463;9478;07/03/2019 13:40:05;137;CONCLUSOS PARA DESPACHO;CONCLUSO em 28022019
2522-62.2019.4.01.3300;379462;9478;08/02/2019 17:07:11;218;RECEBIDOS EM SECRETARIA;
2522-62.2019.4.01.3300;379461;9478;08/02/2019 15:36:02;223;REMETIDOS VARA PELA DISTRIBUICAO;SETUATESECLABA
2522-62.2019.4.01.3300;379460;9478;08/02/2019 15:35:54;170;INICIAL AUTUADA;
2522-62.2019.4.01.3300;379459;9478;08/02/2019 15:34:08;223;REMETIDOS VARA PELA DISTRIBUICAO;SETUATESECLABA
2522-62.2019.4.01.3300;379458;9478;08/02/2019 15:33:56;170;INICIAL AUTUADA;
2522-62.2019.4.01.3300;379457;9478;07/02/2019 12:15:45;2;DISTRIBUICAO AUTOMATICA;
2523-47.2019.4.01.3300;379501;9479;09/05/2022 11:01:58;256;AUTOS ENCAMINHADOS PARA ELIMINAÇÃO APÓS A DIGITALIZAÇÃO;
2523-47.2019.4.01.3300;379500;9479;29/03/2021 23:07:00;257;PROCESSO MIGRADO PARA O PJe;MIGRAÇÃO PJE
2523-47.2019.4.01.3300;379499;9479;19/03/2021 09:19:48;222;MIGRAÇÃO PJe ORDENADA;
2523-47.2019.4.01.3300;379498;9479;03/08/2020 09:40:58;159;DILIGENCIA ORDENADA DEFERIDA;
2523-47.2019.4.01.3300;379497;9479;29/07/2020 18:00:00;153;DEVOLVIDOS C DECISAO OUTROS ESPECIFICAR;determina citaçao endereço oracle
2523-47.2019.4.01.3300;379496;9479;27/07/2020 10:00:00;137;CONCLUSOS PARA DESPACHO;
2523-47.2019.4.01.3300;379495;9479;26/08/2019 15:10:13;210;PETICAO OFICIO DOCUMENTO JUNTADOO;
2523-47.2019.4.01.3300;379494;9479;26/08/2019 15:10:11;210;PETICAO OFICIO DOCUMENTO RECEBIDAO EM SECRETARIA;
2523-47.2019.4.01.3300;379493;9479;26/08/2019 15:10:06;218;RECEBIDOS EM SECRETARIA;
2523-47.2019.4.01.3300;379492;9479;07/08/2019 10:12:20;126;CARGA RETIRADOS ADVOGADO AUTOR;ADVGBA00030421 FRANCIMARY DE DEUS TELEFONE32411087 DATA DEVOLUÇÃO27082019
2523-47.2019.4.01.3300;379491;9479;25/07/2019 17:09:50;185;INTIMACAO NOTIFICACAO VISTA ORDENADA AUTOR OUTROS;
2523-47.2019.4.01.3300;379490;9479;25/07/2019 17:09:36;218;RECEBIDOS PELO DIRETOR SECRETARIA PARA ATO ORDINATORIO;
2523-47.2019.4.01.3300;379489;9479;28/05/2019 10:51:22;195;MANDADO DEVOLVIDO NAO CUMPRIDO CITACAO PENHORA E AVALIACAO;
2523-47.2019.4.01.3300;379488;9479;09/04/2019 09:34:04;201;MANDADO REMETIDO CENTRAL CITACAO PENHORA E AVALIACAO;
2523-47.2019.4.01.3300;379487;9479;08/04/2019 09:34:00;197;MANDADO EXPEDIDO CITACAO PENHORA E AVALIACAO;
2523-47.2019.4.01.3300;379486;9479;27/02/2019 11:23:37;198;MANDADO ORDENADA EXPEDICAO AGUARDANDO ATO CITACAO PENHORA E AVALIACAO;
2523-47.2019.4.01.3300;379485;9479;26/02/2019 18:23:17;153;DEVOLVIDOS C DECISAO OUTROS ESPECIFICAR;cites
2523-47.2019.4.01.3300;379484;9479;26/02/2019 12:54:03;137;CONCLUSOS PARA DESPACHO;
2523-47.2019.4.01.3300;379483;9479;07/02/2019 16:14:45;218;RECEBIDOS EM SECRETARIA;
2523-47.2019.4.01.3300;379482;9479;07/02/2019 12:19:11;2;DISTRIBUICAO AUTOMATICA;
2524-32.2019.4.01.3300;379518;9480;19/04/2022 12:40:58;256;AUTOS ENCAMINHADOS PARA ELIMINAÇÃO APÓS A DIGITALIZAÇÃO;
2524-32.2019.4.01.3300;379517;9480;28/04/2021 22:52:06;257;PROCESSO MIGRADO PARA O PJe;MIGRAÇÃO PJE
2524-32.2019.4.01.3300;379516;9480;27/04/2021 09:36:07;222;MIGRAÇÃO PJe ORDENADA;
2524-32.2019.4.01.3300;379515;9480;29/10/2019 15:42:01;210;PETICAO OFICIO DOCUMENTO JUNTADOO;
2524-32.2019.4.01.3300;379514;9480;29/10/2019 15:41:59;210;PETICAO OFICIO DOCUMENTO RECEBIDAO EM SECRETARIA;
2524-32.2019.4.01.3300;379513;9480;29/10/2019 15:41:58;218;RECEBIDOS EM SECRETARIA;
2524-32.2019.4.01.3300;379512;9480;02/10/2019 09:39:36;126;CARGA RETIRADOS ADVOGADO AUTOR;ADVGBA00030421 FRANCIMARY DE DEUS TELEFONE32411087 DATA DEVOLUÇÃO22102019
2524-32.2019.4.01.3300;379511;9480;16/09/2019 16:48:51;185;INTIMACAO NOTIFICACAO VISTA ORDENADA AUTOR OUTROS;
2524-32.2019.4.01.3300;379510;9480;16/09/2019 16:48:39;218;RECEBIDOS PELO DIRETOR SECRETARIA PARA ATO ORDINATORIO;
2524-32.2019.4.01.3300;379509;9480;12/06/2019 12:33:36;195;MANDADO DEVOLVIDO NAO CUMPRIDO CITACAO PENHORA E AVALIACAO;
2524-32.2019.4.01.3300;379508;9480;09/04/2019 09:34:04;201;MANDADO REMETIDO CENTRAL CITACAO PENHORA E AVALIACAO;
2524-32.2019.4.01.3300;379507;9480;08/04/2019 09:34:00;197;MANDADO EXPEDIDO CITACAO PENHORA E AVALIACAO;
2524-32.2019.4.01.3300;379506;9480;27/02/2019 11:23:37;198;MANDADO ORDENADA EXPEDICAO AGUARDANDO ATO CITACAO PENHORA E AVALIACAO;
2524-32.2019.4.01.3300;379505;9480;26/02/2019 18:23:17;153;DEVOLVIDOS C DECISAO OUTROS ESPECIFICAR;cites
2524-32.2019.4.01.3300;379504;9480;26/02/2019 12:54:03;137;CONCLUSOS PARA DESPACHO;
2524-32.2019.4.01.3300;379503;9480;07/02/2019 16:14:45;218;RECEBIDOS EM SECRETARIA;
2524-32.2019.4.01.3300;379502;9480;07/02/2019 12:26:24;2;DISTRIBUICAO AUTOMATICA;
2525-17.2019.4.01.3300;379537;9481;14/04/2023 20:52:16;257;PROCESSO MIGRADO PARA O PJe;MIGRAÃÃO PJE
2525-17.2019.4.01.3300;379536;9481;11/04/2023 13:03:17;222;MIGRAÇÃO PJe ORDENADA;
2525-17.2019.4.01.3300;379535;9481;29/07/2019 12:26:40;238;SUSPENSAO PROCESSO CIVEL ORDENADA NAO LOCALIZADOS BENS DEVEDOR;
2525-17.2019.4.01.3300;379534;9481;24/07/2019 11:01:23;210;PETICAO OFICIO DOCUMENTO JUNTADOO;
2525-17.2019.4.01.3300;379533;9481;24/07/2019 11:01:20;218;RECEBIDOS EM SECRETARIA;
2525-17.2019.4.01.3300;379532;9481;09/07/2019 16:07:25;126;CARGA RETIRADOS ADVOGADO AUTOR;ADVGBA00030421 FRANCIMARY DE DEUS TELEFONE32411087 DATA DEVOLUÇÃO23072019
2525-17.2019.4.01.3300;379531;9481;06/06/2019 16:32:08;185;INTIMACAO NOTIFICACAO VISTA ORDENADA AUTOR OUTROS;
2525-17.2019.4.01.3300;379530;9481;06/06/2019 15:28:18;154;DEVOLVIDOS C DESPACHO;
2525-17.2019.4.01.3300;379529;9481;06/06/2019 15:28:06;137;CONCLUSOS PARA DESPACHO;
2525-17.2019.4.01.3300;379528;9481;06/05/2019 10:54:00;210;PETICAO OFICIO DOCUMENTO JUNTADOO;
2525-17.2019.4.01.3300;379527;9481;15/03/2019 18:13:17;201;MANDADO REMETIDO CENTRAL CITACAO PENHORA E AVALIACAO;
2525-17.2019.4.01.3300;379526;9481;14/03/2019 18:13:05;197;MANDADO EXPEDIDO CITACAO PENHORA E AVALIACAO;
2525-17.2019.4.01.3300;379525;9481;14/03/2019 18:12:30;198;MANDADO ORDENADA EXPEDICAO AGUARDANDO ATO CITACAO PENHORA E AVALIACAO;
2525-17.2019.4.01.3300;379524;9481;14/03/2019 18:12:22;154;DEVOLVIDOS C DESPACHO;
2525-17.2019.4.01.3300;379523;9481;14/03/2019 18:12:14;137;CONCLUSOS PARA DESPACHO;
2525-17.2019.4.01.3300;379522;9481;07/02/2019 16:12:43;218;RECEBIDOS EM SECRETARIA;
2525-17.2019.4.01.3300;379521;9481;07/02/2019 15:11:05;223;REMETIDOS VARA PELA DISTRIBUICAO;SETUATESECLABA
2525-17.2019.4.01.3300;379520;9481;07/02/2019 15:11:00;170;INICIAL AUTUADA;
2525-17.2019.4.01.3300;379519;9481;07/02/2019 12:29:56;2;DISTRIBUICAO AUTOMATICA;
2526-02.2019.4.01.3300;379562;9482;24/10/2022 08:25:21;256;AUTOS ENCAMINHADOS PARA ELIMINAÇÃO APÓS A DIGITALIZAÇÃO;
2526-02.2019.4.01.3300;379561;9482;30/03/2021 20:45:59;257;PROCESSO MIGRADO PARA O PJe;MIGRAÇÃO PJE
2526-02.2019.4.01.3300;379560;9482;30/03/2021 19:06:14;257;PROCESSO DIGITALIZADO PJe;
2526-02.2019.4.01.3300;379559;9482;30/03/2021 19:06:06;218;RECEBIDOS DIGITALIZACAO PJe;
2526-02.2019.4.01.3300;379558;9482;10/12/2020 11:42:47;223;REMETIDOS PARA DIGITALIZACAO PJe;
2526-02.2019.4.01.3300;379557;9482;10/12/2020 11:42:40;222;MIGRAÇÃO PJe ORDENADA;
2526-02.2019.4.01.3300;379556;9482;10/12/2020 11:42:33;218;RECEBIDOS PELO DIRETOR SECRETARIA PARA ATO ORDINATORIO;
2526-02.2019.4.01.3300;379555;9482;24/10/2019 13:13:17;159;DILIGENCIA ORDENADA DEFERIDA;
2526-02.2019.4.01.3300;379554;9482;24/10/2019 13:12:57;153;DEVOLVIDOS C DECISAO OUTROS ESPECIFICAR;
2526-02.2019.4.01.3300;379553;9482;24/10/2019 13:12:37;137;CONCLUSOS PARA DECISAO;
2526-02.2019.4.01.3300;379552;9482;07/06/2019 11:55:33;210;PETICAO OFICIO DOCUMENTO JUNTADOO;
2526-02.2019.4.01.3300;379551;9482;07/06/2019 11:55:30;218;RECEBIDOS EM SECRETARIA;
2526-02.2019.4.01.3300;379550;9482;17/05/2019 13:08:29;126;CARGA RETIRADOS ADVOGADO AUTOR;ADVGBA00030421 FRANCIMARY DE DEUS TELEFONE32411087
2526-02.2019.4.01.3300;379549;9482;12/04/2019 09:20:30;185;INTIMACAO NOTIFICACAO VISTA ORDENADA AUTOR OUTROS;
2526-02.2019.4.01.3300;379548;9482;12/04/2019 09:20:18;218;RECEBIDOS PELO DIRETOR SECRETARIA PARA ATO ORDINATORIO;
2526-02.2019.4.01.3300;379547;9482;10/04/2019 09:19:52;194;MANDADO DEVOLVIDO CUMPRIDO EM PARTE CITACAO PENHORA E AVALIACAO;
2526-02.2019.4.01.3300;379546;9482;15/03/2019 18:13:17;201;MANDADO REMETIDO CENTRAL CITACAO PENHORA E AVALIACAO;
2526-02.2019.4.01.3300;379545;9482;14/03/2019 18:13:05;197;MANDADO EXPEDIDO CITACAO PENHORA E AVALIACAO;
2526-02.2019.4.01.3300;379544;9482;14/03/2019 18:12:30;198;MANDADO ORDENADA EXPEDICAO AGUARDANDO ATO CITACAO PENHORA E AVALIACAO;
2526-02.2019.4.01.3300;379543;9482;14/03/2019 18:12:22;154;DEVOLVIDOS C DESPACHO;
2526-02.2019.4.01.3300;379542;9482;14/03/2019 18:12:14;137;CONCLUSOS PARA DESPACHO;
2526-02.2019.4.01.3300;379541;9482;07/02/2019 16:12:43;218;RECEBIDOS EM SECRETARIA;
2526-02.2019.4.01.3300;379540;9482;07/02/2019 15:11:05;223;REMETIDOS VARA PELA DISTRIBUICAO;SETUATESECLABA
2526-02.2019.4.01.3300;379539;9482;07/02/2019 15:11:00;170;INICIAL AUTUADA;
2526-02.2019.4.01.3300;379538;9482;07/02/2019 12:32:58;2;DISTRIBUICAO AUTOMATICA;
2527-84.2019.4.01.3300;379589;9483;29/04/2026 15:26:07;256;GESTAO DOCUMENTAL PROCESSO ELIMINADO FISICAMENTE;PROCESSO ELIMINADO FISICAMENTE NO DIA 16042026
2527-84.2019.4.01.3300;379588;9483;05/02/2026 14:01:18;256;GESTAO DOCUMENTAL INCLUIDO EM EDITAL DE ELIMINACAO;
2527-84.2019.4.01.3300;379587;9483;28/02/2020 15:24:37;123;BAIXA ARQUIVADOS;Nº PACOTEA38 P6
2527-84.2019.4.01.3300;379586;9483;19/02/2020 17:00:02;222;REMESSA ORDENADA ARQUIVO;
2527-84.2019.4.01.3300;379585;9483;19/02/2020 16:59:57;108;ARQUIVAMENTO ORDENADO DEFERIDO;
2527-84.2019.4.01.3300;379584;9483;19/02/2020 16:45:47;243;TRANSITO EM JULGADO EM;DATA13022020
2527-84.2019.4.01.3300;379583;9483;12/02/2020 16:46:29;210;PETICAO OFICIO DOCUMENTO JUNTADOO;
2527-84.2019.4.01.3300;379582;9483;12/02/2020 16:46:27;210;PETICAO OFICIO DOCUMENTO RECEBIDAO EM SECRETARIA;
2527-84.2019.4.01.3300;379581;9483;12/02/2020 16:46:16;218;RECEBIDOS EM SECRETARIA;
2527-84.2019.4.01.3300;379580;9483;27/01/2020 09:23:23;126;CARGA RETIRADOS ADVOGADO AUTOR;ADVGBA00030421 FRANCIMARY DE DEUS TELEFONE32411087 DATA DEVOLUÇÃO10032020
2527-84.2019.4.01.3300;379579;9483;09/01/2020 13:30:11;185;INTIMACAO NOTIFICACAO VISTA ORDENADA AUTOR OUTROS;
2527-84.2019.4.01.3300;379578;9483;13/12/2019 14:09:00;156;DEVOLVIDOS C SENTENCA S EXAME DO MERITO DESISTENCIA DA ACAO HOMOLOGACAO;SENTENÇA REGISTRADA NO ECVD
2527-84.2019.4.01.3300;379577;9483;20/11/2019 16:04:07;137;CONCLUSOS PARA SENTENCA;
2527-84.2019.4.01.3300;379576;9483;07/11/2019 16:31:30;210;PETICAO OFICIO DOCUMENTO JUNTADOO;
2527-84.2019.4.01.3300;379575;9483;07/11/2019 16:31:16;210;PETICAO OFICIO DOCUMENTO RECEBIDAO EM SECRETARIA;
2527-84.2019.4.01.3300;379574;9483;07/11/2019 16:31:14;218;RECEBIDOS EM SECRETARIA;
2527-84.2019.4.01.3300;379573;9483;02/10/2019 09:39:36;126;CARGA RETIRADOS ADVOGADO AUTOR;ADVGBA00030421 FRANCIMARY DE DEUS TELEFONE32411087 DATA DEVOLUÇÃO22102019
2527-84.2019.4.01.3300;379572;9483;16/09/2019 13:58:40;185;INTIMACAO NOTIFICACAO VISTA ORDENADA AUTOR OUTROS;
2527-84.2019.4.01.3300;379571;9483;16/09/2019 13:58:26;218;RECEBIDOS PELO DIRETOR SECRETARIA PARA ATO ORDINATORIO;
2527-84.2019.4.01.3300;379570;9483;08/05/2019 15:06:34;195;MANDADO DEVOLVIDO NAO CUMPRIDO CITACAO PENHORA E AVALIACAO;
2527-84.2019.4.01.3300;379569;9483;10/04/2019 09:26:49;201;MANDADO REMETIDO CENTRAL CITACAO PENHORA E AVALIACAO;
2527-84.2019.4.01.3300;379568;9483;09/04/2019 09:26:45;197;MANDADO EXPEDIDO CITACAO PENHORA E AVALIACAO;
2527-84.2019.4.01.3300;379567;9483;27/02/2019 11:23:37;198;MANDADO ORDENADA EXPEDICAO AGUARDANDO ATO CITACAO PENHORA E AVALIACAO;
2527-84.2019.4.01.3300;379566;9483;26/02/2019 18:23:17;153;DEVOLVIDOS C DECISAO OUTROS ESPECIFICAR;cites
2527-84.2019.4.01.3300;379565;9483;26/02/2019 12:54:03;137;CONCLUSOS PARA DESPACHO;
2527-84.2019.4.01.3300;379564;9483;07/02/2019 16:14:45;218;RECEBIDOS EM SECRETARIA;
2527-84.2019.4.01.3300;379563;9483;07/02/2019 12:34:31;2;DISTRIBUICAO AUTOMATICA;
2528-69.2019.4.01.3300;379606;9484;19/04/2022 11:22:46;256;AUTOS ENCAMINHADOS PARA ELIMINAÇÃO APÓS A DIGITALIZAÇÃO;
2528-69.2019.4.01.3300;379605;9484;29/03/2021 20:55:05;257;PROCESSO MIGRADO PARA O PJe;MIGRAÇÃO PJE
2528-69.2019.4.01.3300;379604;9484;19/03/2021 09:26:34;222;MIGRAÇÃO PJe ORDENADA;
2528-69.2019.4.01.3300;379603;9484;29/10/2019 15:42:01;210;PETICAO OFICIO DOCUMENTO JUNTADOO;
2528-69.2019.4.01.3300;379602;9484;29/10/2019 15:41:59;210;PETICAO OFICIO DOCUMENTO RECEBIDAO EM SECRETARIA;
2528-69.2019.4.01.3300;379601;9484;29/10/2019 15:41:58;218;RECEBIDOS EM SECRETARIA;
2528-69.2019.4.01.3300;379600;9484;02/10/2019 09:39:36;126;CARGA RETIRADOS ADVOGADO AUTOR;ADVGBA00030421 FRANCIMARY DE DEUS TELEFONE32411087 DATA DEVOLUÇÃO22102019
2528-69.2019.4.01.3300;379599;9484;16/09/2019 16:48:51;185;INTIMACAO NOTIFICACAO VISTA ORDENADA AUTOR OUTROS;
2528-69.2019.4.01.3300;379598;9484;16/09/2019 16:48:39;218;RECEBIDOS PELO DIRETOR SECRETARIA PARA ATO ORDINATORIO;
2528-69.2019.4.01.3300;379597;9484;11/06/2019 16:09:25;195;MANDADO DEVOLVIDO NAO CUMPRIDO CITACAO PENHORA E AVALIACAO;
2528-69.2019.4.01.3300;379596;9484;09/04/2019 09:34:04;201;MANDADO REMETIDO CENTRAL CITACAO PENHORA E AVALIACAO;
2528-69.2019.4.01.3300;379595;9484;08/04/2019 09:34:00;197;MANDADO EXPEDIDO CITACAO PENHORA E AVALIACAO;
2528-69.2019.4.01.3300;379594;9484;27/02/2019 11:23:37;198;MANDADO ORDENADA EXPEDICAO AGUARDANDO ATO CITACAO PENHORA E AVALIACAO;
2528-69.2019.4.01.3300;379593;9484;26/02/2019 18:23:17;153;DEVOLVIDOS C DECISAO OUTROS ESPECIFICAR;cites
2528-69.2019.4.01.3300;379592;9484;26/02/2019 12:54:03;137;CONCLUSOS PARA DESPACHO;
2528-69.2019.4.01.3300;379591;9484;07/02/2019 16:14:45;218;RECEBIDOS EM SECRETARIA;
2528-69.2019.4.01.3300;379590;9484;07/02/2019 12:38:48;2;DISTRIBUICAO AUTOMATICA;
2529-54.2019.4.01.3300;379637;9485;01/10/2026 11:21:18;256;GESTAO DOCUMENTAL PROCESSO ELIMINADO FISICAMENTE;PROCESSO ELIMINADO FICAMENTE NO DIA 23082026
2529-54.2019.4.01.3300;379636;9485;01/10/2026 11:21:18;256;GESTAO DOCUMENTAL PROCESSO ELIMINADO FISICAMENTE;PROCESSO ELIMINADO FICAMENTE NO DIA 23082026
2529-54.2019.4.01.3300;379635;9485;16/06/2026 11:43:17;256;GESTAO DOCUMENTAL INCLUIDO EM EDITAL DE ELIMINACAO;
2529-54.2019.4.01.3300;379634;9485;04/12/2020 15:59:49;123;BAIXA ARQUIVADOS;
2529-54.2019.4.01.3300;379633;9485;31/08/2020 11:33:26;210;PETICAO OFICIO DOCUMENTO JUNTADOO;2ª
2529-54.2019.4.01.3300;379632;9485;22/07/2020 11:35:39;210;PETICAO OFICIO DOCUMENTO JUNTADOO;
2529-54.2019.4.01.3300;379631;9485;22/07/2020 11:35:35;218;RECEBIDOS PELO DIRETOR SECRETARIA PARA ATO ORDINATORIO;
2529-54.2019.4.01.3300;379630;9485;16/07/2020 12:40:36;218;RECEBIDOS EM SECRETARIA;
2529-54.2019.4.01.3300;379629;9485;05/03/2020 09:58:43;126;CARGA RETIRADOS ADVOGADO AUTOR;ADVGBA00056884 LARISSA SANTOS LEITE ALVES TELEFONE986273387
2529-54.2019.4.01.3300;379628;9485;31/01/2020 15:57:50;185;INTIMACAO NOTIFICACAO VISTA ORDENADA AUTOR OUTROS;
2529-54.2019.4.01.3300;379627;9485;31/01/2020 15:55:35;155;DEVOLVIDOS C SENTENCA C EXAME DO MERITO EXTINTA EXECUCAO;
2529-54.2019.4.01.3300;379626;9485;09/01/2020 15:41:14;137;CONCLUSOS PARA SENTENCA;GABEXTINÇÃO
2529-54.2019.4.01.3300;379625;9485;09/01/2020 15:21:59;210;PETICAO OFICIO DOCUMENTO JUNTADOO;JUNTADA PETIÇÃO DO COREBA
2529-54.2019.4.01.3300;379624;9485;19/11/2019 15:19:19;238;SUSPENSAO PROCESSO CIVEL ORDENADA CONVENCAO DAS PARTES;PARCELAMENTO
2529-54.2019.4.01.3300;379623;9485;14/11/2019 14:04:00;154;DEVOLVIDOS C DESPACHO;
2529-54.2019.4.01.3300;379622;9485;05/11/2019 14:19:45;137;CONCLUSOS PARA DESPACHO;
2529-54.2019.4.01.3300;379621;9485;28/10/2019 11:53:09;210;PETICAO OFICIO DOCUMENTO JUNTADOO;
2529-54.2019.4.01.3300;379620;9485;28/10/2019 11:53:06;218;RECEBIDOS PELO DIRETOR SECRETARIA PARA ATO ORDINATORIO;
2529-54.2019.4.01.3300;379619;9485;01/07/2019 13:37:30;159;DILIGENCIA ORDENADA DEFERIDA;
2529-54.2019.4.01.3300;379618;9485;01/07/2019 13:37:26;218;RECEBIDOS PELO DIRETOR SECRETARIA PARA ATO ORDINATORIO;
2529-54.2019.4.01.3300;379617;9485;01/07/2019 13:37:24;195;MANDADO DEVOLVIDO NAO CUMPRIDO CITACAO PENHORA E AVALIACAO;
2529-54.2019.4.01.3300;379616;9485;11/04/2019 08:49:12;201;MANDADO REMETIDO CENTRAL CITACAO PENHORA E AVALIACAO;
2529-54.2019.4.01.3300;379615;9485;04/04/2019 11:19:17;197;MANDADO EXPEDIDO CITACAO PENHORA E AVALIACAO;
2529-54.2019.4.01.3300;379614;9485;28/02/2019 11:53:24;198;MANDADO ORDENADA EXPEDICAO AGUARDANDO ATO CITACAO PENHORA E AVALIACAO;
2529-54.2019.4.01.3300;379613;9485;28/02/2019 08:11:41;136;CITACAO ORDENADA;
2529-54.2019.4.01.3300;379612;9485;27/02/2019 19:37:34;153;DEVOLVIDOS C DECISAO OUTROS ESPECIFICAR;
2529-54.2019.4.01.3300;379611;9485;27/02/2019 10:18:30;137;CONCLUSOS PARA DECISAO;
2529-54.2019.4.01.3300;379610;9485;22/02/2019 15:00:00;159;DILIGENCIA ORDENADA DEFERIDA;CONCLUIR AO MM JUIZ
2529-54.2019.4.01.3300;379609;9485;13/02/2019 17:09:17;140;CUSTAS RECOLHIMENTO REALIZADO COMPROVADO;
2529-54.2019.4.01.3300;379608;9485;07/02/2019 16:17:33;218;RECEBIDOS EM SECRETARIA;
2529-54.2019.4.01.3300;379607;9485;07/02/2019 12:42:34;2;DISTRIBUICAO AUTOMATICA;
2530-39.2019.4.01.3300;379662;9486;31/03/2022 09:16:11;256;AUTOS ENCAMINHADOS PARA ELIMINAÇÃO APÓS A DIGITALIZAÇÃO;
2530-39.2019.4.01.3300;379661;9486;18/02/2021 17:45:56;257;PROCESSO MIGRADO PARA O PJe;MIGRAÇÃO PJE
2530-39.2019.4.01.3300;379660;9486;18/02/2021 14:29:32;257;PROCESSO DIGITALIZADO PJe;
2530-39.2019.4.01.3300;379659;9486;18/02/2021 14:29:28;218;RECEBIDOS DIGITALIZACAO PJe;
2530-39.2019.4.01.3300;379658;9486;20/11/2020 15:12:34;223;REMETIDOS PARA DIGITALIZACAO PJe;
2530-39.2019.4.01.3300;379657;9486;20/11/2020 15:12:26;222;MIGRAÇÃO PJe ORDENADA;
2530-39.2019.4.01.3300;379656;9486;19/11/2020 15:12:11;218;RECEBIDOS PELO DIRETOR SECRETARIA PARA ATO ORDINATORIO;
2530-39.2019.4.01.3300;379655;9486;09/03/2020 13:18:28;185;INTIMACAO NOTIFICACAO VISTA ORDENADA AUTOR OUTROS;
2530-39.2019.4.01.3300;379654;9486;05/03/2020 09:04:22;154;DEVOLVIDOS C DESPACHO;
2530-39.2019.4.01.3300;379653;9486;02/03/2020 08:54:36;137;CONCLUSOS PARA DESPACHO;
2530-39.2019.4.01.3300;379652;9486;19/09/2019 14:51:05;134;CITACAO PELO CORREIO DEVOLVIDO AR ENTREGA EFETIVADA;
2530-39.2019.4.01.3300;379651;9486;07/08/2019 15:16:12;183;INTIMACAO NOTIFICACAO PELO CORREIO CARTA EXPEDIDA;
2530-39.2019.4.01.3300;379650;9486;11/06/2019 14:22:10;183;INTIMACAO NOTIFICACAO PELO CORREIO AGUARDANDO EXPEDICAO CARTA;
2530-39.2019.4.01.3300;379649;9486;11/06/2019 14:21:55;218;RECEBIDOS PELO DIRETOR SECRETARIA PARA ATO ORDINATORIO;
2530-39.2019.4.01.3300;379648;9486;03/05/2019 14:13:24;132;CITACAO PELA IMPRENSA ORDENADA PUBLICACAO EDITAL;
2530-39.2019.4.01.3300;379647;9486;02/05/2019 14:10:28;195;MANDADO DEVOLVIDO NAO CUMPRIDO CITACAO PENHORA E AVALIACAO;
2530-39.2019.4.01.3300;379646;9486;15/03/2019 18:13:17;201;MANDADO REMETIDO CENTRAL CITACAO PENHORA E AVALIACAO;
2530-39.2019.4.01.3300;379645;9486;14/03/2019 18:13:05;197;MANDADO EXPEDIDO CITACAO PENHORA E AVALIACAO;
2530-39.2019.4.01.3300;379644;9486;14/03/2019 18:12:30;198;MANDADO ORDENADA EXPEDICAO AGUARDANDO ATO CITACAO PENHORA E AVALIACAO;
2530-39.2019.4.01.3300;379643;9486;14/03/2019 18:12:22;154;DEVOLVIDOS C DESPACHO;
2530-39.2019.4.01.3300;379642;9486;14/03/2019 18:12:14;137;CONCLUSOS PARA DESPACHO;
2530-39.2019.4.01.3300;379641;9486;07/02/2019 16:12:43;218;RECEBIDOS EM SECRETARIA;
2530-39.2019.4.01.3300;379640;9486;07/02/2019 15:11:05;223;REMETIDOS VARA PELA DISTRIBUICAO;SETUATESECLABA
2530-39.2019.4.01.3300;379639;9486;07/02/2019 15:11:00;170;INICIAL AUTUADA;
2530-39.2019.4.01.3300;379638;9486;07/02/2019 12:46:21;2;DISTRIBUICAO AUTOMATICA;
2531-24.2019.4.01.3300;379685;9487;06/07/2020 07:24:56;257;PROCESSO MIGRADO PARA O PJe;MIGRAÇÃO PJE
2531-24.2019.4.01.3300;379684;9487;19/01/2020 03:03:48;222;MIGRAÇÃO PJe ORDENADA;MIGRAÇÃO PJE REMESSSA AUTOMÁTICA TRF1 CONFORME SEI 00015531220194018000
2531-24.2019.4.01.3300;379683;9487;22/11/2019 14:55:19;223;REMETIDOS TRF S BAIXA;
2531-24.2019.4.01.3300;379682;9487;21/11/2019 14:44:46;222;REMESSA ORDENADA TRF;
2531-24.2019.4.01.3300;379681;9487;21/11/2019 14:44:36;154;DEVOLVIDOS C DESPACHO;
2531-24.2019.4.01.3300;379680;9487;21/11/2019 14:44:25;137;CONCLUSOS PARA DESPACHO;
2531-24.2019.4.01.3300;379679;9487;26/08/2019 15:40:04;220;RECURSO APELACAO INTERPOSTA AUTOR;
2531-24.2019.4.01.3300;379678;9487;26/08/2019 15:40:00;218;RECEBIDOS EM SECRETARIA;
2531-24.2019.4.01.3300;379677;9487;07/08/2019 11:22:36;126;CARGA RETIRADOS ADVOGADO AUTOR;ADVGBA00030421 FRANCIMARY DE DEUS TELEFONE32411087 DATA DEVOLUÇÃO19092019
2531-24.2019.4.01.3300;379676;9487;23/07/2019 13:05:06;185;INTIMACAO NOTIFICACAO VISTA ORDENADA AUTOR OUTROS;
2531-24.2019.4.01.3300;379675;9487;22/07/2019 19:00:00;156;DEVOLVIDOS C SENTENCA S EXAME DO MERITO FALTA DE PRESSUPOSTOS PROCESSUAIS;
2531-24.2019.4.01.3300;379674;9487;08/07/2019 19:00:14;137;CONCLUSOS PARA DECISAO;
2531-24.2019.4.01.3300;379673;9487;08/07/2019 19:00:11;210;PETICAO OFICIO DOCUMENTO JUNTADOO;2ª
2531-24.2019.4.01.3300;379672;9487;29/05/2019 17:07:33;210;PETICAO OFICIO DOCUMENTO JUNTADOO;
2531-24.2019.4.01.3300;379671;9487;29/05/2019 17:07:31;218;RECEBIDOS EM SECRETARIA;
2531-24.2019.4.01.3300;379670;9487;08/05/2019 09:33:54;126;CARGA RETIRADOS ADVOGADO AUTOR;ADVGBA00030421 FRANCIMARY DE DEUS TELEFONE32411087 DATA DEVOLUÇÃO29052019
2531-24.2019.4.01.3300;379669;9487;14/03/2019 16:09:52;185;INTIMACAO NOTIFICACAO VISTA ORDENADA AUTOR OUTROS;
2531-24.2019.4.01.3300;379668;9487;07/03/2019 18:56:10;154;DEVOLVIDOS C DESPACHO;DEVOLVIDOS 28022019
2531-24.2019.4.01.3300;379667;9487;07/03/2019 13:40:05;137;CONCLUSOS PARA DESPACHO;CONCLUSO em 28022019
2531-24.2019.4.01.3300;379666;9487;07/02/2019 16:38:40;218;RECEBIDOS EM SECRETARIA;
2531-24.2019.4.01.3300;379665;9487;07/02/2019 15:26:45;223;REMETIDOS VARA PELA DISTRIBUICAO;SETAUTESECLABA
2531-24.2019.4.01.3300;379664;9487;07/02/2019 15:26:40;170;INICIAL AUTUADA;
2531-24.2019.4.01.3300;379663;9487;07/02/2019 12:50:12;2;DISTRIBUICAO AUTOMATICA;
2532-09.2019.4.01.3300;379706;9488;30/01/2021 21:10:01;257;PROCESSO MIGRADO PARA O PJe;MIGRAÇÃO PJE
2532-09.2019.4.01.3300;379705;9488;30/01/2021 20:45:07;222;MIGRAÇÃO PJe ORDENADA;
2532-09.2019.4.01.3300;379704;9488;16/06/2020 11:18:07;159;DILIGENCIA ORDENADA DEFERIDA;
2532-09.2019.4.01.3300;379703;9488;16/06/2020 11:16:24;210;PETICAO OFICIO DOCUMENTO JUNTADOO;
2532-09.2019.4.01.3300;379702;9488;16/06/2020 11:16:18;218;RECEBIDOS PELO DIRETOR SECRETARIA PARA ATO ORDINATORIO;
2532-09.2019.4.01.3300;379701;9488;16/03/2020 09:24:22;218;RECEBIDOS EM SECRETARIA;
2532-09.2019.4.01.3300;379700;9488;19/02/2020 10:36:22;126;CARGA RETIRADOS ADVOGADO AUTOR;ADVGBA00056884 LARISSA SANTOS LEITE ALVES TELEFONE986273387
2532-09.2019.4.01.3300;379699;9488;22/10/2019 16:27:32;185;INTIMACAO NOTIFICACAO VISTA ORDENADA AUTOR OUTROS;
2532-09.2019.4.01.3300;379698;9488;17/07/2019 14:47:58;159;DILIGENCIA ORDENADA DEFERIDA;
2532-09.2019.4.01.3300;379697;9488;17/07/2019 14:47:55;218;RECEBIDOS PELO DIRETOR SECRETARIA PARA ATO ORDINATORIO;
2532-09.2019.4.01.3300;379696;9488;17/07/2019 14:47:53;195;MANDADO DEVOLVIDO NAO CUMPRIDO CITACAO PENHORA E AVALIACAO;
2532-09.2019.4.01.3300;379695;9488;11/04/2019 11:46:36;201;MANDADO REMETIDO CENTRAL CITACAO PENHORA E AVALIACAO;
2532-09.2019.4.01.3300;379694;9488;10/04/2019 08:55:59;197;MANDADO EXPEDIDO CITACAO PENHORA E AVALIACAO;
2532-09.2019.4.01.3300;379693;9488;28/02/2019 11:53:24;198;MANDADO ORDENADA EXPEDICAO AGUARDANDO ATO CITACAO PENHORA E AVALIACAO;
2532-09.2019.4.01.3300;379692;9488;28/02/2019 08:11:41;136;CITACAO ORDENADA;
2532-09.2019.4.01.3300;379691;9488;27/02/2019 19:37:34;153;DEVOLVIDOS C DECISAO OUTROS ESPECIFICAR;
2532-09.2019.4.01.3300;379690;9488;27/02/2019 10:18:30;137;CONCLUSOS PARA DECISAO;
2532-09.2019.4.01.3300;379689;9488;22/02/2019 15:00:00;159;DILIGENCIA ORDENADA DEFERIDA;CONCLUIR AO MM JUIZ
2532-09.2019.4.01.3300;379688;9488;13/02/2019 17:02:15;140;CUSTAS RECOLHIMENTO REALIZADO COMPROVADO;
2532-09.2019.4.01.3300;379687;9488;07/02/2019 16:17:33;218;RECEBIDOS EM SECRETARIA;
2532-09.2019.4.01.3300;379686;9488;07/02/2019 12:53:23;2;DISTRIBUICAO AUTOMATICA;
18141-32.2019.4.01.3300;379728;9489;24/10/2022 11:32:12;256;AUTOS ENCAMINHADOS PARA ELIMINAÇÃO APÓS A DIGITALIZAÇÃO;
18141-32.2019.4.01.3300;379727;9489;29/03/2021 23:24:59;257;PROCESSO MIGRADO PARA O PJe;MIGRAÇÃO PJE
18141-32.2019.4.01.3300;379726;9489;29/03/2021 16:34:21;257;PROCESSO DIGITALIZADO PJe;
18141-32.2019.4.01.3300;379725;9489;29/03/2021 16:34:17;218;RECEBIDOS DIGITALIZACAO PJe;
18141-32.2019.4.01.3300;379724;9489;09/02/2021 13:29:52;223;REMETIDOS PARA DIGITALIZACAO PJe;
18141-32.2019.4.01.3300;379723;9489;09/02/2021 13:29:45;222;MIGRAÇÃO PJe ORDENADA;
18141-32.2019.4.01.3300;379722;9489;17/03/2020 08:50:59;132;CITACAO PELA IMPRENSA EDITAL REMETIDO PUBLICACAO;
18141-32.2019.4.01.3300;379721;9489;17/03/2020 08:50:50;132;CITACAO PELA IMPRENSA EDITAL EXPEDIDO;
18141-32.2019.4.01.3300;379720;9489;10/02/2020 17:44:07;132;CITACAO PELA IMPRENSA ORDENADA PUBLICACAO EDITAL;
18141-32.2019.4.01.3300;379719;9489;10/02/2020 16:07:54;218;RECEBIDOS PELO DIRETOR SECRETARIA PARA ATO ORDINATORIO;
18141-32.2019.4.01.3300;379718;9489;29/10/2019 14:34:14;183;INTIMACAO NOTIFICACAO PELO CORREIO DEVOLVIDO AR ENTREGA FRUSTRADA;
18141-32.2019.4.01.3300;379717;9489;03/10/2019 15:13:11;134;CITACAO PELO CORREIO CARTA EXPEDIDA;
18141-32.2019.4.01.3300;379716;9489;02/10/2019 12:50:33;183;INTIMACAO NOTIFICACAO PELO CORREIO AGUARDANDO EXPEDICAO CARTA;
18141-32.2019.4.01.3300;379715;9489;02/10/2019 12:50:19;218;RECEBIDOS PELO DIRETOR SECRETARIA PARA ATO ORDINATORIO;
18141-32.2019.4.01.3300;379714;9489;24/07/2019 13:53:28;132;CITACAO PELA IMPRENSA ORDENADA PUBLICACAO EDITAL;
18141-32.2019.4.01.3300;379713;9489;23/07/2019 13:53:20;195;MANDADO DEVOLVIDO NAO CUMPRIDO CITACAO PENHORA E AVALIACAO;
18141-32.2019.4.01.3300;379712;9489;17/06/2019 12:02:59;201;MANDADO REMETIDO CENTRAL CITACAO PENHORA E AVALIACAO;
18141-32.2019.4.01.3300;379711;9489;17/06/2019 12:02:52;197;MANDADO EXPEDIDO CITACAO PENHORA E AVALIACAO;
18141-32.2019.4.01.3300;379710;9489;28/05/2019 15:45:40;218;RECEBIDOS EM SECRETARIA;
18141-32.2019.4.01.3300;379709;9489;28/05/2019 14:15:24;223;REMETIDOS VARA PELA DISTRIBUICAO;
18141-32.2019.4.01.3300;379708;9489;28/05/2019 14:15:15;170;INICIAL AUTUADA;
18141-32.2019.4.01.3300;379707;9489;23/05/2019 11:41:44;2;DISTRIBUICAO AUTOMATICA;
